split,fold,family,circuit_variant,family_depth_multiplier,num_qubits,circuit_seed,actual_safe_complex64,predicted_safe_probability,selected_precision,relative_scalar_difference,selected_seconds
random_5fold_descriptive,2,ghz,chain,1.0,8.0,42,True,0.8704060514858776,complex64,1.7114270947149224e-08,6.71679973602295e-05
random_5fold_descriptive,2,ghz,chain,1.0,12.0,42,True,0.8995290578533873,complex64,1.7114270947149224e-08,9.209600090980529e-05
random_5fold_descriptive,2,ghz,chain,1.0,16.0,42,True,0.9281944875206299,complex64,1.7114270947149224e-08,0.00010271999984979629
random_5fold_descriptive,3,ghz,chain,1.0,20.0,42,True,0.8719354427810693,complex64,1.7114270947149224e-08,0.0001236800029873848
random_5fold_descriptive,0,hea,layers_4,1.0,8.0,42,False,0.7356667549954743,complex128,8.823523001129403e-07,0.0006142399907112121
random_5fold_descriptive,3,hea,layers_4,1.0,12.0,42,True,0.6395452407186494,complex128,2.575715153812633e-07,0.0009232320189476014
random_5fold_descriptive,0,hea,layers_4,1.0,16.0,42,True,0.7665175887849633,complex128,4.6492174407904526e-07,0.0012336640357971192
random_5fold_descriptive,1,hea,layers_4,1.0,20.0,42,False,0.5189073100883457,complex128,5.950704182886217e-07,0.0015393279790878295
random_5fold_descriptive,0,qaoa_cycle,p_3,1.0,8.0,42,False,0.3446864147308728,complex128,7.173722014020719e-07,0.00047702398896217347
random_5fold_descriptive,3,qaoa_cycle,p_3,1.0,12.0,42,False,0.1435834508226462,complex128,8.408117964061954e-07,0.0007097600102424622
random_5fold_descriptive,1,qaoa_cycle,p_3,1.0,16.0,42,False,0.06192931912551245,complex128,1.9356137762569014e-06,0.0009418879747390747
random_5fold_descriptive,3,qaoa_cycle,p_3,1.0,20.0,42,False,0.0840619314137361,complex128,1.803382984211388e-06,0.0011763520240783692
random_5fold_descriptive,4,random_brickwork,layers_8,1.0,8.0,42,False,0.7797785771083937,complex128,5.227405517167985e-07,0.0011181440353393555
random_5fold_descriptive,0,random_brickwork,layers_8,1.0,12.0,42,True,0.2956472756526641,complex128,4.75594498931929e-08,0.0016889599561691283
random_5fold_descriptive,1,random_brickwork,layers_8,1.0,16.0,42,True,0.472358406550613,complex128,4.757080736090146e-07,0.0022582080364227297
random_5fold_descriptive,4,random_brickwork,layers_8,1.0,20.0,42,False,0.44290947838152533,complex128,9.022482436670435e-07,0.002829535961151123
random_5fold_descriptive,3,qft,full,1.0,8.0,42,True,0.6543540768344017,complex128,1.7881393366003817e-07,0.0003481279909610748
random_5fold_descriptive,1,qft,full,1.0,12.0,42,True,0.777683586127118,complex128,2.3841857810236202e-07,0.0008140159845352173
random_5fold_descriptive,1,qft,full,1.0,16.0,42,True,0.6161510713474083,complex128,4.7683715698188026e-07,0.0018152639865875245
random_5fold_descriptive,4,qft,full,1.0,20.0,42,False,0.3541933103411592,complex128,5.364418012021597e-07,0.0032275838851928713
random_5fold_descriptive,1,ghz,chain,1.0,8.0,137,True,0.8815365008997381,complex64,1.7114270947149224e-08,6.71679973602295e-05
random_5fold_descriptive,1,ghz,chain,1.0,12.0,137,True,0.9267247633053068,complex64,1.7114270947149224e-08,9.139200299978256e-05
random_5fold_descriptive,1,ghz,chain,1.0,16.0,137,True,0.9563387258632521,complex64,1.7114270947149224e-08,0.00010592000186443329
random_5fold_descriptive,4,ghz,chain,1.0,20.0,137,True,0.9269021480704552,complex64,1.7114270947149224e-08,0.00012479999661445617
random_5fold_descriptive,4,hea,layers_4,1.0,8.0,137,False,0.634958148078131,complex128,8.823523001129403e-07,0.0006163520216941834
random_5fold_descriptive,1,hea,layers_8,2.0,8.0,137,True,0.5283205517920929,complex128,1.6421825716612714e-07,0.00112009596824646
random_5fold_descriptive,4,hea,layers_4,1.0,12.0,137,True,0.6935380747102705,complex128,2.575715153812633e-07,0.0009213759899139404
random_5fold_descriptive,0,hea,layers_8,2.0,12.0,137,True,0.22230932523618083,complex128,1.9927706687431299e-07,0.0016902400255203248
random_5fold_descriptive,3,hea,layers_4,1.0,16.0,137,True,0.5921402928099103,complex128,4.6492174407904526e-07,0.0012305279970169067
random_5fold_descriptive,2,hea,layers_8,2.0,16.0,137,False,0.7068955050447152,complex128,2.245021552519519e-06,0.0022601919174194338
random_5fold_descriptive,4,hea,layers_4,1.0,20.0,137,False,0.4290157751748581,complex128,5.950704182886217e-07,0.0015386879444122315
random_5fold_descriptive,0,hea,layers_8,2.0,20.0,137,False,0.22730548237617573,complex128,1.0827239347305403e-06,0.002834239959716797
random_5fold_descriptive,2,qaoa_cycle,p_3,1.0,8.0,137,False,0.2838297005273524,complex128,7.173722014020719e-07,0.0004761280119419098
random_5fold_descriptive,2,qaoa_cycle,p_6,2.0,8.0,137,False,0.20555017203444462,complex128,1.5231552792273152e-06,0.0010206400156021118
random_5fold_descriptive,3,qaoa_cycle,p_3,1.0,12.0,137,False,0.09442870676701508,complex128,8.408117964061954e-07,0.0007109439969062805
random_5fold_descriptive,2,qaoa_cycle,p_6,2.0,12.0,137,False,0.1763977064875655,complex128,5.4712603836075145e-06,0.0018416320085525512
random_5fold_descriptive,2,qaoa_cycle,p_3,1.0,16.0,137,False,0.058694115418509246,complex128,1.9356137762569014e-06,0.0009439359903335572
random_5fold_descriptive,2,qaoa_cycle,p_6,2.0,16.0,137,False,0.139794322695748,complex128,8.635493020647486e-07,0.001991104006767273
random_5fold_descriptive,4,qaoa_cycle,p_3,1.0,20.0,137,False,0.02731589421557587,complex128,1.803382984211388e-06,0.001176416039466858
random_5fold_descriptive,0,qaoa_cycle,p_6,2.0,20.0,137,False,0.03461090131478372,complex128,4.7501859576787695e-06,0.0028339519500732422
random_5fold_descriptive,0,random_brickwork,layers_8,1.0,8.0,137,True,0.40498104560693116,complex128,2.557836323096331e-07,0.00111900794506073
random_5fold_descriptive,4,random_brickwork,layers_16,2.0,8.0,137,False,0.21961172396970086,complex128,7.526991404183562e-07,0.0022095038890838623
random_5fold_descriptive,3,random_brickwork,layers_8,1.0,12.0,137,False,0.76015754525194,complex128,7.468451428519191e-07,0.0016902079582214356
random_5fold_descriptive,3,random_brickwork,layers_16,2.0,12.0,137,False,0.14474120710452473,complex128,5.271669700280333e-07,0.0038290879726409913
random_5fold_descriptive,0,random_brickwork,layers_8,1.0,16.0,137,True,0.29693566498773755,complex128,4.3774365733636454e-07,0.0022585279941558837
random_5fold_descriptive,1,random_brickwork,layers_16,2.0,16.0,137,False,0.0607135808416778,complex128,7.420944371737088e-07,0.005210400104522705
random_5fold_descriptive,0,random_brickwork,layers_8,1.0,20.0,137,False,0.22671178809352313,complex128,5.257737385137403e-07,0.0028286080360412596
random_5fold_descriptive,4,random_brickwork,layers_16,2.0,20.0,137,False,0.062373097164692706,complex128,1.3716867959538017e-06,0.00672495985031128
random_5fold_descriptive,3,qft,full,1.0,8.0,137,True,0.6682572214806984,complex128,1.7881393366003817e-07,0.00034915199875831603
random_5fold_descriptive,0,qft,full,1.0,12.0,137,True,0.7613255235721224,complex128,2.3841857810236202e-07,0.0008139839768409729
random_5fold_descriptive,2,qft,full,1.0,16.0,137,True,0.636444070156525,complex128,4.7683715698188026e-07,0.0018170239925384521
random_5fold_descriptive,1,qft,full,1.0,20.0,137,False,0.35844461657903937,complex128,5.364418012021597e-07,0.003225759983062744
family_held_out,0,ghz,chain,1.0,8.0,42,True,0.4580081878935021,complex128,1.7114270947149224e-08,0.00016655999422073364
family_held_out,0,ghz,chain,1.0,12.0,42,True,0.5443730631493147,complex128,1.7114270947149224e-08,0.00024262399971485137
family_held_out,0,ghz,chain,1.0,16.0,42,True,0.5544120341351245,complex128,1.7114270947149224e-08,0.0003187839984893799
family_held_out,0,ghz,chain,1.0,20.0,42,True,0.3840129756894124,complex128,1.7114270947149224e-08,0.00039686399698257447
family_held_out,1,hea,layers_4,1.0,8.0,42,False,0.8708875349007293,complex64,8.823523001129403e-07,0.00018665599822998048
family_held_out,1,hea,layers_4,1.0,12.0,42,True,0.8093150606014897,complex64,2.575715153812633e-07,0.00027452799677848814
family_held_out,1,hea,layers_4,1.0,16.0,42,True,0.7753963684273246,complex128,4.6492174407904526e-07,0.0012336640357971192
family_held_out,1,hea,layers_4,1.0,20.0,42,False,0.6096592391201612,complex128,5.950704182886217e-07,0.0015393279790878295
family_held_out,2,qaoa_cycle,p_3,1.0,8.0,42,False,0.7561956514339014,complex128,7.173722014020719e-07,0.00047702398896217347
family_held_out,2,qaoa_cycle,p_3,1.0,12.0,42,False,0.6587717418811218,complex128,8.408117964061954e-07,0.0007097600102424622
family_held_out,2,qaoa_cycle,p_3,1.0,16.0,42,False,0.6668847857000479,complex128,1.9356137762569014e-06,0.0009418879747390747
family_held_out,2,qaoa_cycle,p_3,1.0,20.0,42,False,0.5385332759565944,complex128,1.803382984211388e-06,0.0011763520240783692
family_held_out,4,random_brickwork,layers_8,1.0,8.0,42,False,0.6809165521978022,complex128,5.227405517167985e-07,0.0011181440353393555
family_held_out,4,random_brickwork,layers_8,1.0,12.0,42,True,0.545835789210789,complex128,4.75594498931929e-08,0.0016889599561691283
family_held_out,4,random_brickwork,layers_8,1.0,16.0,42,True,0.4708774558774557,complex128,4.757080736090146e-07,0.0022582080364227297
family_held_out,4,random_brickwork,layers_8,1.0,20.0,42,False,0.3282713050838052,complex128,9.022482436670435e-07,0.002829535961151123
family_held_out,3,qft,full,1.0,8.0,42,True,0.5406191627653184,complex128,1.7881393366003817e-07,0.0003481279909610748
family_held_out,3,qft,full,1.0,12.0,42,True,0.3295143901450963,complex128,2.3841857810236202e-07,0.0008140159845352173
family_held_out,3,qft,full,1.0,16.0,42,True,0.16541761051775292,complex128,4.7683715698188026e-07,0.0018152639865875245
family_held_out,3,qft,full,1.0,20.0,42,False,0.08466470418203288,complex128,5.364418012021597e-07,0.0032275838851928713
family_held_out,0,ghz,chain,1.0,8.0,137,True,0.4655710258973738,complex128,1.7114270947149224e-08,0.0001656000018119812
family_held_out,0,ghz,chain,1.0,12.0,137,True,0.5519359011531865,complex128,1.7114270947149224e-08,0.00024355199933052062
family_held_out,0,ghz,chain,1.0,16.0,137,True,0.5634395186036427,complex128,1.7114270947149224e-08,0.00031894400715827944
family_held_out,0,ghz,chain,1.0,20.0,137,True,0.3921060497407614,complex128,1.7114270947149224e-08,0.0003969919979572296
family_held_out,1,hea,layers_4,1.0,8.0,137,False,0.8124496206825051,complex64,8.823523001129403e-07,0.0001865919977426529
family_held_out,1,hea,layers_8,2.0,8.0,137,True,0.4747922059956052,complex128,1.6421825716612714e-07,0.00112009596824646
family_held_out,1,hea,layers_4,1.0,12.0,137,True,0.7488117309960088,complex128,2.575715153812633e-07,0.0009213759899139404
family_held_out,1,hea,layers_8,2.0,12.0,137,True,0.4651157695807699,complex128,1.9927706687431299e-07,0.0016902400255203248
family_held_out,1,hea,layers_4,1.0,16.0,137,True,0.7191933531444792,complex128,4.6492174407904526e-07,0.0012305279970169067
family_held_out,1,hea,layers_8,2.0,16.0,137,False,0.5487343544433834,complex128,2.245021552519519e-06,0.0022601919174194338
family_held_out,1,hea,layers_4,1.0,20.0,137,False,0.5587495032883151,complex128,5.950704182886217e-07,0.0015386879444122315
family_held_out,1,hea,layers_8,2.0,20.0,137,False,0.29822394568423927,complex128,1.0827239347305403e-06,0.002834239959716797
family_held_out,2,qaoa_cycle,p_3,1.0,8.0,137,False,0.7424849454731952,complex128,7.173722014020719e-07,0.0004761280119419098
family_held_out,2,qaoa_cycle,p_6,2.0,8.0,137,False,0.5362874160933904,complex128,1.5231552792273152e-06,0.0010206400156021118
family_held_out,2,qaoa_cycle,p_3,1.0,12.0,137,False,0.6181057499782875,complex128,8.408117964061954e-07,0.0007109439969062805
family_held_out,2,qaoa_cycle,p_6,2.0,12.0,137,False,0.4484710124976591,complex128,5.4712603836075145e-06,0.0018416320085525512
family_held_out,2,qaoa_cycle,p_3,1.0,16.0,137,False,0.6196049076833279,complex128,1.9356137762569014e-06,0.0009439359903335572
family_held_out,2,qaoa_cycle,p_6,2.0,16.0,137,False,0.22135604604373962,complex128,8.635493020647486e-07,0.001991104006767273
family_held_out,2,qaoa_cycle,p_3,1.0,20.0,137,False,0.5057589805925156,complex128,1.803382984211388e-06,0.001176416039466858
family_held_out,2,qaoa_cycle,p_6,2.0,20.0,137,False,0.1221687787831363,complex128,4.7501859576787695e-06,0.0028339519500732422
family_held_out,4,random_brickwork,layers_8,1.0,8.0,137,True,0.6803808379120879,complex128,2.557836323096331e-07,0.00111900794506073
family_held_out,4,random_brickwork,layers_16,2.0,8.0,137,False,0.22979473304473302,complex128,7.526991404183562e-07,0.0022095038890838623
family_held_out,4,random_brickwork,layers_8,1.0,12.0,137,False,0.5414072177822178,complex128,7.468451428519191e-07,0.0016902079582214356
family_held_out,4,random_brickwork,layers_16,2.0,12.0,137,False,0.23783044733044734,complex128,5.271669700280333e-07,0.0038290879726409913
family_held_out,4,random_brickwork,layers_8,1.0,16.0,137,True,0.43828221778221776,complex128,4.3774365733636454e-07,0.0022585279941558837
family_held_out,4,random_brickwork,layers_16,2.0,16.0,137,False,0.18858044733044732,complex128,7.420944371737088e-07,0.005210400104522705
family_held_out,4,random_brickwork,layers_8,1.0,20.0,137,False,0.3001344003219004,complex128,5.257737385137403e-07,0.0028286080360412596
family_held_out,4,random_brickwork,layers_16,2.0,20.0,137,False,0.12242072510822517,complex128,1.3716867959538017e-06,0.00672495985031128
family_held_out,3,qft,full,1.0,8.0,137,True,0.544212690503583,complex128,1.7881393366003817e-07,0.00034915199875831603
family_held_out,3,qft,full,1.0,12.0,137,True,0.32981844419915035,complex128,2.3841857810236202e-07,0.0008139839768409729
family_held_out,3,qft,full,1.0,16.0,137,True,0.165721664571807,complex128,4.7683715698188026e-07,0.0018170239925384521
family_held_out,3,qft,full,1.0,20.0,137,False,0.08614197690930561,complex128,5.364418012021597e-07,0.003225759983062744
width_held_out,0,ghz,chain,1.0,8.0,42,True,0.9971358590669734,complex64,1.7114270947149224e-08,6.71679973602295e-05
width_held_out,1,ghz,chain,1.0,12.0,42,True,0.9439167749832051,complex64,1.7114270947149224e-08,9.209600090980529e-05
width_held_out,2,ghz,chain,1.0,16.0,42,True,0.9729971357284881,complex64,1.7114270947149224e-08,0.00010271999984979629
width_held_out,3,ghz,chain,1.0,20.0,42,True,0.9769059667461595,complex64,1.7114270947149224e-08,0.0001236800029873848
width_held_out,0,hea,layers_4,1.0,8.0,42,False,0.9722888629806501,complex64,8.823523001129403e-07,0.00018665599822998048
width_held_out,1,hea,layers_4,1.0,12.0,42,True,0.5391165058819934,complex128,2.575715153812633e-07,0.0009232320189476014
width_held_out,2,hea,layers_4,1.0,16.0,42,True,0.6358390200075775,complex128,4.6492174407904526e-07,0.0012336640357971192
width_held_out,3,hea,layers_4,1.0,20.0,42,False,0.7904008925232966,complex128,5.950704182886217e-07,0.0015393279790878295
width_held_out,0,qaoa_cycle,p_3,1.0,8.0,42,False,0.548900760574782,complex128,7.173722014020719e-07,0.00047702398896217347
width_held_out,1,qaoa_cycle,p_3,1.0,12.0,42,False,0.10508540543730822,complex128,8.408117964061954e-07,0.0007097600102424622
width_held_out,2,qaoa_cycle,p_3,1.0,16.0,42,False,0.08697382446816204,complex128,1.9356137762569014e-06,0.0009418879747390747
width_held_out,3,qaoa_cycle,p_3,1.0,20.0,42,False,0.12123200892027285,complex128,1.803382984211388e-06,0.0011763520240783692
width_held_out,0,random_brickwork,layers_8,1.0,8.0,42,False,0.7220112129869187,complex128,5.227405517167985e-07,0.0011181440353393555
width_held_out,1,random_brickwork,layers_8,1.0,12.0,42,True,0.5380993562631519,complex128,4.75594498931929e-08,0.0016889599561691283
width_held_out,2,random_brickwork,layers_8,1.0,16.0,42,True,0.4362813571801005,complex128,4.757080736090146e-07,0.0022582080364227297
width_held_out,3,random_brickwork,layers_8,1.0,20.0,42,False,0.7233250857207767,complex128,9.022482436670435e-07,0.002829535961151123
width_held_out,0,qft,full,1.0,8.0,42,True,0.8335652213511596,complex64,1.7881393366003817e-07,0.0001101439967751503
width_held_out,1,qft,full,1.0,12.0,42,True,0.6512209849603005,complex128,2.3841857810236202e-07,0.0008140159845352173
width_held_out,2,qft,full,1.0,16.0,42,True,0.3425324252145566,complex128,4.7683715698188026e-07,0.0018152639865875245
width_held_out,3,qft,full,1.0,20.0,42,False,0.6506769535441205,complex128,5.364418012021597e-07,0.0032275838851928713
width_held_out,0,ghz,chain,1.0,8.0,137,True,0.9971358590669734,complex64,1.7114270947149224e-08,6.71679973602295e-05
width_held_out,1,ghz,chain,1.0,12.0,137,True,0.9470687468346124,complex64,1.7114270947149224e-08,9.139200299978256e-05
width_held_out,2,ghz,chain,1.0,16.0,137,True,0.9741229946190529,complex64,1.7114270947149224e-08,0.00010592000186443329
width_held_out,3,ghz,chain,1.0,20.0,137,True,0.9764371691814715,complex64,1.7114270947149224e-08,0.00012479999661445617
width_held_out,0,hea,layers_4,1.0,8.0,137,False,0.9328648918792973,complex64,8.823523001129403e-07,0.0001865919977426529
width_held_out,0,hea,layers_8,2.0,8.0,137,True,0.5801485927230855,complex128,1.6421825716612714e-07,0.00112009596824646
width_held_out,1,hea,layers_4,1.0,12.0,137,True,0.526337007661888,complex128,2.575715153812633e-07,0.0009213759899139404
width_held_out,1,hea,layers_8,2.0,12.0,137,True,0.39330350323191365,complex128,1.9927706687431299e-07,0.0016902400255203248
width_held_out,2,hea,layers_4,1.0,16.0,137,True,0.6345758495238275,complex128,4.6492174407904526e-07,0.0012305279970169067
width_held_out,2,hea,layers_8,2.0,16.0,137,False,0.5772015760763185,complex128,2.245021552519519e-06,0.0022601919174194338
width_held_out,3,hea,layers_4,1.0,20.0,137,False,0.755766114153182,complex128,5.950704182886217e-07,0.0015386879444122315
width_held_out,3,hea,layers_8,2.0,20.0,137,False,0.523201671987371,complex128,1.0827239347305403e-06,0.002834239959716797
width_held_out,0,qaoa_cycle,p_3,1.0,8.0,137,False,0.505770160402157,complex128,7.173722014020719e-07,0.0004761280119419098
width_held_out,0,qaoa_cycle,p_6,2.0,8.0,137,False,0.1559734732953635,complex128,1.5231552792273152e-06,0.0010206400156021118
width_held_out,1,qaoa_cycle,p_3,1.0,12.0,137,False,0.09036348210854178,complex128,8.408117964061954e-07,0.0007109439969062805
width_held_out,1,qaoa_cycle,p_6,2.0,12.0,137,False,0.09301941945954752,complex128,5.4712603836075145e-06,0.0018416320085525512
width_held_out,2,qaoa_cycle,p_3,1.0,16.0,137,False,0.06934829111041091,complex128,1.9356137762569014e-06,0.0009439359903335572
width_held_out,2,qaoa_cycle,p_6,2.0,16.0,137,False,0.041720327916097526,complex128,8.635493020647486e-07,0.001991104006767273
width_held_out,3,qaoa_cycle,p_3,1.0,20.0,137,False,0.09233584513075216,complex128,1.803382984211388e-06,0.001176416039466858
width_held_out,3,qaoa_cycle,p_6,2.0,20.0,137,False,0.09355625021766194,complex128,4.7501859576787695e-06,0.0028339519500732422
width_held_out,0,random_brickwork,layers_8,1.0,8.0,137,True,0.6096907009422029,complex128,2.557836323096331e-07,0.00111900794506073
width_held_out,0,random_brickwork,layers_16,2.0,8.0,137,False,0.19936040288885745,complex128,7.526991404183562e-07,0.0022095038890838623
width_held_out,1,random_brickwork,layers_8,1.0,12.0,137,False,0.5484610036288761,complex128,7.468451428519191e-07,0.0016902079582214356
width_held_out,1,random_brickwork,layers_16,2.0,12.0,137,False,0.11709392586517446,complex128,5.271669700280333e-07,0.0038290879726409913
width_held_out,2,random_brickwork,layers_8,1.0,16.0,137,True,0.41323664570856805,complex128,4.3774365733636454e-07,0.0022585279941558837
width_held_out,2,random_brickwork,layers_16,2.0,16.0,137,False,0.054055441693158304,complex128,7.420944371737088e-07,0.005210400104522705
width_held_out,3,random_brickwork,layers_8,1.0,20.0,137,False,0.6160718787842049,complex128,5.257737385137403e-07,0.0028286080360412596
width_held_out,3,random_brickwork,layers_16,2.0,20.0,137,False,0.1097418307676274,complex128,1.3716867959538017e-06,0.00672495985031128
width_held_out,0,qft,full,1.0,8.0,137,True,0.8359872145626264,complex64,1.7881393366003817e-07,0.00011343999952077865
width_held_out,1,qft,full,1.0,12.0,137,True,0.6472032158393507,complex128,2.3841857810236202e-07,0.0008139839768409729
width_held_out,2,qft,full,1.0,16.0,137,True,0.33726243599404687,complex128,4.7683715698188026e-07,0.0018170239925384521
width_held_out,3,qft,full,1.0,20.0,137,False,0.6574257376479344,complex128,5.364418012021597e-07,0.003225759983062744
circuit_group_5fold,3,ghz,chain,1.0,8.0,42,True,0.8917948882781346,complex64,1.7114270947149224e-08,6.71679973602295e-05
circuit_group_5fold,1,ghz,chain,1.0,12.0,42,True,0.992968752075923,complex64,1.7114270947149224e-08,9.209600090980529e-05
circuit_group_5fold,0,ghz,chain,1.0,16.0,42,True,0.9499049661905336,complex64,1.7114270947149224e-08,0.00010271999984979629
circuit_group_5fold,4,ghz,chain,1.0,20.0,42,True,0.7786943849072958,complex128,1.7114270947149224e-08,0.00039686399698257447
circuit_group_5fold,1,hea,layers_4,1.0,8.0,42,False,0.9259291157102715,complex64,8.823523001129403e-07,0.00018665599822998048
circuit_group_5fold,3,hea,layers_4,1.0,12.0,42,True,0.5794314426126236,complex128,2.575715153812633e-07,0.0009232320189476014
circuit_group_5fold,4,hea,layers_4,1.0,16.0,42,True,0.6443901231022151,complex128,4.6492174407904526e-07,0.0012336640357971192
circuit_group_5fold,0,hea,layers_4,1.0,20.0,42,False,0.6679177448706565,complex128,5.950704182886217e-07,0.0015393279790878295
circuit_group_5fold,2,qaoa_cycle,p_3,1.0,8.0,42,False,0.4070692803703722,complex128,7.173722014020719e-07,0.00047702398896217347
circuit_group_5fold,4,qaoa_cycle,p_3,1.0,12.0,42,False,0.12836473455861197,complex128,8.408117964061954e-07,0.0007097600102424622
circuit_group_5fold,0,qaoa_cycle,p_3,1.0,16.0,42,False,0.10072380936759445,complex128,1.9356137762569014e-06,0.0009418879747390747
circuit_group_5fold,1,qaoa_cycle,p_3,1.0,20.0,42,False,0.08515636339217936,complex128,1.803382984211388e-06,0.0011763520240783692
circuit_group_5fold,0,random_brickwork,layers_8,1.0,8.0,42,False,0.7231455582933158,complex128,5.227405517167985e-07,0.0011181440353393555
circuit_group_5fold,3,random_brickwork,layers_8,1.0,12.0,42,True,0.5193169490919991,complex128,4.75594498931929e-08,0.0016889599561691283
circuit_group_5fold,2,random_brickwork,layers_8,1.0,16.0,42,True,0.2995658175321206,complex128,4.757080736090146e-07,0.0022582080364227297
circuit_group_5fold,1,random_brickwork,layers_8,1.0,20.0,42,False,0.5533881138203468,complex128,9.022482436670435e-07,0.002829535961151123
circuit_group_5fold,2,qft,full,1.0,8.0,42,True,0.6488375582637238,complex128,1.7881393366003817e-07,0.0003481279909610748
circuit_group_5fold,2,qft,full,1.0,12.0,42,True,0.5294125739803115,complex128,2.3841857810236202e-07,0.0008140159845352173
circuit_group_5fold,4,qft,full,1.0,16.0,42,True,0.30828724727697127,complex128,4.7683715698188026e-07,0.0018152639865875245
circuit_group_5fold,3,qft,full,1.0,20.0,42,False,0.5413089629759824,complex128,5.364418012021597e-07,0.0032275838851928713
circuit_group_5fold,3,ghz,chain,1.0,8.0,137,True,0.9041825313256241,complex64,1.7114270947149224e-08,6.71679973602295e-05
circuit_group_5fold,1,ghz,chain,1.0,12.0,137,True,0.9973390544772189,complex64,1.7114270947149224e-08,9.139200299978256e-05
circuit_group_5fold,0,ghz,chain,1.0,16.0,137,True,0.9519335720565849,complex64,1.7114270947149224e-08,0.00010592000186443329
circuit_group_5fold,4,ghz,chain,1.0,20.0,137,True,0.7863887126383883,complex128,1.7114270947149224e-08,0.0003969919979572296
circuit_group_5fold,1,hea,layers_4,1.0,8.0,137,False,0.8857293110307175,complex64,8.823523001129403e-07,0.0001865919977426529
circuit_group_5fold,1,hea,layers_8,2.0,8.0,137,True,0.4820215298294201,complex128,1.6421825716612714e-07,0.00112009596824646
circuit_group_5fold,3,hea,layers_4,1.0,12.0,137,True,0.5608248660843185,complex128,2.575715153812633e-07,0.0009213759899139404
circuit_group_5fold,3,hea,layers_8,2.0,12.0,137,True,0.3781387816192521,complex128,1.9927706687431299e-07,0.0016902400255203248
circuit_group_5fold,4,hea,layers_4,1.0,16.0,137,True,0.6274154743095681,complex128,4.6492174407904526e-07,0.0012305279970169067
circuit_group_5fold,4,hea,layers_8,2.0,16.0,137,False,0.6648950522532668,complex128,2.245021552519519e-06,0.0022601919174194338
circuit_group_5fold,0,hea,layers_4,1.0,20.0,137,False,0.622518705642703,complex128,5.950704182886217e-07,0.0015386879444122315
circuit_group_5fold,0,hea,layers_8,2.0,20.0,137,False,0.29585079938206793,complex128,1.0827239347305403e-06,0.002834239959716797
circuit_group_5fold,2,qaoa_cycle,p_3,1.0,8.0,137,False,0.4372781249341859,complex128,7.173722014020719e-07,0.0004761280119419098
circuit_group_5fold,2,qaoa_cycle,p_6,2.0,8.0,137,False,0.12784327897428238,complex128,1.5231552792273152e-06,0.0010206400156021118
circuit_group_5fold,4,qaoa_cycle,p_3,1.0,12.0,137,False,0.11500362820384438,complex128,8.408117964061954e-07,0.0007109439969062805
circuit_group_5fold,4,qaoa_cycle,p_6,2.0,12.0,137,False,0.0664049487423945,complex128,5.4712603836075145e-06,0.0018416320085525512
circuit_group_5fold,0,qaoa_cycle,p_3,1.0,16.0,137,False,0.0806242836523606,complex128,1.9356137762569014e-06,0.0009439359903335572
circuit_group_5fold,0,qaoa_cycle,p_6,2.0,16.0,137,False,0.0563870886011761,complex128,8.635493020647486e-07,0.001991104006767273
circuit_group_5fold,1,qaoa_cycle,p_3,1.0,20.0,137,False,0.06755818565238898,complex128,1.803382984211388e-06,0.001176416039466858
circuit_group_5fold,1,qaoa_cycle,p_6,2.0,20.0,137,False,0.045672132899762234,complex128,4.7501859576787695e-06,0.0028339519500732422
circuit_group_5fold,0,random_brickwork,layers_8,1.0,8.0,137,True,0.6140760174829033,complex128,2.557836323096331e-07,0.00111900794506073
circuit_group_5fold,0,random_brickwork,layers_16,2.0,8.0,137,False,0.2101790897935526,complex128,7.526991404183562e-07,0.0022095038890838623
circuit_group_5fold,3,random_brickwork,layers_8,1.0,12.0,137,False,0.5452127611106627,complex128,7.468451428519191e-07,0.0016902079582214356
circuit_group_5fold,3,random_brickwork,layers_16,2.0,12.0,137,False,0.11195855785908405,complex128,5.271669700280333e-07,0.0038290879726409913
circuit_group_5fold,2,random_brickwork,layers_8,1.0,16.0,137,True,0.2221098091012669,complex128,4.3774365733636454e-07,0.0022585279941558837
circuit_group_5fold,2,random_brickwork,layers_16,2.0,16.0,137,False,0.05794957091775433,complex128,7.420944371737088e-07,0.005210400104522705
circuit_group_5fold,1,random_brickwork,layers_8,1.0,20.0,137,False,0.4640427965712554,complex128,5.257737385137403e-07,0.0028286080360412596
circuit_group_5fold,1,random_brickwork,layers_16,2.0,20.0,137,False,0.05948841219452985,complex128,1.3716867959538017e-06,0.00672495985031128
circuit_group_5fold,2,qft,full,1.0,8.0,137,True,0.6721179837206199,complex128,1.7881393366003817e-07,0.00034915199875831603
circuit_group_5fold,2,qft,full,1.0,12.0,137,True,0.5357406468362482,complex128,2.3841857810236202e-07,0.0008139839768409729
circuit_group_5fold,4,qft,full,1.0,16.0,137,True,0.3130070274967514,complex128,4.7683715698188026e-07,0.0018170239925384521
circuit_group_5fold,3,qft,full,1.0,20.0,137,False,0.5488955430625625,complex128,5.364418012021597e-07,0.003225759983062744
