status,source,runtime_semantics,target_name,observation_unit,family,circuit_variant,family_depth_multiplier,family_depth_parameter,num_qubits,logical_depth,logical_total_gate_count,logical_two_qubit_gate_count,circuit_seed,precision,optimizer_samples,optimizer_seed,path_optimization_s,pre_run_flop_count,pre_run_largest_intermediate_elements,pre_run_num_slices,first_contract_gpu_s,contract_gpu_median_s,contract_gpu_min_s,contract_gpu_max_s,scalar_real,scalar_imag,gpu_name,gpu_compute_capability
ok,cutensornet_precision_proxy,T_sim_contract: local GPU tensor-network scalar contraction,contract_gpu_median_s,one circuit-derived scalar tensor contraction at one complex precision,ghz,chain,1.0,1,8,8,8,7,137,complex64,16,42,0.004541565999716113,396.0,8.0,1,0.0016431360244750976,6.71679973602295e-05,6.496000289916992e-05,8.073599636554718e-05,0.7071067690849304,0.0,NVIDIA GeForce RTX 5070 Ti,12.0
ok,cutensornet_precision_proxy,T_sim_contract: local GPU tensor-network scalar contraction,contract_gpu_median_s,one circuit-derived scalar tensor contraction at one complex precision,ghz,chain,1.0,1,8,8,8,7,137,complex128,16,42,0.004114526000194019,396.0,8.0,1,0.00038409599661827086,0.0001656000018119812,0.00016342400014400483,0.00017068800330162048,0.7071067811865475,0.0,NVIDIA GeForce RTX 5070 Ti,12.0
ok,cutensornet_precision_proxy,T_sim_contract: local GPU tensor-network scalar contraction,contract_gpu_median_s,one circuit-derived scalar tensor contraction at one complex precision,ghz,chain,1.0,1,12,12,12,11,137,complex64,16,42,0.0052068489994780975,628.0,8.0,1,0.0002375359982252121,9.139200299978256e-05,8.729600161314011e-05,9.993600100278855e-05,0.7071067690849304,0.0,NVIDIA GeForce RTX 5070 Ti,12.0
ok,cutensornet_precision_proxy,T_sim_contract: local GPU tensor-network scalar contraction,contract_gpu_median_s,one circuit-derived scalar tensor contraction at one complex precision,ghz,chain,1.0,1,12,12,12,11,137,complex128,16,42,0.004885097000624228,628.0,8.0,1,0.00036934399604797365,0.00024355199933052062,0.00024063999950885772,0.0002475840002298355,0.7071067811865475,0.0,NVIDIA GeForce RTX 5070 Ti,12.0
ok,cutensornet_precision_proxy,T_sim_contract: local GPU tensor-network scalar contraction,contract_gpu_median_s,one circuit-derived scalar tensor contraction at one complex precision,ghz,chain,1.0,1,16,16,16,15,137,complex64,16,42,0.0066485369998190436,852.0,8.0,1,0.0002885760068893433,0.00010592000186443329,0.00010310400277376175,0.00011225599795579911,0.7071067690849304,0.0,NVIDIA GeForce RTX 5070 Ti,12.0
ok,cutensornet_precision_proxy,T_sim_contract: local GPU tensor-network scalar contraction,contract_gpu_median_s,one circuit-derived scalar tensor contraction at one complex precision,ghz,chain,1.0,1,16,16,16,15,137,complex128,16,42,0.006266346000302292,852.0,8.0,1,0.0004599359929561615,0.00031894400715827944,0.0003173759877681732,0.0003248319923877716,0.7071067811865475,0.0,NVIDIA GeForce RTX 5070 Ti,12.0
ok,cutensornet_precision_proxy,T_sim_contract: local GPU tensor-network scalar contraction,contract_gpu_median_s,one circuit-derived scalar tensor contraction at one complex precision,ghz,chain,1.0,1,20,20,20,19,137,complex64,16,42,0.009069455999451748,1172.0,8.0,1,0.0002802239954471588,0.00012479999661445617,0.00012342400103807448,0.00013407999277114868,0.7071067690849304,0.0,NVIDIA GeForce RTX 5070 Ti,12.0
ok,cutensornet_precision_proxy,T_sim_contract: local GPU tensor-network scalar contraction,contract_gpu_median_s,one circuit-derived scalar tensor contraction at one complex precision,ghz,chain,1.0,1,20,20,20,19,137,complex128,16,42,0.008625100000244856,1172.0,8.0,1,0.0005363519787788391,0.0003969919979572296,0.0003945600092411041,0.00040348801016807555,0.7071067811865475,0.0,NVIDIA GeForce RTX 5070 Ti,12.0
ok,cutensornet_precision_proxy,T_sim_contract: local GPU tensor-network scalar contraction,contract_gpu_median_s,one circuit-derived scalar tensor contraction at one complex precision,hea,layers_4,1.0,4,8,12,78,14,137,complex64,16,42,0.012391401999593654,2968.0,16.0,1,0.00035552000999450686,0.0001865919977426529,0.00018534399569034577,0.0001897920072078705,-0.020059658214449883,0.007279788143932819,NVIDIA GeForce RTX 5070 Ti,12.0
ok,cutensornet_precision_proxy,T_sim_contract: local GPU tensor-network scalar contraction,contract_gpu_median_s,one circuit-derived scalar tensor contraction at one complex precision,hea,layers_4,1.0,4,8,12,78,14,137,complex128,16,42,0.011822011999356619,2968.0,16.0,1,0.0007665600180625916,0.0006163520216941834,0.0006144000291824341,0.0006175040006637573,-0.020059651946853017,0.007279805899365025,NVIDIA GeForce RTX 5070 Ti,12.0
ok,cutensornet_precision_proxy,T_sim_contract: local GPU tensor-network scalar contraction,contract_gpu_median_s,one circuit-derived scalar tensor contraction at one complex precision,hea,layers_8,2.0,8,8,24,156,28,137,complex64,16,42,0.024978584000564297,15328.0,128.0,1,0.0004984959959983826,0.00032892799377441407,0.00032633599638938905,0.00033350399136543275,-0.01765064336359501,0.040188126266002655,NVIDIA GeForce RTX 5070 Ti,12.0
ok,cutensornet_precision_proxy,T_sim_contract: local GPU tensor-network scalar contraction,contract_gpu_median_s,one circuit-derived scalar tensor contraction at one complex precision,hea,layers_8,2.0,8,8,24,156,28,137,complex128,16,42,0.024361093000152323,15328.0,128.0,1,0.0012931840419769286,0.00112009596824646,0.0011190719604492188,0.0011235840320587159,-0.017650636737028328,0.040188129102424586,NVIDIA GeForce RTX 5070 Ti,12.0
ok,cutensornet_precision_proxy,T_sim_contract: local GPU tensor-network scalar contraction,contract_gpu_median_s,one circuit-derived scalar tensor contraction at one complex precision,hea,layers_4,1.0,4,12,12,118,22,137,complex64,16,42,0.01813781399960135,4968.0,32.0,1,0.0004772799909114838,0.0002770240008831024,0.0002756159901618958,0.0002853119969367981,0.013970826752483845,-0.017969749867916107,NVIDIA GeForce RTX 5070 Ti,12.0
ok,cutensornet_precision_proxy,T_sim_contract: local GPU tensor-network scalar contraction,contract_gpu_median_s,one circuit-derived scalar tensor contraction at one complex precision,hea,layers_4,1.0,4,12,12,118,22,137,complex128,16,42,0.017240101999959734,4968.0,32.0,1,0.0010835520029067994,0.0009213759899139404,0.00091948801279068,0.000926912009716034,0.013970821121741542,-0.017969748234879644,NVIDIA GeForce RTX 5070 Ti,12.0
ok,cutensornet_precision_proxy,T_sim_contract: local GPU tensor-network scalar contraction,contract_gpu_median_s,one circuit-derived scalar tensor contraction at one complex precision,hea,layers_8,2.0,8,12,24,236,44,137,complex64,16,42,0.042349125999862736,31856.0,128.0,1,0.0007163199782371521,0.0004887680113315582,0.00048547199368476865,0.0004965760111808777,-0.0009965433273464441,0.0074454317800700665,NVIDIA GeForce RTX 5070 Ti,12.0
ok,cutensornet_precision_proxy,T_sim_contract: local GPU tensor-network scalar contraction,contract_gpu_median_s,one circuit-derived scalar tensor contraction at one complex precision,hea,layers_8,2.0,8,12,24,236,44,137,complex128,16,42,0.04087418600011006,31856.0,128.0,1,0.0018292160034179686,0.0016902400255203248,0.0016870399713516235,0.0016989120244979858,-0.0009965446540573949,0.007445431086779348,NVIDIA GeForce RTX 5070 Ti,12.0
ok,cutensornet_precision_proxy,T_sim_contract: local GPU tensor-network scalar contraction,contract_gpu_median_s,one circuit-derived scalar tensor contraction at one complex precision,hea,layers_4,1.0,4,16,12,158,30,137,complex64,16,42,0.024248046000138856,6712.0,32.0,1,0.0005601599812507629,0.00036028799414634705,0.0003584960103034973,0.0003655039966106415,0.0026589964982122183,-0.008191097527742386,NVIDIA GeForce RTX 5070 Ti,12.0
ok,cutensornet_precision_proxy,T_sim_contract: local GPU tensor-network scalar contraction,contract_gpu_median_s,one circuit-derived scalar tensor contraction at one complex precision,hea,layers_4,1.0,4,16,12,158,30,137,complex128,16,42,0.023857633999796235,6712.0,32.0,1,0.0013641599416732788,0.0012305279970169067,0.0012298239469528199,0.0012355519533157348,0.002658992520175981,-0.008191097981628167,NVIDIA GeForce RTX 5070 Ti,12.0
ok,cutensornet_precision_proxy,T_sim_contract: local GPU tensor-network scalar contraction,contract_gpu_median_s,one circuit-derived scalar tensor contraction at one complex precision,hea,layers_8,2.0,8,16,24,316,60,137,complex64,16,42,0.05650856099964585,46816.0,128.0,1,0.0010276479721069336,0.0006631360054016113,0.0006565759778022766,0.0006800959706306458,0.0001692011283012107,-0.0004993751645088196,NVIDIA GeForce RTX 5070 Ti,12.0
ok,cutensornet_precision_proxy,T_sim_contract: local GPU tensor-network scalar contraction,contract_gpu_median_s,one circuit-derived scalar tensor contraction at one complex precision,hea,layers_8,2.0,8,16,24,316,60,137,complex128,16,42,0.054849499999363616,46816.0,128.0,1,0.002520960092544556,0.0022601919174194338,0.0022551679611206056,0.002276832103729248,0.00016919994467125,-0.0004993751784761901,NVIDIA GeForce RTX 5070 Ti,12.0
ok,cutensornet_precision_proxy,T_sim_contract: local GPU tensor-network scalar contraction,contract_gpu_median_s,one circuit-derived scalar tensor contraction at one complex precision,hea,layers_4,1.0,4,20,12,198,38,137,complex64,16,42,0.02984566499981156,8656.0,32.0,1,0.0006295679807662963,0.0004506880044937134,0.0004453440010547638,0.00046956801414489745,-8.137722034007311e-06,0.0014226916246116161,NVIDIA GeForce RTX 5070 Ti,12.0
ok,cutensornet_precision_proxy,T_sim_contract: local GPU tensor-network scalar contraction,contract_gpu_median_s,one circuit-derived scalar tensor contraction at one complex precision,hea,layers_4,1.0,4,20,12,198,38,137,complex128,16,42,0.028721552999741107,8656.0,32.0,1,0.0016636799573898316,0.0015386879444122315,0.0015359359979629516,0.0015422719717025756,-8.13707562485785e-06,0.0014226910778826654,NVIDIA GeForce RTX 5070 Ti,12.0
ok,cutensornet_precision_proxy,T_sim_contract: local GPU tensor-network scalar contraction,contract_gpu_median_s,one circuit-derived scalar tensor contraction at one complex precision,hea,layers_8,2.0,8,20,24,396,76,137,complex64,16,42,0.07352076600000146,62960.0,256.0,1,0.0011272640228271484,0.0008367360234260559,0.0008325759768486023,0.0008554880023002625,0.0001004787627607584,-0.00036674432340078056,NVIDIA GeForce RTX 5070 Ti,12.0
ok,cutensornet_precision_proxy,T_sim_contract: local GPU tensor-network scalar contraction,contract_gpu_median_s,one circuit-derived scalar tensor contraction at one complex precision,hea,layers_8,2.0,8,20,24,396,76,137,complex128,16,42,0.07166454399975919,62960.0,256.0,1,0.003037503957748413,0.002834239959716797,0.002831520080566406,0.0028582079410552977,0.00010047841469631812,-0.000366744543313212,NVIDIA GeForce RTX 5070 Ti,12.0
ok,cutensornet_precision_proxy,T_sim_contract: local GPU tensor-network scalar contraction,contract_gpu_median_s,one circuit-derived scalar tensor contraction at one complex precision,qaoa_cycle,p_3,1.0,3,8,28,56,24,137,complex64,16,42,0.01691676800055575,8920.0,64.0,1,0.0003421120047569275,0.00015014399588108063,0.00014880000054836275,0.00015657599270343781,0.021906323730945587,-0.017002888023853302,NVIDIA GeForce RTX 5070 Ti,12.0
ok,cutensornet_precision_proxy,T_sim_contract: local GPU tensor-network scalar contraction,contract_gpu_median_s,one circuit-derived scalar tensor contraction at one complex precision,qaoa_cycle,p_3,1.0,3,8,28,56,24,137,complex128,16,42,0.01619740800015279,8920.0,64.0,1,0.0006059520244598389,0.0004761280119419098,0.00047411200404167173,0.0004792959988117218,0.02190632873334057,-0.017002907277784834,NVIDIA GeForce RTX 5070 Ti,12.0
ok,cutensornet_precision_proxy,T_sim_contract: local GPU tensor-network scalar contraction,contract_gpu_median_s,one circuit-derived scalar tensor contraction at one complex precision,qaoa_cycle,p_6,2.0,6,8,55,104,48,137,complex64,16,42,0.030780328999753692,171096.0,1024.0,1,0.011964960098266602,0.00027430400252342223,0.0002721599936485291,0.0002823039889335632,0.0018329245503991842,0.004015626385807991,NVIDIA GeForce RTX 5070 Ti,12.0
ok,cutensornet_precision_proxy,T_sim_contract: local GPU tensor-network scalar contraction,contract_gpu_median_s,one circuit-derived scalar tensor contraction at one complex precision,qaoa_cycle,p_6,2.0,6,8,55,104,48,137,complex128,16,42,0.08669120400008978,171096.0,1024.0,1,0.0034457600116729738,0.0010206400156021118,0.0010174720287323,0.0010237760543823243,0.0018329275752461416,0.004015620381214183,NVIDIA GeForce RTX 5070 Ti,12.0
ok,cutensornet_precision_proxy,T_sim_contract: local GPU tensor-network scalar contraction,contract_gpu_median_s,one circuit-derived scalar tensor contraction at one complex precision,qaoa_cycle,p_3,1.0,3,12,40,84,36,137,complex64,16,42,0.021062705000076676,15160.0,64.0,1,0.0003781439960002899,0.00021180799603462219,0.00021091200411319733,0.00022064000368118286,0.004920051433146,-0.0005591330118477345,NVIDIA GeForce RTX 5070 Ti,12.0
ok,cutensornet_precision_proxy,T_sim_contract: local GPU tensor-network scalar contraction,contract_gpu_median_s,one circuit-derived scalar tensor contraction at one complex precision,qaoa_cycle,p_3,1.0,3,12,40,84,36,137,complex128,16,42,0.020485263999944436,15160.0,64.0,1,0.0008575999736785888,0.0007109439969062805,0.0007082239985466003,0.0007132800221443176,0.004920052176855136,-0.0005591371083518486,NVIDIA GeForce RTX 5070 Ti,12.0
ok,cutensornet_precision_proxy,T_sim_contract: local GPU tensor-network scalar contraction,contract_gpu_median_s,one circuit-derived scalar tensor contraction at one complex precision,qaoa_cycle,p_6,2.0,6,12,79,156,72,137,complex64,16,42,0.08852792900052009,4662920.0,32768.0,1,0.005615968227386475,0.0004163199961185455,0.0004150719940662384,0.0004230400025844574,-0.0007337225251831114,-0.0007007169770076871,NVIDIA GeForce RTX 5070 Ti,12.0
ok,cutensornet_precision_proxy,T_sim_contract: local GPU tensor-network scalar contraction,contract_gpu_median_s,one circuit-derived scalar tensor contraction at one complex precision,qaoa_cycle,p_6,2.0,6,12,79,156,72,137,complex128,16,42,0.20173065800008771,4662920.0,32768.0,1,0.004042719841003418,0.0018416320085525512,0.0018375680446624757,0.0018483200073242188,-0.0007337176486494961,-0.0007007143251294178,NVIDIA GeForce RTX 5070 Ti,12.0
ok,cutensornet_precision_proxy,T_sim_contract: local GPU tensor-network scalar contraction,contract_gpu_median_s,one circuit-derived scalar tensor contraction at one complex precision,qaoa_cycle,p_3,1.0,3,16,52,112,48,137,complex64,16,42,0.028211058000124467,20952.0,64.0,1,0.00043536001443862914,0.0002772800028324127,0.0002741760015487671,0.00028249600529670717,0.0004299232386983931,-0.00018647039541974664,NVIDIA GeForce RTX 5070 Ti,12.0
ok,cutensornet_precision_proxy,T_sim_contract: local GPU tensor-network scalar contraction,contract_gpu_median_s,one circuit-derived scalar tensor contraction at one complex precision,qaoa_cycle,p_3,1.0,3,16,52,112,48,137,complex128,16,42,0.027334137999787345,20952.0,64.0,1,0.0011017600297927857,0.0009439359903335572,0.0009420480132102966,0.000947327971458435,0.0004299233298006396,-0.00018647129790239328,NVIDIA GeForce RTX 5070 Ti,12.0
ok,cutensornet_precision_proxy,T_sim_contract: local GPU tensor-network scalar contraction,contract_gpu_median_s,one circuit-derived scalar tensor contraction at one complex precision,qaoa_cycle,p_6,2.0,6,16,103,208,96,137,complex64,16,42,0.1216101059999346,3883912.0,16384.0,1,0.0009969919919967651,0.000517408013343811,0.0005093119740486145,0.000527072012424469,6.859118002466857e-05,1.930974394781515e-05,NVIDIA GeForce RTX 5070 Ti,12.0
ok,cutensornet_precision_proxy,T_sim_contract: local GPU tensor-network scalar contraction,contract_gpu_median_s,one circuit-derived scalar tensor contraction at one complex precision,qaoa_cycle,p_6,2.0,6,16,103,208,96,137,complex128,16,42,0.1259124759999395,3882888.0,16384.0,1,0.0023367679119110107,0.001991104006767273,0.0019888960123062133,0.001998496055603027,6.859124155010724e-05,1.9309742902162707e-05,NVIDIA GeForce RTX 5070 Ti,12.0
ok,cutensornet_precision_proxy,T_sim_contract: local GPU tensor-network scalar contraction,contract_gpu_median_s,one circuit-derived scalar tensor contraction at one complex precision,qaoa_cycle,p_3,1.0,3,20,64,140,60,137,complex64,16,42,0.0341666760004955,27192.0,64.0,1,0.0005207359790802002,0.00034691199660301207,0.0003394240140914917,0.00036656001210212707,8.925505972001702e-05,-6.318399391602725e-05,NVIDIA GeForce RTX 5070 Ti,12.0
ok,cutensornet_precision_proxy,T_sim_contract: local GPU tensor-network scalar contraction,contract_gpu_median_s,one circuit-derived scalar tensor contraction at one complex precision,qaoa_cycle,p_3,1.0,3,20,64,140,60,137,complex128,16,42,0.03542488699986279,26744.0,64.0,1,0.001338688015937805,0.001176416039466858,0.0011722240447998046,0.001180735945701599,8.925505676631379e-05,-6.318419110442887e-05,NVIDIA GeForce RTX 5070 Ti,12.0
ok,cutensornet_precision_proxy,T_sim_contract: local GPU tensor-network scalar contraction,contract_gpu_median_s,one circuit-derived scalar tensor contraction at one complex precision,qaoa_cycle,p_6,2.0,6,20,127,260,120,137,complex64,16,42,0.1682912550004403,3399176.0,8192.0,1,0.0020368959903717043,0.0006667199730873108,0.000661184012889862,0.0006745280027389526,-1.6323788258887362e-06,-1.961754378498881e-06,NVIDIA GeForce RTX 5070 Ti,12.0
ok,cutensornet_precision_proxy,T_sim_contract: local GPU tensor-network scalar contraction,contract_gpu_median_s,one circuit-derived scalar tensor contraction at one complex precision,qaoa_cycle,p_6,2.0,6,20,127,260,120,137,complex128,16,42,0.15923694699995394,3399176.0,8192.0,1,0.0031712958812713625,0.0028339519500732422,0.002829279899597168,0.0028347198963165282,-1.6323879710800509e-06,-1.9617464205033888e-06,NVIDIA GeForce RTX 5070 Ti,12.0
ok,cutensornet_precision_proxy,T_sim_contract: local GPU tensor-network scalar contraction,contract_gpu_median_s,one circuit-derived scalar tensor contraction at one complex precision,random_brickwork,layers_8,1.0,8,8,24,156,28,137,complex64,16,42,0.025770883000404865,15592.0,128.0,1,0.0005216000080108642,0.0003304319977760315,0.00032604798674583434,0.0003357439935207367,0.12452316284179688,0.01051122136414051,NVIDIA GeForce RTX 5070 Ti,12.0
ok,cutensornet_precision_proxy,T_sim_contract: local GPU tensor-network scalar contraction,contract_gpu_median_s,one circuit-derived scalar tensor contraction at one complex precision,random_brickwork,layers_8,1.0,8,8,24,156,28,137,complex128,16,42,0.024937946999671112,15592.0,128.0,1,0.0012544000148773193,0.00111900794506073,0.001117151975631714,0.0011223679780960082,0.12452319229784184,0.010511208952218597,NVIDIA GeForce RTX 5070 Ti,12.0
ok,cutensornet_precision_proxy,T_sim_contract: local GPU tensor-network scalar contraction,contract_gpu_median_s,one circuit-derived scalar tensor contraction at one complex precision,random_brickwork,layers_16,2.0,16,8,48,312,56,137,complex64,16,42,0.05670417500004987,83976.0,256.0,1,0.0008495680093765259,0.0006304320096969605,0.0006160320043563843,0.0006494079828262329,0.010137997567653656,-0.0410970039665699,NVIDIA GeForce RTX 5070 Ti,12.0
ok,cutensornet_precision_proxy,T_sim_contract: local GPU tensor-network scalar contraction,contract_gpu_median_s,one circuit-derived scalar tensor contraction at one complex precision,random_brickwork,layers_16,2.0,16,8,48,312,56,137,complex128,16,42,0.05587008600014087,83976.0,256.0,1,0.002380415916442871,0.0022095038890838623,0.002207103967666626,0.002216223955154419,0.010138029079729872,-0.0410969992642532,NVIDIA GeForce RTX 5070 Ti,12.0
ok,cutensornet_precision_proxy,T_sim_contract: local GPU tensor-network scalar contraction,contract_gpu_median_s,one circuit-derived scalar tensor contraction at one complex precision,random_brickwork,layers_8,1.0,8,12,24,236,44,137,complex64,16,42,0.042694275999565434,30664.0,128.0,1,0.0007632960081100464,0.0004930559992790222,0.0004883840084075928,0.0005308480262756348,-0.0014337184838950634,-0.0012618210166692734,NVIDIA GeForce RTX 5070 Ti,12.0
ok,cutensornet_precision_proxy,T_sim_contract: local GPU tensor-network scalar contraction,contract_gpu_median_s,one circuit-derived scalar tensor contraction at one complex precision,random_brickwork,layers_8,1.0,8,12,24,236,44,137,complex128,16,42,0.041543909999745665,30664.0,128.0,1,0.0018047679662704468,0.0016902079582214356,0.0016891839504241943,0.0016944960355758667,-0.0014337170663283917,-0.001261820858142651,NVIDIA GeForce RTX 5070 Ti,12.0
ok,cutensornet_precision_proxy,T_sim_contract: local GPU tensor-network scalar contraction,contract_gpu_median_s,one circuit-derived scalar tensor contraction at one complex precision,random_brickwork,layers_16,2.0,16,12,48,472,88,137,complex64,16,42,0.1182249410003351,1740440.0,8192.0,1,0.032576255798339844,0.0010143040418624878,0.0010050239562988282,0.0015504319667816163,-0.029191767796874046,-0.011239497922360897,NVIDIA GeForce RTX 5070 Ti,12.0
ok,cutensornet_precision_proxy,T_sim_contract: local GPU tensor-network scalar contraction,contract_gpu_median_s,one circuit-derived scalar tensor contraction at one complex precision,random_brickwork,layers_16,2.0,16,12,48,472,88,137,complex128,16,42,0.11830329900021752,1740440.0,8192.0,1,0.004115263938903809,0.0038290879726409913,0.003825824022293091,0.003832319974899292,-0.02919175478442888,-0.01123948779309356,NVIDIA GeForce RTX 5070 Ti,12.0
ok,cutensornet_precision_proxy,T_sim_contract: local GPU tensor-network scalar contraction,contract_gpu_median_s,one circuit-derived scalar tensor contraction at one complex precision,random_brickwork,layers_8,1.0,8,16,24,316,60,137,complex64,16,42,0.05593761000000086,47848.0,128.0,1,0.0008353599905967712,0.000654367983341217,0.0006503679752349853,0.0006666240096092224,0.0018443353474140167,-0.0001437700557289645,NVIDIA GeForce RTX 5070 Ti,12.0
ok,cutensornet_precision_proxy,T_sim_contract: local GPU tensor-network scalar contraction,contract_gpu_median_s,one circuit-derived scalar tensor contraction at one complex precision,random_brickwork,layers_8,1.0,8,16,24,316,60,137,complex128,16,42,0.05468871500033856,47848.0,128.0,1,0.002483167886734009,0.0022585279941558837,0.002254496097564697,0.002265376091003418,0.0018443361354031453,-0.00014376986906844885,NVIDIA GeForce RTX 5070 Ti,12.0
ok,cutensornet_precision_proxy,T_sim_contract: local GPU tensor-network scalar contraction,contract_gpu_median_s,one circuit-derived scalar tensor contraction at one complex precision,random_brickwork,layers_16,2.0,16,16,48,632,120,137,complex64,16,42,0.22545769800035487,19293016.0,131072.0,1,0.0020297598838806153,0.0013609919548034667,0.0013506239652633666,0.0013829760551452637,-0.005162987392395735,0.00452212430536747,NVIDIA GeForce RTX 5070 Ti,12.0
ok,cutensornet_precision_proxy,T_sim_contract: local GPU tensor-network scalar contraction,contract_gpu_median_s,one circuit-derived scalar tensor contraction at one complex precision,random_brickwork,layers_16,2.0,16,16,48,632,120,137,complex128,16,42,0.2254224019998219,19637080.0,131072.0,1,0.008948543548583984,0.005210400104522705,0.0052033281326293946,0.005226047992706298,-0.005162992338256772,0.0045221255219152715,NVIDIA GeForce RTX 5070 Ti,12.0
ok,cutensornet_precision_proxy,T_sim_contract: local GPU tensor-network scalar contraction,contract_gpu_median_s,one circuit-derived scalar tensor contraction at one complex precision,random_brickwork,layers_8,1.0,8,20,24,396,76,137,complex64,16,42,0.07020060700051545,63480.0,128.0,1,0.001145087957382202,0.0008510400056838989,0.0008426880240440369,0.0008700479865074158,0.00024692880106158555,-0.0006072775577194989,NVIDIA GeForce RTX 5070 Ti,12.0
ok,cutensornet_precision_proxy,T_sim_contract: local GPU tensor-network scalar contraction,contract_gpu_median_s,one circuit-derived scalar tensor contraction at one complex precision,random_brickwork,layers_8,1.0,8,20,24,396,76,137,complex128,16,42,0.0685117180000816,63480.0,128.0,1,0.0029908161163330078,0.0028286080360412596,0.002827199935913086,0.0028497600555419922,0.0002469291439415466,-0.0006072775225721633,NVIDIA GeForce RTX 5070 Ti,12.0
ok,cutensornet_precision_proxy,T_sim_contract: local GPU tensor-network scalar contraction,contract_gpu_median_s,one circuit-derived scalar tensor contraction at one complex precision,random_brickwork,layers_16,2.0,16,20,48,792,152,137,complex64,16,42,0.33231927799988625,29771704.0,32768.0,1,0.002309983968734741,0.0016974079608917236,0.0016909760236740112,0.0017148799896240235,0.00017704257334116846,0.0007137881475500762,NVIDIA GeForce RTX 5070 Ti,12.0
ok,cutensornet_precision_proxy,T_sim_contract: local GPU tensor-network scalar contraction,contract_gpu_median_s,one circuit-derived scalar tensor contraction at one complex precision,random_brickwork,layers_16,2.0,16,20,48,792,152,137,complex128,16,42,0.3381588339998416,29771704.0,32768.0,1,0.0069621758460998535,0.00672495985031128,0.006714687824249267,0.006729631900787353,0.00017704330912578564,0.0007137874574639192,NVIDIA GeForce RTX 5070 Ti,12.0
ok,cutensornet_precision_proxy,T_sim_contract: local GPU tensor-network scalar contraction,contract_gpu_median_s,one circuit-derived scalar tensor contraction at one complex precision,qft,full,1.0,1,8,15,36,28,137,complex64,16,42,0.014293593000729743,7744.0,64.0,1,0.00026857599616050723,0.00011343999952077865,0.00011206399649381638,0.00012073600292205811,0.062499988824129105,0.0,NVIDIA GeForce RTX 5070 Ti,12.0
ok,cutensornet_precision_proxy,T_sim_contract: local GPU tensor-network scalar contraction,contract_gpu_median_s,one circuit-derived scalar tensor contraction at one complex precision,qft,full,1.0,1,8,15,36,28,137,complex128,16,42,0.013689497000086703,7744.0,64.0,1,0.0004947519898414612,0.00034915199875831603,0.00034639999270439146,0.00035286399722099304,0.06249999999999996,0.0,NVIDIA GeForce RTX 5070 Ti,12.0
ok,cutensornet_precision_proxy,T_sim_contract: local GPU tensor-network scalar contraction,contract_gpu_median_s,one circuit-derived scalar tensor contraction at one complex precision,qft,full,1.0,1,12,23,78,66,137,complex64,16,42,0.03728091599987238,137792.0,1024.0,1,0.0005217919945716858,0.00021782399713993073,0.000217056006193161,0.0002260800004005432,0.015624996274709702,0.0,NVIDIA GeForce RTX 5070 Ti,12.0
ok,cutensornet_precision_proxy,T_sim_contract: local GPU tensor-network scalar contraction,contract_gpu_median_s,one circuit-derived scalar tensor contraction at one complex precision,qft,full,1.0,1,12,23,78,66,137,complex128,16,42,0.03850040199995419,137792.0,1024.0,1,0.001055616021156311,0.0008139839768409729,0.0008119040131568908,0.000815999984741211,0.015624999999999984,0.0,NVIDIA GeForce RTX 5070 Ti,12.0
ok,cutensornet_precision_proxy,T_sim_contract: local GPU tensor-network scalar contraction,contract_gpu_median_s,one circuit-derived scalar tensor contraction at one complex precision,qft,full,1.0,1,16,31,136,120,137,complex64,16,42,0.15467522499966435,1766032.0,8192.0,1,0.0007910079956054688,0.0004259519875049591,0.0004202240109443665,0.0004320639967918396,0.0039062481373548508,0.0,NVIDIA GeForce RTX 5070 Ti,12.0
ok,cutensornet_precision_proxy,T_sim_contract: local GPU tensor-network scalar contraction,contract_gpu_median_s,one circuit-derived scalar tensor contraction at one complex precision,qft,full,1.0,1,16,31,136,120,137,complex128,16,42,0.15609497700006614,1766032.0,8192.0,1,0.002097408056259155,0.0018170239925384521,0.0018137919902801514,0.001822368025779724,0.0039062499999999952,0.0,NVIDIA GeForce RTX 5070 Ti,12.0
ok,cutensornet_precision_proxy,T_sim_contract: local GPU tensor-network scalar contraction,contract_gpu_median_s,one circuit-derived scalar tensor contraction at one complex precision,qft,full,1.0,1,20,39,210,190,137,complex64,16,42,0.27120967200062296,56768432.0,65536.0,1,0.0010725760459899902,0.000692192018032074,0.0006869120001792907,0.0006973440051078796,0.0009765619761310518,0.0,NVIDIA GeForce RTX 5070 Ti,12.0
ok,cutensornet_precision_proxy,T_sim_contract: local GPU tensor-network scalar contraction,contract_gpu_median_s,one circuit-derived scalar tensor contraction at one complex precision,qft,full,1.0,1,20,39,210,190,137,complex128,16,42,0.27334503599922755,56768432.0,65536.0,1,0.00351526403427124,0.003225759983062744,0.0032230401039123535,0.0032729918956756593,0.0009765624999999983,0.0,NVIDIA GeForce RTX 5070 Ti,12.0
