timestamp_utc,family,size,framework,mode,batch_size,num_qubits,depth,total_gate_count,two_qubit_gate_count,two_qubit_gate_density,parameter_count,measurement_type,measurement_count,entanglement_class,entanglement_pattern_class,gate_histogram,parity_checked,parity_passed,parity_mode,parity_fidelity,parity_state_max_abs_diff,parity_probability_max_abs_diff,parity_expectation_max_abs_diff,parity_error,iters,warmup,repeats,prepare_ms,parity_ms,timed_stage_ms,mean_wall_ms,std_wall_ms,repeat_samples_ms,mean_kernel_ms,peak_vram_mb,vram_delta_peak_mb,vram_monitor_available,vram_monitor_reason,mean_gpu_utilization_pct,peak_gpu_utilization_pct,mean_gpu_memory_utilization_pct,peak_gpu_memory_utilization_pct,execution_device,training_gradient_policy,training_gradient_strategy,training_gradient_family,training_numgrad_objective_calls_per_step,training_num_trainable_parameters,vqcsim_compile_policy,vqcsim_batch_policy,terminal_status,error_message,support_reason,extras,qasm3_path,qasm3_bound_path,qasm2_parameterized_path,qasm2_bound_path
2026-09-19T17:35:46Z,qaoa,16,vqcsim,inference,1,16,96,390,228,0.5846153846153846,4,statevector_no_measurement,0,sparse_irregular,sparse_irregular,"{""cx"": 228, ""u"": 162}",True,True,statevector,0.9999999999969376,4.109409382870124e-08,1.0040348762899859e-09,7.450580591719658e-09,,3,1,3,16.17625200015027,291.6082629999437,912.6976130000912,67.68063155565567,0.33890875269261533,"[68.03206099993986, 67.35581233351695, 67.65402133351017]",67.68063155565567,302.0,0.0,True,,21.024390243902438,22.0,0.0,0.0,cuda,,,,,,prepare_once,vectorized,ok,,,"{""circuit_reuse"": {""reused_from_archive"": false, ""reused_from_path"": null, ""reuse_fallback_reason"": null}, ""gpu_preflight"": {""guard_active"": true, ""snapshot"": {""available"": true, ""reason"": null, ""source"": ""torch.cuda.mem_get_info"", ""free_mb"": 15258.4375, ""total_mb"": 15839.375, ""used_mb"": 580.9375, ""device_index"": 0}, ""estimate_required_mb"": 512.9, ""budget_mb"": 13476.59375, ""free_mb"": 15258.4375, ""fraction"": 0.9, ""headroom_mb"": 256.0}, ""device"": ""cuda"", ""vqcsim_compile_policy"": ""prepare_once"", ""vqcsim_batch_policy"": ""vectorized"", ""gpu_post_prepare"": {""guard_active"": true, ""snapshot"": {""available"": true, ""reason"": null, ""source"": ""torch.cuda.mem_get_info"", ""free_mb"": 15256.4375, ""total_mb"": 15839.375, ""used_mb"": 582.9375, ""device_index"": 0}, ""free_mb"": 15256.4375, ""required_min_free_mb"": 256.0}, ""inference_output_mean"": 7.657945388928056e-10}",circuits/qaoa/qaoa_alg_size_16.qasm3,circuits/qaoa/qaoa_alg_size_16.bound.qasm3,circuits/qaoa/qaoa_alg_size_16.normalized.qasm,circuits/qaoa/qaoa_alg_size_16.normalized.bound.qasm
2026-09-19T17:35:48Z,qaoa,17,vqcsim,inference,1,17,117,489,292,0.5971370143149284,4,statevector_no_measurement,0,dense,dense,"{""cx"": 292, ""u"": 197}",True,True,statevector,0.9999999999963607,3.275337869946576e-08,5.195057847855135e-10,2.98023223902974e-08,,3,1,3,23.97027999995771,177.34893899978488,1112.849928000287,84.17841855548936,0.4187589683189612,"[84.16703133328458, 84.6027549999538, 83.7654693332297]",84.17841855548936,304.0,0.0,True,,17.607843137254903,25.0,0.0,0.0,cuda,,,,,,prepare_once,vectorized,ok,,,"{""circuit_reuse"": {""reused_from_archive"": false, ""reused_from_path"": null, ""reuse_fallback_reason"": null}, ""gpu_preflight"": {""guard_active"": true, ""snapshot"": {""available"": true, ""reason"": null, ""source"": ""torch.cuda.mem_get_info"", ""free_mb"": 15180.4375, ""total_mb"": 15839.375, ""used_mb"": 658.9375, ""device_index"": 0}, ""estimate_required_mb"": 513.8, ""budget_mb"": 13406.393750000001, ""free_mb"": 15180.4375, ""fraction"": 0.9, ""headroom_mb"": 256.0}, ""device"": ""cuda"", ""vqcsim_compile_policy"": ""prepare_once"", ""vqcsim_batch_policy"": ""vectorized"", ""gpu_post_prepare"": {""guard_active"": true, ""snapshot"": {""available"": true, ""reason"": null, ""source"": ""torch.cuda.mem_get_info"", ""free_mb"": 15180.4375, ""total_mb"": 15839.375, ""used_mb"": 658.9375, ""device_index"": 0}, ""free_mb"": 15180.4375, ""required_min_free_mb"": 256.0}, ""inference_output_mean"": 5.307168940427154e-11}",circuits/qaoa/qaoa_alg_size_17.qasm3,circuits/qaoa/qaoa_alg_size_17.bound.qasm3,circuits/qaoa/qaoa_alg_size_17.normalized.qasm,circuits/qaoa/qaoa_alg_size_17.normalized.bound.qasm
2026-09-19T17:35:50Z,qaoa,18,vqcsim,inference,1,18,120,492,292,0.5934959349593496,4,statevector_no_measurement,0,sparse_irregular,sparse_irregular,"{""cx"": 292, ""u"": 200}",True,True,statevector,0.9999999999963063,2.5370800991293198e-08,2.802071630281233e-10,2.9802322389213196e-08,,3,1,3,23.00590300001204,182.21108600027947,1141.186494000067,85.51658055562761,0.4616628149120108,"[85.02340933349235, 85.93843499996485, 85.58789733342564]",85.51658055562761,302.0,0.0,True,,31.0,31.0,0.0,0.0,cuda,,,,,,prepare_once,vectorized,ok,,,"{""circuit_reuse"": {""reused_from_archive"": false, ""reused_from_path"": null, ""reuse_fallback_reason"": null}, ""gpu_preflight"": {""guard_active"": true, ""snapshot"": {""available"": true, ""reason"": null, ""source"": ""torch.cuda.mem_get_info"", ""free_mb"": 15180.6875, ""total_mb"": 15839.375, ""used_mb"": 658.6875, ""device_index"": 0}, ""estimate_required_mb"": 515.6, ""budget_mb"": 13406.61875, ""free_mb"": 15180.6875, ""fraction"": 0.9, ""headroom_mb"": 256.0}, ""device"": ""cuda"", ""vqcsim_compile_policy"": ""prepare_once"", ""vqcsim_batch_policy"": ""vectorized"", ""gpu_post_prepare"": {""guard_active"": true, ""snapshot"": {""available"": true, ""reason"": null, ""source"": ""torch.cuda.mem_get_info"", ""free_mb"": 15180.6875, ""total_mb"": 15839.375, ""used_mb"": 658.6875, ""device_index"": 0}, ""free_mb"": 15180.6875, ""required_min_free_mb"": 256.0}, ""inference_output_mean"": -2.8990649880711317e-09}",circuits/qaoa/qaoa_alg_size_18.qasm3,circuits/qaoa/qaoa_alg_size_18.bound.qasm3,circuits/qaoa/qaoa_alg_size_18.normalized.qasm,circuits/qaoa/qaoa_alg_size_18.normalized.bound.qasm
2026-09-19T17:35:52Z,qaoa,19,vqcsim,inference,1,19,135,585,352,0.6017094017094017,4,statevector_no_measurement,0,dense,dense,"{""cx"": 352, ""u"": 233}",True,True,statevector,0.9999999999955205,2.2735557955504695e-08,1.8033736479564706e-10,2.421438693349723e-08,,3,1,3,29.720809000536974,220.0898999999481,1354.9445680000645,102.18232066664415,1.0263539054536632,"[103.01598733318922, 101.03599966654049, 102.49497500020273]",102.18232066664415,320.0,0.0,True,,35.935483870967744,42.0,0.0,0.0,cuda,,,,,,prepare_once,vectorized,ok,,,"{""circuit_reuse"": {""reused_from_archive"": false, ""reused_from_path"": null, ""reuse_fallback_reason"": null}, ""gpu_preflight"": {""guard_active"": true, ""snapshot"": {""available"": true, ""reason"": null, ""source"": ""torch.cuda.mem_get_info"", ""free_mb"": 15180.6875, ""total_mb"": 15839.375, ""used_mb"": 658.6875, ""device_index"": 0}, ""estimate_required_mb"": 519.2, ""budget_mb"": 13406.61875, ""free_mb"": 15180.6875, ""fraction"": 0.9, ""headroom_mb"": 256.0}, ""device"": ""cuda"", ""vqcsim_compile_policy"": ""prepare_once"", ""vqcsim_batch_policy"": ""vectorized"", ""gpu_post_prepare"": {""guard_active"": true, ""snapshot"": {""available"": true, ""reason"": null, ""source"": ""torch.cuda.mem_get_info"", ""free_mb"": 15180.6875, ""total_mb"": 15839.375, ""used_mb"": 658.6875, ""device_index"": 0}, ""free_mb"": 15180.6875, ""required_min_free_mb"": 256.0}, ""inference_output_mean"": 1.6673431524338866e-09}",circuits/qaoa/qaoa_alg_size_19.qasm3,circuits/qaoa/qaoa_alg_size_19.bound.qasm3,circuits/qaoa/qaoa_alg_size_19.normalized.qasm,circuits/qaoa/qaoa_alg_size_19.normalized.bound.qasm
2026-09-19T17:35:56Z,qaoa,20,vqcsim,inference,1,20,138,612,368,0.6013071895424836,4,statevector_no_measurement,0,sparse_irregular,sparse_irregular,"{""cx"": 368, ""u"": 244}",True,True,statevector,0.9999999999954632,1.7473563681261527e-08,1.2612458057725058e-10,1.8626451491225368e-08,,3,1,3,29.57991699986451,295.7248120001168,1766.0178619998987,134.7839516667793,0.38232084364169655,"[134.34266333357905, 135.01544399999452, 134.99374766676434]",134.7839516667793,340.0,0.0,True,,53.49382716049383,54.0,17.0,17.0,cuda,,,,,,prepare_once,vectorized,ok,,,"{""circuit_reuse"": {""reused_from_archive"": false, ""reused_from_path"": null, ""reuse_fallback_reason"": null}, ""gpu_preflight"": {""guard_active"": true, ""snapshot"": {""available"": true, ""reason"": null, ""source"": ""torch.cuda.mem_get_info"", ""free_mb"": 15180.6875, ""total_mb"": 15839.375, ""used_mb"": 658.6875, ""device_index"": 0}, ""estimate_required_mb"": 526.4, ""budget_mb"": 13406.61875, ""free_mb"": 15180.6875, ""fraction"": 0.9, ""headroom_mb"": 256.0}, ""device"": ""cuda"", ""vqcsim_compile_policy"": ""prepare_once"", ""vqcsim_batch_policy"": ""vectorized"", ""gpu_post_prepare"": {""guard_active"": true, ""snapshot"": {""available"": true, ""reason"": null, ""source"": ""torch.cuda.mem_get_info"", ""free_mb"": 15180.6875, ""total_mb"": 15839.375, ""used_mb"": 658.6875, ""device_index"": 0}, ""free_mb"": 15180.6875, ""required_min_free_mb"": 256.0}, ""inference_output_mean"": 2.3865140419410125e-10}",circuits/qaoa/qaoa_alg_size_20.qasm3,circuits/qaoa/qaoa_alg_size_20.bound.qasm3,circuits/qaoa/qaoa_alg_size_20.normalized.qasm,circuits/qaoa/qaoa_alg_size_20.normalized.bound.qasm
2026-09-19T17:36:02Z,qaoa,21,vqcsim,inference,1,21,135,663,400,0.6033182503770739,4,statevector_no_measurement,0,sparse_irregular,sparse_irregular,"{""cx"": 400, ""u"": 263}",True,True,statevector,0.9999999999950653,1.2900018379033594e-08,6.389989113098863e-11,2.98023223860148e-08,,3,1,3,31.477765000090585,471.6355979999207,2692.6706189997276,206.30887788886162,0.3260238563717804,"[206.67597766653975, 206.19757666675773, 206.05307933328731]",206.30887788886162,364.0,0.0,True,,61.61290322580645,69.0,21.870967741935484,24.0,cuda,,,,,,prepare_once,vectorized,ok,,,"{""circuit_reuse"": {""reused_from_archive"": false, ""reused_from_path"": null, ""reuse_fallback_reason"": null}, ""gpu_preflight"": {""guard_active"": true, ""snapshot"": {""available"": true, ""reason"": null, ""source"": ""torch.cuda.mem_get_info"", ""free_mb"": 15180.6875, ""total_mb"": 15839.375, ""used_mb"": 658.6875, ""device_index"": 0}, ""estimate_required_mb"": 540.8, ""budget_mb"": 13406.61875, ""free_mb"": 15180.6875, ""fraction"": 0.9, ""headroom_mb"": 256.0}, ""device"": ""cuda"", ""vqcsim_compile_policy"": ""prepare_once"", ""vqcsim_batch_policy"": ""vectorized"", ""gpu_post_prepare"": {""guard_active"": true, ""snapshot"": {""available"": true, ""reason"": null, ""source"": ""torch.cuda.mem_get_info"", ""free_mb"": 15184.6875, ""total_mb"": 15839.375, ""used_mb"": 654.6875, ""device_index"": 0}, ""free_mb"": 15184.6875, ""required_min_free_mb"": 256.0}, ""inference_output_mean"": 1.0200199573873192e-09}",circuits/qaoa/qaoa_alg_size_21.qasm3,circuits/qaoa/qaoa_alg_size_21.bound.qasm3,circuits/qaoa/qaoa_alg_size_21.normalized.qasm,circuits/qaoa/qaoa_alg_size_21.normalized.bound.qasm
2026-09-19T17:36:18Z,qaoa,22,vqcsim,inference,1,22,156,828,508,0.6135265700483091,4,statevector_no_measurement,0,dense,dense,"{""cx"": 508, ""u"": 320}",True,True,statevector,0.9999999999937635,1.051852376596901e-08,4.333567913849032e-11,4.4703483582166385e-08,,3,1,3,33.35673099991254,1065.2739170000132,6088.531239000076,467.82545488885165,0.8035850716982884,"[468.73914333324745, 467.22850700007257, 467.5087143332348]",467.82545488885165,428.0,0.0,True,,81.48387096774194,84.0,57.48028673835125,60.0,cuda,,,,,,prepare_once,vectorized,ok,,,"{""circuit_reuse"": {""reused_from_archive"": false, ""reused_from_path"": null, ""reuse_fallback_reason"": null}, ""gpu_preflight"": {""guard_active"": true, ""snapshot"": {""available"": true, ""reason"": null, ""source"": ""torch.cuda.mem_get_info"", ""free_mb"": 15184.6875, ""total_mb"": 15839.375, ""used_mb"": 654.6875, ""device_index"": 0}, ""estimate_required_mb"": 569.6, ""budget_mb"": 13410.21875, ""free_mb"": 15184.6875, ""fraction"": 0.9, ""headroom_mb"": 256.0}, ""device"": ""cuda"", ""vqcsim_compile_policy"": ""prepare_once"", ""vqcsim_batch_policy"": ""vectorized"", ""gpu_post_prepare"": {""guard_active"": true, ""snapshot"": {""available"": true, ""reason"": null, ""source"": ""torch.cuda.mem_get_info"", ""free_mb"": 15184.6875, ""total_mb"": 15839.375, ""used_mb"": 654.6875, ""device_index"": 0}, ""free_mb"": 15184.6875, ""required_min_free_mb"": 256.0}, ""inference_output_mean"": 5.162622551679874e-10}",circuits/qaoa/qaoa_alg_size_22.qasm3,circuits/qaoa/qaoa_alg_size_22.bound.qasm3,circuits/qaoa/qaoa_alg_size_22.normalized.qasm,circuits/qaoa/qaoa_alg_size_22.normalized.bound.qasm
2026-09-19T17:37:00Z,qaoa,23,vqcsim,inference,1,23,162,783,476,0.6079182630906769,4,statevector_no_measurement,0,sparse_irregular,sparse_irregular,"{""cx"": 476, ""u"": 307}",True,True,statevector,0.9999999999939645,6.91584050764512e-09,1.74403695034597e-11,1.415610316052307e-07,,3,1,3,30.727088000276126,2008.8882099998955,11396.02357900003,876.6132163332763,0.48883743821959447,"[877.112147666594, 876.1351403333416, 876.5923609998936]",876.6132163332763,556.0,0.0,True,,90.5,92.0,67.57088122605364,70.0,cuda,,,,,,prepare_once,vectorized,ok,,,"{""circuit_reuse"": {""reused_from_archive"": false, ""reused_from_path"": null, ""reuse_fallback_reason"": null}, ""gpu_preflight"": {""guard_active"": true, ""snapshot"": {""available"": true, ""reason"": null, ""source"": ""torch.cuda.mem_get_info"", ""free_mb"": 15184.6875, ""total_mb"": 15839.375, ""used_mb"": 654.6875, ""device_index"": 0}, ""estimate_required_mb"": 627.2, ""budget_mb"": 13410.21875, ""free_mb"": 15184.6875, ""fraction"": 0.9, ""headroom_mb"": 256.0}, ""device"": ""cuda"", ""vqcsim_compile_policy"": ""prepare_once"", ""vqcsim_batch_policy"": ""vectorized"", ""gpu_post_prepare"": {""guard_active"": true, ""snapshot"": {""available"": true, ""reason"": null, ""source"": ""torch.cuda.mem_get_info"", ""free_mb"": 15185.75, ""total_mb"": 15839.375, ""used_mb"": 653.625, ""device_index"": 0}, ""free_mb"": 15185.75, ""required_min_free_mb"": 256.0}, ""inference_output_mean"": -1.850821718107909e-09}",circuits/qaoa/qaoa_alg_size_23.qasm3,circuits/qaoa/qaoa_alg_size_23.bound.qasm3,circuits/qaoa/qaoa_alg_size_23.normalized.qasm,circuits/qaoa/qaoa_alg_size_23.normalized.bound.qasm
2026-09-19T17:38:19Z,qaoa,24,vqcsim,inference,1,24,177,870,532,0.6114942528735632,4,statevector_no_measurement,0,sparse_irregular,sparse_irregular,"{""cx"": 532, ""u"": 338}",True,True,statevector,0.9999999999933246,5.615631833045464e-09,1.0588049081086154e-11,2.086744474742372e-08,,3,1,3,26.538399999481044,4499.251436999657,24259.733214000335,1864.0557702223707,5.136207193430918,"[1863.956581666874, 1858.969875666844, 1869.2408533333946]",1864.0557702223707,812.0,0.0,True,,95.00271002710028,96.0,71.75971093044264,75.0,cuda,,,,,,prepare_once,vectorized,ok,,,"{""circuit_reuse"": {""reused_from_archive"": false, ""reused_from_path"": null, ""reuse_fallback_reason"": null}, ""gpu_preflight"": {""guard_active"": true, ""snapshot"": {""available"": true, ""reason"": null, ""source"": ""torch.cuda.mem_get_info"", ""free_mb"": 15185.75, ""total_mb"": 15839.375, ""used_mb"": 653.625, ""device_index"": 0}, ""estimate_required_mb"": 742.4, ""budget_mb"": 13411.175000000001, ""free_mb"": 15185.75, ""fraction"": 0.9, ""headroom_mb"": 256.0}, ""device"": ""cuda"", ""vqcsim_compile_policy"": ""prepare_once"", ""vqcsim_batch_policy"": ""vectorized"", ""gpu_post_prepare"": {""guard_active"": true, ""snapshot"": {""available"": true, ""reason"": null, ""source"": ""torch.cuda.mem_get_info"", ""free_mb"": 14746.125, ""total_mb"": 15839.375, ""used_mb"": 1093.25, ""device_index"": 0}, ""free_mb"": 14746.125, ""required_min_free_mb"": 256.0}, ""inference_output_mean"": 1.3555261080266945e-10}",circuits/qaoa/qaoa_alg_size_24.qasm3,circuits/qaoa/qaoa_alg_size_24.bound.qasm3,circuits/qaoa/qaoa_alg_size_24.normalized.qasm,circuits/qaoa/qaoa_alg_size_24.normalized.bound.qasm
2026-09-19T17:41:28Z,qnn,16,vqcsim,inference,1,16,22,111,15,0.13513513513513514,48,terminal_basis_measurement,16,line_like,line_like,"{""cx"": 15, ""u"": 96}",True,True,statevector,0.9999999999998017,3.841771588663597e-08,5.3903932975205016e-09,3.216907411562886e-07,,3,1,3,6.267102999117924,71.35765099974378,384.98701399930724,27.557890333405847,0.06644253922176623,"[27.621061333472124, 27.56400999987818, 27.48859966686723]",27.557890333405847,302.0,0.0,True,,36.0,36.0,29.0,29.0,cuda,,,,,,prepare_once,vectorized,ok,,,"{""circuit_reuse"": {""reused_from_archive"": false, ""reused_from_path"": null, ""reuse_fallback_reason"": null}, ""gpu_preflight"": {""guard_active"": true, ""snapshot"": {""available"": true, ""reason"": null, ""source"": ""torch.cuda.mem_get_info"", ""free_mb"": 15110.875, ""total_mb"": 15839.375, ""used_mb"": 728.5, ""device_index"": 0}, ""estimate_required_mb"": 512.9, ""budget_mb"": 13343.7875, ""free_mb"": 15110.875, ""fraction"": 0.9, ""headroom_mb"": 256.0}, ""device"": ""cuda"", ""vqcsim_compile_policy"": ""prepare_once"", ""vqcsim_batch_policy"": ""vectorized"", ""gpu_post_prepare"": {""guard_active"": true, ""snapshot"": {""available"": true, ""reason"": null, ""source"": ""torch.cuda.mem_get_info"", ""free_mb"": 15110.875, ""total_mb"": 15839.375, ""used_mb"": 728.5, ""device_index"": 0}, ""free_mb"": 15110.875, ""required_min_free_mb"": 256.0}, ""inference_output_mean"": -0.06768068671226501}",circuits/qnn/qnn_alg_size_16.qasm3,circuits/qnn/qnn_alg_size_16.bound.qasm3,circuits/qnn/qnn_alg_size_16.normalized.qasm,circuits/qnn/qnn_alg_size_16.normalized.bound.qasm
2026-09-19T17:41:29Z,qnn,17,vqcsim,inference,1,17,23,118,16,0.13559322033898305,51,terminal_basis_measurement,17,line_like,line_like,"{""cx"": 16, ""u"": 102}",True,True,statevector,0.9999999999997844,5.3136525015395855e-08,1.3249175864066265e-08,2.8761134263088906e-07,,3,1,3,9.303281999564206,81.35496799968678,385.06562000020494,29.29083711104694,0.11884156228931801,"[29.415489999943627, 29.278205333260605, 29.178815999936585]",29.29083711104694,304.0,0.0,True,,15.789473684210526,24.0,0.0,0.0,cuda,,,,,,prepare_once,vectorized,ok,,,"{""circuit_reuse"": {""reused_from_archive"": false, ""reused_from_path"": null, ""reuse_fallback_reason"": null}, ""gpu_preflight"": {""guard_active"": true, ""snapshot"": {""available"": true, ""reason"": null, ""source"": ""torch.cuda.mem_get_info"", ""free_mb"": 15110.875, ""total_mb"": 15839.375, ""used_mb"": 728.5, ""device_index"": 0}, ""estimate_required_mb"": 513.8, ""budget_mb"": 13343.7875, ""free_mb"": 15110.875, ""fraction"": 0.9, ""headroom_mb"": 256.0}, ""device"": ""cuda"", ""vqcsim_compile_policy"": ""prepare_once"", ""vqcsim_batch_policy"": ""vectorized"", ""gpu_post_prepare"": {""guard_active"": true, ""snapshot"": {""available"": true, ""reason"": null, ""source"": ""torch.cuda.mem_get_info"", ""free_mb"": 15110.875, ""total_mb"": 15839.375, ""used_mb"": 728.5, ""device_index"": 0}, ""free_mb"": 15110.875, ""required_min_free_mb"": 256.0}, ""inference_output_mean"": -0.06712604314088821}",circuits/qnn/qnn_alg_size_17.qasm3,circuits/qnn/qnn_alg_size_17.bound.qasm3,circuits/qnn/qnn_alg_size_17.normalized.qasm,circuits/qnn/qnn_alg_size_17.normalized.bound.qasm
2026-09-19T17:41:30Z,qnn,18,vqcsim,inference,1,18,24,125,17,0.136,54,terminal_basis_measurement,18,line_like,line_like,"{""cx"": 17, ""u"": 108}",True,True,statevector,0.9999999999998206,3.109321839908553e-08,6.358973569930981e-09,1.5066144376518764e-07,,3,1,3,9.122059999754129,80.80864800012932,445.4985820002548,32.02036188880205,0.33096340084128606,"[32.267248333179545, 31.64428833315469, 32.14954900007191]",32.02036188880205,302.0,0.0,True,,1.4,28.0,0.0,0.0,cuda,,,,,,prepare_once,vectorized,ok,,,"{""circuit_reuse"": {""reused_from_archive"": false, ""reused_from_path"": null, ""reuse_fallback_reason"": null}, ""gpu_preflight"": {""guard_active"": true, ""snapshot"": {""available"": true, ""reason"": null, ""source"": ""torch.cuda.mem_get_info"", ""free_mb"": 15110.875, ""total_mb"": 15839.375, ""used_mb"": 728.5, ""device_index"": 0}, ""estimate_required_mb"": 515.6, ""budget_mb"": 13343.7875, ""free_mb"": 15110.875, ""fraction"": 0.9, ""headroom_mb"": 256.0}, ""device"": ""cuda"", ""vqcsim_compile_policy"": ""prepare_once"", ""vqcsim_batch_policy"": ""vectorized"", ""gpu_post_prepare"": {""guard_active"": true, ""snapshot"": {""available"": true, ""reason"": null, ""source"": ""torch.cuda.mem_get_info"", ""free_mb"": 15110.875, ""total_mb"": 15839.375, ""used_mb"": 728.5, ""device_index"": 0}, ""free_mb"": 15110.875, ""required_min_free_mb"": 256.0}, ""inference_output_mean"": -0.05780714005231857}",circuits/qnn/qnn_alg_size_18.qasm3,circuits/qnn/qnn_alg_size_18.bound.qasm3,circuits/qnn/qnn_alg_size_18.normalized.qasm,circuits/qnn/qnn_alg_size_18.normalized.bound.qasm
2026-09-19T17:41:31Z,qnn,19,vqcsim,inference,1,19,25,132,18,0.13636363636363635,57,terminal_basis_measurement,19,line_like,line_like,"{""cx"": 18, ""u"": 114}",True,True,statevector,0.9999999999997117,3.428604419748359e-08,6.723294504462629e-09,4.4549336220001123e-07,,3,1,3,6.614665000597597,79.91136700002244,452.7574760004427,34.68855777777612,0.18154647781240627,"[34.75622733337028, 34.8265506666697, 34.482895333288376]",34.68855777777612,320.0,0.0,True,,22.0,22.0,0.0,0.0,cuda,,,,,,prepare_once,vectorized,ok,,,"{""circuit_reuse"": {""reused_from_archive"": false, ""reused_from_path"": null, ""reuse_fallback_reason"": null}, ""gpu_preflight"": {""guard_active"": true, ""snapshot"": {""available"": true, ""reason"": null, ""source"": ""torch.cuda.mem_get_info"", ""free_mb"": 15110.875, ""total_mb"": 15839.375, ""used_mb"": 728.5, ""device_index"": 0}, ""estimate_required_mb"": 519.2, ""budget_mb"": 13343.7875, ""free_mb"": 15110.875, ""fraction"": 0.9, ""headroom_mb"": 256.0}, ""device"": ""cuda"", ""vqcsim_compile_policy"": ""prepare_once"", ""vqcsim_batch_policy"": ""vectorized"", ""gpu_post_prepare"": {""guard_active"": true, ""snapshot"": {""available"": true, ""reason"": null, ""source"": ""torch.cuda.mem_get_info"", ""free_mb"": 15110.875, ""total_mb"": 15839.375, ""used_mb"": 728.5, ""device_index"": 0}, ""free_mb"": 15110.875, ""required_min_free_mb"": 256.0}, ""inference_output_mean"": -0.049150530248880386}",circuits/qnn/qnn_alg_size_19.qasm3,circuits/qnn/qnn_alg_size_19.bound.qasm3,circuits/qnn/qnn_alg_size_19.normalized.qasm,circuits/qnn/qnn_alg_size_19.normalized.bound.qasm
2026-09-19T17:41:32Z,qnn,20,vqcsim,inference,1,20,26,139,19,0.1366906474820144,60,terminal_basis_measurement,20,line_like,line_like,"{""cx"": 19, ""u"": 120}",True,True,statevector,0.9999999999997009,2.5496450076781227e-08,2.8886562274121896e-09,1.8120417355493856e-07,,3,1,3,9.920729000441497,117.49527800020587,574.6210999996038,43.9334048888769,0.2118533639299089,"[44.118739000017136, 43.70246166672587, 43.979013999887684]",43.9334048888769,340.0,0.0,True,,26.785714285714285,48.0,7.5,13.0,cuda,,,,,,prepare_once,vectorized,ok,,,"{""circuit_reuse"": {""reused_from_archive"": false, ""reused_from_path"": null, ""reuse_fallback_reason"": null}, ""gpu_preflight"": {""guard_active"": true, ""snapshot"": {""available"": true, ""reason"": null, ""source"": ""torch.cuda.mem_get_info"", ""free_mb"": 15110.875, ""total_mb"": 15839.375, ""used_mb"": 728.5, ""device_index"": 0}, ""estimate_required_mb"": 526.4, ""budget_mb"": 13343.7875, ""free_mb"": 15110.875, ""fraction"": 0.9, ""headroom_mb"": 256.0}, ""device"": ""cuda"", ""vqcsim_compile_policy"": ""prepare_once"", ""vqcsim_batch_policy"": ""vectorized"", ""gpu_post_prepare"": {""guard_active"": true, ""snapshot"": {""available"": true, ""reason"": null, ""source"": ""torch.cuda.mem_get_info"", ""free_mb"": 15110.875, ""total_mb"": 15839.375, ""used_mb"": 728.5, ""device_index"": 0}, ""free_mb"": 15110.875, ""required_min_free_mb"": 256.0}, ""inference_output_mean"": -0.039972372353076935}",circuits/qnn/qnn_alg_size_20.qasm3,circuits/qnn/qnn_alg_size_20.bound.qasm3,circuits/qnn/qnn_alg_size_20.normalized.qasm,circuits/qnn/qnn_alg_size_20.normalized.bound.qasm
2026-09-19T17:41:33Z,qnn,21,vqcsim,inference,1,21,27,146,20,0.136986301369863,63,terminal_basis_measurement,21,line_like,line_like,"{""cx"": 20, ""u"": 126}",True,True,statevector,0.9999999999997445,2.379793226804515e-08,2.067434556451281e-09,4.7417267778904204e-07,,3,1,3,10.843560000466823,200.81600600042293,830.9091870005432,62.79451422223145,0.14158747462335355,"[62.67257533333274, 62.761169333195234, 62.94979800016639]",62.79451422223145,364.0,0.0,True,,43.61538461538461,63.0,13.794871794871796,20.0,cuda,,,,,,prepare_once,vectorized,ok,,,"{""circuit_reuse"": {""reused_from_archive"": false, ""reused_from_path"": null, ""reuse_fallback_reason"": null}, ""gpu_preflight"": {""guard_active"": true, ""snapshot"": {""available"": true, ""reason"": null, ""source"": ""torch.cuda.mem_get_info"", ""free_mb"": 15110.875, ""total_mb"": 15839.375, ""used_mb"": 728.5, ""device_index"": 0}, ""estimate_required_mb"": 540.8, ""budget_mb"": 13343.7875, ""free_mb"": 15110.875, ""fraction"": 0.9, ""headroom_mb"": 256.0}, ""device"": ""cuda"", ""vqcsim_compile_policy"": ""prepare_once"", ""vqcsim_batch_policy"": ""vectorized"", ""gpu_post_prepare"": {""guard_active"": true, ""snapshot"": {""available"": true, ""reason"": null, ""source"": ""torch.cuda.mem_get_info"", ""free_mb"": 15110.875, ""total_mb"": 15839.375, ""used_mb"": 728.5, ""device_index"": 0}, ""free_mb"": 15110.875, ""required_min_free_mb"": 256.0}, ""inference_output_mean"": -0.016414348036050797}",circuits/qnn/qnn_alg_size_21.qasm3,circuits/qnn/qnn_alg_size_21.bound.qasm3,circuits/qnn/qnn_alg_size_21.normalized.qasm,circuits/qnn/qnn_alg_size_21.normalized.bound.qasm
2026-09-19T17:41:38Z,qnn,22,vqcsim,inference,1,22,28,153,21,0.13725490196078433,66,terminal_basis_measurement,22,line_like,line_like,"{""cx"": 21, ""u"": 132}",True,True,statevector,0.9999999999996725,2.4828157659448878e-08,2.085603773233427e-09,2.9472271223518476e-07,,3,1,3,6.972943000619125,373.6608019999039,1481.7645049997736,113.43841311109928,0.5993636977306507,"[114.10842900022544, 112.9532523330757, 113.2535579999967]",113.43841311109928,428.0,0.0,True,,53.20289855072464,77.0,28.855072463768117,42.0,cuda,,,,,,prepare_once,vectorized,ok,,,"{""circuit_reuse"": {""reused_from_archive"": false, ""reused_from_path"": null, ""reuse_fallback_reason"": null}, ""gpu_preflight"": {""guard_active"": true, ""snapshot"": {""available"": true, ""reason"": null, ""source"": ""torch.cuda.mem_get_info"", ""free_mb"": 15110.875, ""total_mb"": 15839.375, ""used_mb"": 728.5, ""device_index"": 0}, ""estimate_required_mb"": 569.6, ""budget_mb"": 13343.7875, ""free_mb"": 15110.875, ""fraction"": 0.9, ""headroom_mb"": 256.0}, ""device"": ""cuda"", ""vqcsim_compile_policy"": ""prepare_once"", ""vqcsim_batch_policy"": ""vectorized"", ""gpu_post_prepare"": {""guard_active"": true, ""snapshot"": {""available"": true, ""reason"": null, ""source"": ""torch.cuda.mem_get_info"", ""free_mb"": 15110.875, ""total_mb"": 15839.375, ""used_mb"": 728.5, ""device_index"": 0}, ""free_mb"": 15110.875, ""required_min_free_mb"": 256.0}, ""inference_output_mean"": 0.004947975277900696}",circuits/qnn/qnn_alg_size_22.qasm3,circuits/qnn/qnn_alg_size_22.bound.qasm3,circuits/qnn/qnn_alg_size_22.normalized.qasm,circuits/qnn/qnn_alg_size_22.normalized.bound.qasm
2026-09-19T17:41:48Z,qnn,23,vqcsim,inference,1,23,29,160,22,0.1375,69,terminal_basis_measurement,23,line_like,line_like,"{""cx"": 22, ""u"": 138}",True,True,statevector,0.9999999999996848,1.9608256659256964e-08,1.3537275397879078e-09,6.833074230883085e-07,,3,1,3,13.12996800061228,766.9424650002838,2926.5678759993534,224.8865747777826,1.0794641383996644,"[223.94923333316305, 224.64370766677652, 226.06678333340824]",224.8865747777826,556.0,0.0,True,,87.01481481481481,88.0,50.67407407407408,56.0,cuda,,,,,,prepare_once,vectorized,ok,,,"{""circuit_reuse"": {""reused_from_archive"": false, ""reused_from_path"": null, ""reuse_fallback_reason"": null}, ""gpu_preflight"": {""guard_active"": true, ""snapshot"": {""available"": true, ""reason"": null, ""source"": ""torch.cuda.mem_get_info"", ""free_mb"": 15110.875, ""total_mb"": 15839.375, ""used_mb"": 728.5, ""device_index"": 0}, ""estimate_required_mb"": 627.2, ""budget_mb"": 13343.7875, ""free_mb"": 15110.875, ""fraction"": 0.9, ""headroom_mb"": 256.0}, ""device"": ""cuda"", ""vqcsim_compile_policy"": ""prepare_once"", ""vqcsim_batch_policy"": ""vectorized"", ""gpu_post_prepare"": {""guard_active"": true, ""snapshot"": {""available"": true, ""reason"": null, ""source"": ""torch.cuda.mem_get_info"", ""free_mb"": 15110.875, ""total_mb"": 15839.375, ""used_mb"": 728.5, ""device_index"": 0}, ""free_mb"": 15110.875, ""required_min_free_mb"": 256.0}, ""inference_output_mean"": 0.025975631549954414}",circuits/qnn/qnn_alg_size_23.qasm3,circuits/qnn/qnn_alg_size_23.bound.qasm3,circuits/qnn/qnn_alg_size_23.normalized.qasm,circuits/qnn/qnn_alg_size_23.normalized.bound.qasm
2026-09-19T17:42:08Z,qnn,24,vqcsim,inference,1,24,30,167,23,0.1377245508982036,72,terminal_basis_measurement,24,line_like,line_like,"{""cx"": 23, ""u"": 144}",True,True,statevector,0.9999999999996578,1.4491472157918447e-08,9.40155001375939e-10,3.7267284380693155e-07,,3,1,3,20.264405000489205,1571.14896999974,5728.158719999556,440.37931455548255,0.31881784237142063,"[440.6031759999678, 440.52048333317845, 440.0142843333015]",440.37931455548255,812.0,0.0,True,,93.2159090909091,95.0,56.81818181818182,66.0,cuda,,,,,,prepare_once,vectorized,ok,,,"{""circuit_reuse"": {""reused_from_archive"": false, ""reused_from_path"": null, ""reuse_fallback_reason"": null}, ""gpu_preflight"": {""guard_active"": true, ""snapshot"": {""available"": true, ""reason"": null, ""source"": ""torch.cuda.mem_get_info"", ""free_mb"": 15110.875, ""total_mb"": 15839.375, ""used_mb"": 728.5, ""device_index"": 0}, ""estimate_required_mb"": 742.4, ""budget_mb"": 13343.7875, ""free_mb"": 15110.875, ""fraction"": 0.9, ""headroom_mb"": 256.0}, ""device"": ""cuda"", ""vqcsim_compile_policy"": ""prepare_once"", ""vqcsim_batch_policy"": ""vectorized"", ""gpu_post_prepare"": {""guard_active"": true, ""snapshot"": {""available"": true, ""reason"": null, ""source"": ""torch.cuda.mem_get_info"", ""free_mb"": 15109.8125, ""total_mb"": 15839.375, ""used_mb"": 729.5625, ""device_index"": 0}, ""free_mb"": 15109.8125, ""required_min_free_mb"": 256.0}, ""inference_output_mean"": 0.046376556158065796}",circuits/qnn/qnn_alg_size_24.qasm3,circuits/qnn/qnn_alg_size_24.bound.qasm3,circuits/qnn/qnn_alg_size_24.normalized.qasm,circuits/qnn/qnn_alg_size_24.normalized.bound.qasm
2026-09-19T17:42:51Z,vqe_real_amp,16,vqcsim,inference,1,16,24,109,45,0.41284403669724773,64,terminal_basis_measurement,16,line_like,line_like,"{""cx"": 45, ""u"": 64}",True,True,statevector,0.9999999999998077,8.940696716308594e-08,2.204677107542352e-08,8.051928919172724e-07,,3,1,3,4.280051000023377,59.41891800011945,368.35759400037205,27.998173333394842,0.35149701906895947,"[27.939497000261326, 28.375316000165185, 27.679706999758007]",27.998173333394842,302.0,0.0,True,,22.11111111111111,92.0,13.61111111111111,58.0,cuda,,,,,,prepare_once,vectorized,ok,,,"{""circuit_reuse"": {""reused_from_archive"": false, ""reused_from_path"": null, ""reuse_fallback_reason"": null}, ""gpu_preflight"": {""guard_active"": true, ""snapshot"": {""available"": true, ""reason"": null, ""source"": ""torch.cuda.mem_get_info"", ""free_mb"": 15109.8125, ""total_mb"": 15839.375, ""used_mb"": 729.5625, ""device_index"": 0}, ""estimate_required_mb"": 512.9, ""budget_mb"": 13342.831250000001, ""free_mb"": 15109.8125, ""fraction"": 0.9, ""headroom_mb"": 256.0}, ""device"": ""cuda"", ""vqcsim_compile_policy"": ""prepare_once"", ""vqcsim_batch_policy"": ""vectorized"", ""gpu_post_prepare"": {""guard_active"": true, ""snapshot"": {""available"": true, ""reason"": null, ""source"": ""torch.cuda.mem_get_info"", ""free_mb"": 15109.8125, ""total_mb"": 15839.375, ""used_mb"": 729.5625, ""device_index"": 0}, ""free_mb"": 15109.8125, ""required_min_free_mb"": 256.0}, ""inference_output_mean"": 0.09170369803905487}",circuits/vqe_real_amp/vqe_real_amp_alg_size_16.qasm3,circuits/vqe_real_amp/vqe_real_amp_alg_size_16.bound.qasm3,circuits/vqe_real_amp/vqe_real_amp_alg_size_16.normalized.qasm,circuits/vqe_real_amp/vqe_real_amp_alg_size_16.normalized.bound.qasm
2026-09-19T17:42:51Z,vqe_real_amp,17,vqcsim,inference,1,17,25,116,48,0.41379310344827586,68,terminal_basis_measurement,17,line_like,line_like,"{""cx"": 48, ""u"": 68}",True,True,statevector,0.99999999999973,9.685754776000977e-08,2.1113018833229802e-08,8.225404839468098e-07,,3,1,3,6.169725999825459,66.9009939992975,385.5608060002851,29.461279666571098,0.24485022943442913,"[29.739293333174526, 29.366802999902575, 29.277742666636186]",29.461279666571098,304.0,0.0,True,,0.0,0.0,0.0,0.0,cuda,,,,,,prepare_once,vectorized,ok,,,"{""circuit_reuse"": {""reused_from_archive"": false, ""reused_from_path"": null, ""reuse_fallback_reason"": null}, ""gpu_preflight"": {""guard_active"": true, ""snapshot"": {""available"": true, ""reason"": null, ""source"": ""torch.cuda.mem_get_info"", ""free_mb"": 15109.8125, ""total_mb"": 15839.375, ""used_mb"": 729.5625, ""device_index"": 0}, ""estimate_required_mb"": 513.8, ""budget_mb"": 13342.831250000001, ""free_mb"": 15109.8125, ""fraction"": 0.9, ""headroom_mb"": 256.0}, ""device"": ""cuda"", ""vqcsim_compile_policy"": ""prepare_once"", ""vqcsim_batch_policy"": ""vectorized"", ""gpu_post_prepare"": {""guard_active"": true, ""snapshot"": {""available"": true, ""reason"": null, ""source"": ""torch.cuda.mem_get_info"", ""free_mb"": 15109.8125, ""total_mb"": 15839.375, ""used_mb"": 729.5625, ""device_index"": 0}, ""free_mb"": 15109.8125, ""required_min_free_mb"": 256.0}, ""inference_output_mean"": 0.08870621025562286}",circuits/vqe_real_amp/vqe_real_amp_alg_size_17.qasm3,circuits/vqe_real_amp/vqe_real_amp_alg_size_17.bound.qasm3,circuits/vqe_real_amp/vqe_real_amp_alg_size_17.normalized.qasm,circuits/vqe_real_amp/vqe_real_amp_alg_size_17.normalized.bound.qasm
2026-09-19T17:42:52Z,vqe_real_amp,18,vqcsim,inference,1,18,26,123,51,0.4146341463414634,72,terminal_basis_measurement,18,line_like,line_like,"{""cx"": 51, ""u"": 72}",True,True,statevector,0.9999999999997571,1.2665987014770508e-07,2.8531064122372385e-08,1.3694822756926683e-06,,3,1,3,6.042775999958394,68.64110899914522,418.99040800035436,31.91857788877112,0.46039106544575564,"[32.138843666568086, 31.38943166656342, 32.22745833318186]",31.91857788877112,302.0,0.0,True,,0.0,0.0,0.0,0.0,cuda,,,,,,prepare_once,vectorized,ok,,,"{""circuit_reuse"": {""reused_from_archive"": false, ""reused_from_path"": null, ""reuse_fallback_reason"": null}, ""gpu_preflight"": {""guard_active"": true, ""snapshot"": {""available"": true, ""reason"": null, ""source"": ""torch.cuda.mem_get_info"", ""free_mb"": 15109.8125, ""total_mb"": 15839.375, ""used_mb"": 729.5625, ""device_index"": 0}, ""estimate_required_mb"": 515.6, ""budget_mb"": 13342.831250000001, ""free_mb"": 15109.8125, ""fraction"": 0.9, ""headroom_mb"": 256.0}, ""device"": ""cuda"", ""vqcsim_compile_policy"": ""prepare_once"", ""vqcsim_batch_policy"": ""vectorized"", ""gpu_post_prepare"": {""guard_active"": true, ""snapshot"": {""available"": true, ""reason"": null, ""source"": ""torch.cuda.mem_get_info"", ""free_mb"": 15109.8125, ""total_mb"": 15839.375, ""used_mb"": 729.5625, ""device_index"": 0}, ""free_mb"": 15109.8125, ""required_min_free_mb"": 256.0}, ""inference_output_mean"": 0.09944397211074829}",circuits/vqe_real_amp/vqe_real_amp_alg_size_18.qasm3,circuits/vqe_real_amp/vqe_real_amp_alg_size_18.bound.qasm3,circuits/vqe_real_amp/vqe_real_amp_alg_size_18.normalized.qasm,circuits/vqe_real_amp/vqe_real_amp_alg_size_18.normalized.bound.qasm
2026-09-19T17:42:53Z,vqe_real_amp,19,vqcsim,inference,1,19,27,130,54,0.4153846153846154,76,terminal_basis_measurement,19,line_like,line_like,"{""cx"": 54, ""u"": 76}",True,True,statevector,0.99999999999975,8.940696716308594e-08,2.0692854096893143e-08,7.89226455633063e-07,,3,1,3,6.176251999931992,75.97927400001936,451.1753980004869,34.38184622225688,0.34607634669894,"[34.688901000057136, 34.00683100001819, 34.449806666695316]",34.38184622225688,320.0,0.0,True,,29.90909090909091,31.0,0.0,0.0,cuda,,,,,,prepare_once,vectorized,ok,,,"{""circuit_reuse"": {""reused_from_archive"": false, ""reused_from_path"": null, ""reuse_fallback_reason"": null}, ""gpu_preflight"": {""guard_active"": true, ""snapshot"": {""available"": true, ""reason"": null, ""source"": ""torch.cuda.mem_get_info"", ""free_mb"": 15109.8125, ""total_mb"": 15839.375, ""used_mb"": 729.5625, ""device_index"": 0}, ""estimate_required_mb"": 519.2, ""budget_mb"": 13342.831250000001, ""free_mb"": 15109.8125, ""fraction"": 0.9, ""headroom_mb"": 256.0}, ""device"": ""cuda"", ""vqcsim_compile_policy"": ""prepare_once"", ""vqcsim_batch_policy"": ""vectorized"", ""gpu_post_prepare"": {""guard_active"": true, ""snapshot"": {""available"": true, ""reason"": null, ""source"": ""torch.cuda.mem_get_info"", ""free_mb"": 15109.8125, ""total_mb"": 15839.375, ""used_mb"": 729.5625, ""device_index"": 0}, ""free_mb"": 15109.8125, ""required_min_free_mb"": 256.0}, ""inference_output_mean"": 0.12493934482336044}",circuits/vqe_real_amp/vqe_real_amp_alg_size_19.qasm3,circuits/vqe_real_amp/vqe_real_amp_alg_size_19.bound.qasm3,circuits/vqe_real_amp/vqe_real_amp_alg_size_19.normalized.qasm,circuits/vqe_real_amp/vqe_real_amp_alg_size_19.normalized.bound.qasm
2026-09-19T17:42:54Z,vqe_real_amp,20,vqcsim,inference,1,20,28,137,57,0.41605839416058393,80,terminal_basis_measurement,20,line_like,line_like,"{""cx"": 57, ""u"": 80}",True,True,statevector,0.9999999999997335,6.705522537231445e-08,1.4548533877611902e-08,8.427828688262196e-07,,3,1,3,47.453318999941985,114.09880399969552,554.8945330001516,42.54263777774112,0.12662443603312698,"[42.65721166666481, 42.56401699997999, 42.40668466657856]",42.54263777774112,340.0,0.0,True,,15.333333333333334,46.0,4.333333333333333,13.0,cuda,,,,,,prepare_once,vectorized,ok,,,"{""circuit_reuse"": {""reused_from_archive"": false, ""reused_from_path"": null, ""reuse_fallback_reason"": null}, ""gpu_preflight"": {""guard_active"": true, ""snapshot"": {""available"": true, ""reason"": null, ""source"": ""torch.cuda.mem_get_info"", ""free_mb"": 15109.8125, ""total_mb"": 15839.375, ""used_mb"": 729.5625, ""device_index"": 0}, ""estimate_required_mb"": 526.4, ""budget_mb"": 13342.831250000001, ""free_mb"": 15109.8125, ""fraction"": 0.9, ""headroom_mb"": 256.0}, ""device"": ""cuda"", ""vqcsim_compile_policy"": ""prepare_once"", ""vqcsim_batch_policy"": ""vectorized"", ""gpu_post_prepare"": {""guard_active"": true, ""snapshot"": {""available"": true, ""reason"": null, ""source"": ""torch.cuda.mem_get_info"", ""free_mb"": 15109.8125, ""total_mb"": 15839.375, ""used_mb"": 729.5625, ""device_index"": 0}, ""free_mb"": 15109.8125, ""required_min_free_mb"": 256.0}, ""inference_output_mean"": 0.11989730596542358}",circuits/vqe_real_amp/vqe_real_amp_alg_size_20.qasm3,circuits/vqe_real_amp/vqe_real_amp_alg_size_20.bound.qasm3,circuits/vqe_real_amp/vqe_real_amp_alg_size_20.normalized.qasm,circuits/vqe_real_amp/vqe_real_amp_alg_size_20.normalized.bound.qasm
2026-09-19T17:42:56Z,vqe_real_amp,21,vqcsim,inference,1,21,29,144,60,0.4166666666666667,84,terminal_basis_measurement,21,line_like,line_like,"{""cx"": 60, ""u"": 84}",True,True,statevector,0.9999999999996287,1.043081283569336e-07,2.2718018799494644e-08,1.0416244861088941e-06,,3,1,3,8.174808000148914,193.45398799941904,779.5896449997599,59.85751511111125,0.5451995630229927,"[60.459280666691484, 59.71679233334726, 59.396472333295]",59.85751511111125,364.0,0.0,True,,42.432432432432435,60.0,14.594594594594595,20.0,cuda,,,,,,prepare_once,vectorized,ok,,,"{""circuit_reuse"": {""reused_from_archive"": false, ""reused_from_path"": null, ""reuse_fallback_reason"": null}, ""gpu_preflight"": {""guard_active"": true, ""snapshot"": {""available"": true, ""reason"": null, ""source"": ""torch.cuda.mem_get_info"", ""free_mb"": 15109.8125, ""total_mb"": 15839.375, ""used_mb"": 729.5625, ""device_index"": 0}, ""estimate_required_mb"": 540.8, ""budget_mb"": 13342.831250000001, ""free_mb"": 15109.8125, ""fraction"": 0.9, ""headroom_mb"": 256.0}, ""device"": ""cuda"", ""vqcsim_compile_policy"": ""prepare_once"", ""vqcsim_batch_policy"": ""vectorized"", ""gpu_post_prepare"": {""guard_active"": true, ""snapshot"": {""available"": true, ""reason"": null, ""source"": ""torch.cuda.mem_get_info"", ""free_mb"": 15109.8125, ""total_mb"": 15839.375, ""used_mb"": 729.5625, ""device_index"": 0}, ""free_mb"": 15109.8125, ""required_min_free_mb"": 256.0}, ""inference_output_mean"": 0.1344790756702423}",circuits/vqe_real_amp/vqe_real_amp_alg_size_21.qasm3,circuits/vqe_real_amp/vqe_real_amp_alg_size_21.bound.qasm3,circuits/vqe_real_amp/vqe_real_amp_alg_size_21.normalized.qasm,circuits/vqe_real_amp/vqe_real_amp_alg_size_21.normalized.bound.qasm
2026-09-19T17:43:00Z,vqe_real_amp,22,vqcsim,inference,1,22,30,151,63,0.41721854304635764,88,terminal_basis_measurement,22,line_like,line_like,"{""cx"": 63, ""u"": 88}",True,True,statevector,0.9999999999996563,8.195638656616211e-08,1.536083044095804e-08,8.05186352592635e-07,,3,1,3,6.578516999979911,376.18889900022623,1369.7895069999504,104.39895133327406,0.08252903129531834,"[104.37707566658598, 104.3295639998784, 104.49021433335777]",104.39895133327406,428.0,0.0,True,,50.26984126984127,76.0,30.53968253968254,47.0,cuda,,,,,,prepare_once,vectorized,ok,,,"{""circuit_reuse"": {""reused_from_archive"": false, ""reused_from_path"": null, ""reuse_fallback_reason"": null}, ""gpu_preflight"": {""guard_active"": true, ""snapshot"": {""available"": true, ""reason"": null, ""source"": ""torch.cuda.mem_get_info"", ""free_mb"": 15109.8125, ""total_mb"": 15839.375, ""used_mb"": 729.5625, ""device_index"": 0}, ""estimate_required_mb"": 569.6, ""budget_mb"": 13342.831250000001, ""free_mb"": 15109.8125, ""fraction"": 0.9, ""headroom_mb"": 256.0}, ""device"": ""cuda"", ""vqcsim_compile_policy"": ""prepare_once"", ""vqcsim_batch_policy"": ""vectorized"", ""gpu_post_prepare"": {""guard_active"": true, ""snapshot"": {""available"": true, ""reason"": null, ""source"": ""torch.cuda.mem_get_info"", ""free_mb"": 15109.8125, ""total_mb"": 15839.375, ""used_mb"": 729.5625, ""device_index"": 0}, ""free_mb"": 15109.8125, ""required_min_free_mb"": 256.0}, ""inference_output_mean"": 0.12959805130958557}",circuits/vqe_real_amp/vqe_real_amp_alg_size_22.qasm3,circuits/vqe_real_amp/vqe_real_amp_alg_size_22.bound.qasm3,circuits/vqe_real_amp/vqe_real_amp_alg_size_22.normalized.qasm,circuits/vqe_real_amp/vqe_real_amp_alg_size_22.normalized.bound.qasm
2026-09-19T17:43:10Z,vqe_real_amp,23,vqcsim,inference,1,23,31,158,66,0.4177215189873418,92,terminal_basis_measurement,23,line_like,line_like,"{""cx"": 66, ""u"": 92}",True,True,statevector,0.9999999999996345,1.1920928955078125e-07,1.967955753912065e-08,1.6285669602877917e-06,,3,1,3,13.550617000873899,770.3513460000977,2684.1709860000265,206.41595366679314,0.3057321629863944,"[206.7491873334196, 206.35027566671246, 206.14839800024734]",206.41595366679314,556.0,0.0,True,,76.78225806451613,88.0,51.66129032258065,62.0,cuda,,,,,,prepare_once,vectorized,ok,,,"{""circuit_reuse"": {""reused_from_archive"": false, ""reused_from_path"": null, ""reuse_fallback_reason"": null}, ""gpu_preflight"": {""guard_active"": true, ""snapshot"": {""available"": true, ""reason"": null, ""source"": ""torch.cuda.mem_get_info"", ""free_mb"": 15109.8125, ""total_mb"": 15839.375, ""used_mb"": 729.5625, ""device_index"": 0}, ""estimate_required_mb"": 627.2, ""budget_mb"": 13342.831250000001, ""free_mb"": 15109.8125, ""fraction"": 0.9, ""headroom_mb"": 256.0}, ""device"": ""cuda"", ""vqcsim_compile_policy"": ""prepare_once"", ""vqcsim_batch_policy"": ""vectorized"", ""gpu_post_prepare"": {""guard_active"": true, ""snapshot"": {""available"": true, ""reason"": null, ""source"": ""torch.cuda.mem_get_info"", ""free_mb"": 15110.875, ""total_mb"": 15839.375, ""used_mb"": 728.5, ""device_index"": 0}, ""free_mb"": 15110.875, ""required_min_free_mb"": 256.0}, ""inference_output_mean"": 0.12802249193191528}",circuits/vqe_real_amp/vqe_real_amp_alg_size_23.qasm3,circuits/vqe_real_amp/vqe_real_amp_alg_size_23.bound.qasm3,circuits/vqe_real_amp/vqe_real_amp_alg_size_23.normalized.qasm,circuits/vqe_real_amp/vqe_real_amp_alg_size_23.normalized.bound.qasm
2026-09-19T17:43:31Z,vqe_real_amp,24,vqcsim,inference,1,24,32,165,69,0.41818181818181815,96,terminal_basis_measurement,24,line_like,line_like,"{""cx"": 69, ""u"": 96}",True,True,statevector,0.9999999999996305,8.195638656616211e-08,1.079399208903098e-08,1.1544626787873824e-06,,3,1,3,16.710050999790838,1532.5613679997332,5248.774575000425,403.7605104444487,0.8841438065148789,"[404.66586933325743, 403.7164313334263, 402.89923066666233]",403.7605104444487,812.0,0.0,True,,92.70247933884298,94.0,64.40082644628099,67.0,cuda,,,,,,prepare_once,vectorized,ok,,,"{""circuit_reuse"": {""reused_from_archive"": false, ""reused_from_path"": null, ""reuse_fallback_reason"": null}, ""gpu_preflight"": {""guard_active"": true, ""snapshot"": {""available"": true, ""reason"": null, ""source"": ""torch.cuda.mem_get_info"", ""free_mb"": 15110.875, ""total_mb"": 15839.375, ""used_mb"": 728.5, ""device_index"": 0}, ""estimate_required_mb"": 742.4, ""budget_mb"": 13343.7875, ""free_mb"": 15110.875, ""fraction"": 0.9, ""headroom_mb"": 256.0}, ""device"": ""cuda"", ""vqcsim_compile_policy"": ""prepare_once"", ""vqcsim_batch_policy"": ""vectorized"", ""gpu_post_prepare"": {""guard_active"": true, ""snapshot"": {""available"": true, ""reason"": null, ""source"": ""torch.cuda.mem_get_info"", ""free_mb"": 15110.875, ""total_mb"": 15839.375, ""used_mb"": 728.5, ""device_index"": 0}, ""free_mb"": 15110.875, ""required_min_free_mb"": 256.0}, ""inference_output_mean"": 0.1257316917181015}",circuits/vqe_real_amp/vqe_real_amp_alg_size_24.qasm3,circuits/vqe_real_amp/vqe_real_amp_alg_size_24.bound.qasm3,circuits/vqe_real_amp/vqe_real_amp_alg_size_24.normalized.qasm,circuits/vqe_real_amp/vqe_real_amp_alg_size_24.normalized.bound.qasm
2026-09-19T17:44:14Z,vqe_su2,16,vqcsim,inference,1,16,28,173,45,0.26011560693641617,128,terminal_basis_measurement,16,line_like,line_like,"{""cx"": 45, ""u"": 128}",True,True,statevector,0.999999999999601,4.33952484271621e-08,2.051074206419097e-09,1.4297553339037705e-06,,3,1,3,7.774989000608912,108.66397800054983,694.9626179994084,53.130572111108954,0.2437454064178069,"[52.94023100001747, 53.405296333342754, 53.04618899996664]",53.130572111108954,302.0,0.0,True,,38.54545454545455,54.0,20.181818181818183,37.0,cuda,,,,,,prepare_once,vectorized,ok,,,"{""circuit_reuse"": {""reused_from_archive"": false, ""reused_from_path"": null, ""reuse_fallback_reason"": null}, ""gpu_preflight"": {""guard_active"": true, ""snapshot"": {""available"": true, ""reason"": null, ""source"": ""torch.cuda.mem_get_info"", ""free_mb"": 15110.875, ""total_mb"": 15839.375, ""used_mb"": 728.5, ""device_index"": 0}, ""estimate_required_mb"": 512.9, ""budget_mb"": 13343.7875, ""free_mb"": 15110.875, ""fraction"": 0.9, ""headroom_mb"": 256.0}, ""device"": ""cuda"", ""vqcsim_compile_policy"": ""prepare_once"", ""vqcsim_batch_policy"": ""vectorized"", ""gpu_post_prepare"": {""guard_active"": true, ""snapshot"": {""available"": true, ""reason"": null, ""source"": ""torch.cuda.mem_get_info"", ""free_mb"": 15110.875, ""total_mb"": 15839.375, ""used_mb"": 728.5, ""device_index"": 0}, ""free_mb"": 15110.875, ""required_min_free_mb"": 256.0}, ""inference_output_mean"": -0.00365341454744339}",circuits/vqe_su2/vqe_su2_alg_size_16.qasm3,circuits/vqe_su2/vqe_su2_alg_size_16.bound.qasm3,circuits/vqe_su2/vqe_su2_alg_size_16.normalized.qasm,circuits/vqe_su2/vqe_su2_alg_size_16.normalized.bound.qasm
2026-09-19T17:44:14Z,vqe_su2,17,vqcsim,inference,1,17,29,184,48,0.2608695652173913,136,terminal_basis_measurement,17,line_like,line_like,"{""cx"": 48, ""u"": 136}",True,True,statevector,0.9999999999996336,2.6981633857325438e-08,1.0945921669600935e-09,6.310306177037539e-07,,3,1,3,8.730853000088246,119.29825900006108,743.7180639999497,57.15141166668521,0.39252611869274695,"[56.71110866690773, 57.2784143332683, 57.464711999879604]",57.15141166668521,304.0,0.0,True,,14.457142857142857,22.0,0.0,0.0,cuda,,,,,,prepare_once,vectorized,ok,,,"{""circuit_reuse"": {""reused_from_archive"": false, ""reused_from_path"": null, ""reuse_fallback_reason"": null}, ""gpu_preflight"": {""guard_active"": true, ""snapshot"": {""available"": true, ""reason"": null, ""source"": ""torch.cuda.mem_get_info"", ""free_mb"": 15110.875, ""total_mb"": 15839.375, ""used_mb"": 728.5, ""device_index"": 0}, ""estimate_required_mb"": 513.8, ""budget_mb"": 13343.7875, ""free_mb"": 15110.875, ""fraction"": 0.9, ""headroom_mb"": 256.0}, ""device"": ""cuda"", ""vqcsim_compile_policy"": ""prepare_once"", ""vqcsim_batch_policy"": ""vectorized"", ""gpu_post_prepare"": {""guard_active"": true, ""snapshot"": {""available"": true, ""reason"": null, ""source"": ""torch.cuda.mem_get_info"", ""free_mb"": 15110.875, ""total_mb"": 15839.375, ""used_mb"": 728.5, ""device_index"": 0}, ""free_mb"": 15110.875, ""required_min_free_mb"": 256.0}, ""inference_output_mean"": 0.01626257784664631}",circuits/vqe_su2/vqe_su2_alg_size_17.qasm3,circuits/vqe_su2/vqe_su2_alg_size_17.bound.qasm3,circuits/vqe_su2/vqe_su2_alg_size_17.normalized.qasm,circuits/vqe_su2/vqe_su2_alg_size_17.normalized.bound.qasm
2026-09-19T17:44:16Z,vqe_su2,18,vqcsim,inference,1,18,30,195,51,0.26153846153846155,144,terminal_basis_measurement,18,line_like,line_like,"{""cx"": 51, ""u"": 144}",True,True,statevector,0.9999999999995741,3.618495858981458e-08,2.0547210183297082e-09,6.441961504788374e-07,,3,1,3,11.93381099983526,136.07097699969017,803.8414849997935,60.306898333288295,0.4986421813591772,"[59.747063999869475, 60.470268666601136, 60.703362333394274]",60.306898333288295,302.0,0.0,True,,24.135135135135137,26.0,0.0,0.0,cuda,,,,,,prepare_once,vectorized,ok,,,"{""circuit_reuse"": {""reused_from_archive"": false, ""reused_from_path"": null, ""reuse_fallback_reason"": null}, ""gpu_preflight"": {""guard_active"": true, ""snapshot"": {""available"": true, ""reason"": null, ""source"": ""torch.cuda.mem_get_info"", ""free_mb"": 15110.875, ""total_mb"": 15839.375, ""used_mb"": 728.5, ""device_index"": 0}, ""estimate_required_mb"": 515.6, ""budget_mb"": 13343.7875, ""free_mb"": 15110.875, ""fraction"": 0.9, ""headroom_mb"": 256.0}, ""device"": ""cuda"", ""vqcsim_compile_policy"": ""prepare_once"", ""vqcsim_batch_policy"": ""vectorized"", ""gpu_post_prepare"": {""guard_active"": true, ""snapshot"": {""available"": true, ""reason"": null, ""source"": ""torch.cuda.mem_get_info"", ""free_mb"": 15110.875, ""total_mb"": 15839.375, ""used_mb"": 728.5, ""device_index"": 0}, ""free_mb"": 15110.875, ""required_min_free_mb"": 256.0}, ""inference_output_mean"": -0.014429870992898941}",circuits/vqe_su2/vqe_su2_alg_size_18.qasm3,circuits/vqe_su2/vqe_su2_alg_size_18.bound.qasm3,circuits/vqe_su2/vqe_su2_alg_size_18.normalized.qasm,circuits/vqe_su2/vqe_su2_alg_size_18.normalized.bound.qasm
2026-09-19T17:44:17Z,vqe_su2,19,vqcsim,inference,1,19,31,206,54,0.2621359223300971,152,terminal_basis_measurement,19,line_like,line_like,"{""cx"": 54, ""u"": 152}",True,True,statevector,0.9999999999995426,5.5951895811639087e-08,5.2872475139395525e-09,8.51066821350166e-07,,3,1,3,10.20912599960866,137.37092500014114,846.5558329999112,64.55728555556561,0.07673321983517764,"[64.64040166671718, 64.48914233351388, 64.54231266646578]",64.55728555556561,320.0,0.0,True,,21.5,34.0,0.0,0.0,cuda,,,,,,prepare_once,vectorized,ok,,,"{""circuit_reuse"": {""reused_from_archive"": false, ""reused_from_path"": null, ""reuse_fallback_reason"": null}, ""gpu_preflight"": {""guard_active"": true, ""snapshot"": {""available"": true, ""reason"": null, ""source"": ""torch.cuda.mem_get_info"", ""free_mb"": 15110.875, ""total_mb"": 15839.375, ""used_mb"": 728.5, ""device_index"": 0}, ""estimate_required_mb"": 519.2, ""budget_mb"": 13343.7875, ""free_mb"": 15110.875, ""fraction"": 0.9, ""headroom_mb"": 256.0}, ""device"": ""cuda"", ""vqcsim_compile_policy"": ""prepare_once"", ""vqcsim_batch_policy"": ""vectorized"", ""gpu_post_prepare"": {""guard_active"": true, ""snapshot"": {""available"": true, ""reason"": null, ""source"": ""torch.cuda.mem_get_info"", ""free_mb"": 15110.875, ""total_mb"": 15839.375, ""used_mb"": 728.5, ""device_index"": 0}, ""free_mb"": 15110.875, ""required_min_free_mb"": 256.0}, ""inference_output_mean"": -0.020306600257754326}",circuits/vqe_su2/vqe_su2_alg_size_19.qasm3,circuits/vqe_su2/vqe_su2_alg_size_19.bound.qasm3,circuits/vqe_su2/vqe_su2_alg_size_19.normalized.qasm,circuits/vqe_su2/vqe_su2_alg_size_19.normalized.bound.qasm
2026-09-19T17:44:18Z,vqe_su2,20,vqcsim,inference,1,20,32,217,57,0.2626728110599078,160,terminal_basis_measurement,20,line_like,line_like,"{""cx"": 57, ""u"": 160}",True,True,statevector,0.9999999999995042,2.578740588421491e-08,1.0678712611443889e-09,6.503809790725512e-07,,3,1,3,8.666600999276852,189.14591099928657,1044.5638069995766,78.89340544443257,0.7061575359543947,"[78.08717100003075, 79.4021066667483, 79.19093866651868]",78.89340544443257,340.0,0.0,True,,32.25,43.0,8.479166666666666,12.0,cuda,,,,,,prepare_once,vectorized,ok,,,"{""circuit_reuse"": {""reused_from_archive"": false, ""reused_from_path"": null, ""reuse_fallback_reason"": null}, ""gpu_preflight"": {""guard_active"": true, ""snapshot"": {""available"": true, ""reason"": null, ""source"": ""torch.cuda.mem_get_info"", ""free_mb"": 15110.875, ""total_mb"": 15839.375, ""used_mb"": 728.5, ""device_index"": 0}, ""estimate_required_mb"": 526.4, ""budget_mb"": 13343.7875, ""free_mb"": 15110.875, ""fraction"": 0.9, ""headroom_mb"": 256.0}, ""device"": ""cuda"", ""vqcsim_compile_policy"": ""prepare_once"", ""vqcsim_batch_policy"": ""vectorized"", ""gpu_post_prepare"": {""guard_active"": true, ""snapshot"": {""available"": true, ""reason"": null, ""source"": ""torch.cuda.mem_get_info"", ""free_mb"": 15110.875, ""total_mb"": 15839.375, ""used_mb"": 728.5, ""device_index"": 0}, ""free_mb"": 15110.875, ""required_min_free_mb"": 256.0}, ""inference_output_mean"": 0.0012194894952699542}",circuits/vqe_su2/vqe_su2_alg_size_20.qasm3,circuits/vqe_su2/vqe_su2_alg_size_20.bound.qasm3,circuits/vqe_su2/vqe_su2_alg_size_20.normalized.qasm,circuits/vqe_su2/vqe_su2_alg_size_20.normalized.bound.qasm
2026-09-19T17:44:21Z,vqe_su2,21,vqcsim,inference,1,21,33,228,60,0.2631578947368421,168,terminal_basis_measurement,21,line_like,line_like,"{""cx"": 60, ""u"": 168}",True,True,statevector,0.9999999999994795,2.8755646213430398e-08,9.408437917093025e-10,1.0887923262425936e-06,,3,1,3,15.467291000277328,299.07355700015614,1425.6793080003263,108.66230966672042,0.1780953516520133,"[108.47279533330341, 108.68792066685273, 108.82621300000513]",108.66230966672042,364.0,0.0,True,,46.0,56.0,14.363636363636363,18.0,cuda,,,,,,prepare_once,vectorized,ok,,,"{""circuit_reuse"": {""reused_from_archive"": false, ""reused_from_path"": null, ""reuse_fallback_reason"": null}, ""gpu_preflight"": {""guard_active"": true, ""snapshot"": {""available"": true, ""reason"": null, ""source"": ""torch.cuda.mem_get_info"", ""free_mb"": 15110.875, ""total_mb"": 15839.375, ""used_mb"": 728.5, ""device_index"": 0}, ""estimate_required_mb"": 540.8, ""budget_mb"": 13343.7875, ""free_mb"": 15110.875, ""fraction"": 0.9, ""headroom_mb"": 256.0}, ""device"": ""cuda"", ""vqcsim_compile_policy"": ""prepare_once"", ""vqcsim_batch_policy"": ""vectorized"", ""gpu_post_prepare"": {""guard_active"": true, ""snapshot"": {""available"": true, ""reason"": null, ""source"": ""torch.cuda.mem_get_info"", ""free_mb"": 15110.625, ""total_mb"": 15839.375, ""used_mb"": 728.75, ""device_index"": 0}, ""free_mb"": 15110.625, ""required_min_free_mb"": 256.0}, ""inference_output_mean"": -0.00030885779415257275}",circuits/vqe_su2/vqe_su2_alg_size_21.qasm3,circuits/vqe_su2/vqe_su2_alg_size_21.bound.qasm3,circuits/vqe_su2/vqe_su2_alg_size_21.normalized.qasm,circuits/vqe_su2/vqe_su2_alg_size_21.normalized.bound.qasm
2026-09-19T17:44:28Z,vqe_su2,22,vqcsim,inference,1,22,34,239,63,0.26359832635983266,176,terminal_basis_measurement,22,line_like,line_like,"{""cx"": 63, ""u"": 176}",True,True,statevector,0.9999999999994604,2.4463457960444044e-08,6.079223932250761e-10,8.584079080053986e-07,,3,1,3,15.66892899973027,550.6311980007013,2382.832865999262,182.26877866668983,0.125364843184023,"[182.12694666666115, 182.36477666687279, 182.31461266653545]",182.26877866668983,428.0,0.0,True,,73.62727272727273,75.0,43.054545454545455,45.0,cuda,,,,,,prepare_once,vectorized,ok,,,"{""circuit_reuse"": {""reused_from_archive"": false, ""reused_from_path"": null, ""reuse_fallback_reason"": null}, ""gpu_preflight"": {""guard_active"": true, ""snapshot"": {""available"": true, ""reason"": null, ""source"": ""torch.cuda.mem_get_info"", ""free_mb"": 15110.625, ""total_mb"": 15839.375, ""used_mb"": 728.75, ""device_index"": 0}, ""estimate_required_mb"": 569.6, ""budget_mb"": 13343.5625, ""free_mb"": 15110.625, ""fraction"": 0.9, ""headroom_mb"": 256.0}, ""device"": ""cuda"", ""vqcsim_compile_policy"": ""prepare_once"", ""vqcsim_batch_policy"": ""vectorized"", ""gpu_post_prepare"": {""guard_active"": true, ""snapshot"": {""available"": true, ""reason"": null, ""source"": ""torch.cuda.mem_get_info"", ""free_mb"": 15110.375, ""total_mb"": 15839.375, ""used_mb"": 729.0, ""device_index"": 0}, ""free_mb"": 15110.375, ""required_min_free_mb"": 256.0}, ""inference_output_mean"": -0.018197624012827873}",circuits/vqe_su2/vqe_su2_alg_size_22.qasm3,circuits/vqe_su2/vqe_su2_alg_size_22.bound.qasm3,circuits/vqe_su2/vqe_su2_alg_size_22.normalized.qasm,circuits/vqe_su2/vqe_su2_alg_size_22.normalized.bound.qasm
2026-09-19T17:44:44Z,vqe_su2,23,vqcsim,inference,1,23,35,250,66,0.264,184,terminal_basis_measurement,23,line_like,line_like,"{""cx"": 66, ""u"": 184}",True,True,statevector,0.9999999999993587,1.6136841669630188e-08,2.5899962986201e-10,8.524840966750435e-07,,3,1,3,22.896219000358542,1066.6213429994968,4530.414711999583,347.9979454444522,0.36096711898042444,"[348.1649993333728, 348.2451253333541, 347.5837116666298]",347.9979454444522,556.0,0.0,True,,80.82692307692308,86.0,50.0625,58.0,cuda,,,,,,prepare_once,vectorized,ok,,,"{""circuit_reuse"": {""reused_from_archive"": false, ""reused_from_path"": null, ""reuse_fallback_reason"": null}, ""gpu_preflight"": {""guard_active"": true, ""snapshot"": {""available"": true, ""reason"": null, ""source"": ""torch.cuda.mem_get_info"", ""free_mb"": 15110.375, ""total_mb"": 15839.375, ""used_mb"": 729.0, ""device_index"": 0}, ""estimate_required_mb"": 627.2, ""budget_mb"": 13343.3375, ""free_mb"": 15110.375, ""fraction"": 0.9, ""headroom_mb"": 256.0}, ""device"": ""cuda"", ""vqcsim_compile_policy"": ""prepare_once"", ""vqcsim_batch_policy"": ""vectorized"", ""gpu_post_prepare"": {""guard_active"": true, ""snapshot"": {""available"": true, ""reason"": null, ""source"": ""torch.cuda.mem_get_info"", ""free_mb"": 15110.375, ""total_mb"": 15839.375, ""used_mb"": 729.0, ""device_index"": 0}, ""free_mb"": 15110.375, ""required_min_free_mb"": 256.0}, ""inference_output_mean"": -0.03967391327023506}",circuits/vqe_su2/vqe_su2_alg_size_23.qasm3,circuits/vqe_su2/vqe_su2_alg_size_23.bound.qasm3,circuits/vqe_su2/vqe_su2_alg_size_23.normalized.qasm,circuits/vqe_su2/vqe_su2_alg_size_23.normalized.bound.qasm
2026-09-19T17:45:16Z,vqe_su2,24,vqcsim,inference,1,24,36,261,69,0.26436781609195403,192,terminal_basis_measurement,24,line_like,line_like,"{""cx"": 69, ""u"": 192}",True,True,statevector,0.9999999999992308,8.970700711257386e-09,9.688183581253599e-11,6.336218453806275e-07,,3,1,3,24.97136399961164,2080.326469999818,8705.498780999733,669.9043709999792,3.29415149570034,"[673.4715663333191, 669.2643520000274, 666.9771946665909]",669.9043709999792,812.0,0.0,True,,89.56140350877193,91.0,51.365914786967416,58.0,cuda,,,,,,prepare_once,vectorized,ok,,,"{""circuit_reuse"": {""reused_from_archive"": false, ""reused_from_path"": null, ""reuse_fallback_reason"": null}, ""gpu_preflight"": {""guard_active"": true, ""snapshot"": {""available"": true, ""reason"": null, ""source"": ""torch.cuda.mem_get_info"", ""free_mb"": 15110.375, ""total_mb"": 15839.375, ""used_mb"": 729.0, ""device_index"": 0}, ""estimate_required_mb"": 742.4, ""budget_mb"": 13343.3375, ""free_mb"": 15110.375, ""fraction"": 0.9, ""headroom_mb"": 256.0}, ""device"": ""cuda"", ""vqcsim_compile_policy"": ""prepare_once"", ""vqcsim_batch_policy"": ""vectorized"", ""gpu_post_prepare"": {""guard_active"": true, ""snapshot"": {""available"": true, ""reason"": null, ""source"": ""torch.cuda.mem_get_info"", ""free_mb"": 15115.0625, ""total_mb"": 15839.375, ""used_mb"": 724.3125, ""device_index"": 0}, ""free_mb"": 15115.0625, ""required_min_free_mb"": 256.0}, ""inference_output_mean"": -0.044939905405044556}",circuits/vqe_su2/vqe_su2_alg_size_24.qasm3,circuits/vqe_su2/vqe_su2_alg_size_24.bound.qasm3,circuits/vqe_su2/vqe_su2_alg_size_24.normalized.qasm,circuits/vqe_su2/vqe_su2_alg_size_24.normalized.bound.qasm
2026-09-19T17:46:22Z,vqe_two_local,16,vqcsim,inference,1,16,66,424,360,0.8490566037735849,64,terminal_basis_measurement,16,dense,dense,"{""cx"": 360, ""u"": 64}",True,True,statevector,0.9999999999998077,8.940696716308594e-08,2.204677107542352e-08,8.051928919172724e-07,,3,1,3,15.338197000346554,82.9535319999195,514.4511669996064,39.02848355563845,0.07105049594656014,"[38.99406700020336, 38.9811953333871, 39.11018833332491]",39.02848355563845,302.0,0.0,True,,53.48,91.0,25.52,58.0,cuda,,,,,,prepare_once,vectorized,ok,,,"{""circuit_reuse"": {""reused_from_archive"": false, ""reused_from_path"": null, ""reuse_fallback_reason"": null}, ""gpu_preflight"": {""guard_active"": true, ""snapshot"": {""available"": true, ""reason"": null, ""source"": ""torch.cuda.mem_get_info"", ""free_mb"": 15131.5, ""total_mb"": 15839.375, ""used_mb"": 707.875, ""device_index"": 0}, ""estimate_required_mb"": 512.9, ""budget_mb"": 13362.35, ""free_mb"": 15131.5, ""fraction"": 0.9, ""headroom_mb"": 256.0}, ""device"": ""cuda"", ""vqcsim_compile_policy"": ""prepare_once"", ""vqcsim_batch_policy"": ""vectorized"", ""gpu_post_prepare"": {""guard_active"": true, ""snapshot"": {""available"": true, ""reason"": null, ""source"": ""torch.cuda.mem_get_info"", ""free_mb"": 15131.5, ""total_mb"": 15839.375, ""used_mb"": 707.875, ""device_index"": 0}, ""free_mb"": 15131.5, ""required_min_free_mb"": 256.0}, ""inference_output_mean"": 0.09170369803905487}",circuits/vqe_two_local/vqe_two_local_alg_size_16.qasm3,circuits/vqe_two_local/vqe_two_local_alg_size_16.bound.qasm3,circuits/vqe_two_local/vqe_two_local_alg_size_16.normalized.qasm,circuits/vqe_two_local/vqe_two_local_alg_size_16.normalized.bound.qasm
2026-09-19T17:46:22Z,vqe_two_local,17,vqcsim,inference,1,17,70,476,408,0.8571428571428571,68,terminal_basis_measurement,17,dense,dense,"{""cx"": 408, ""u"": 68}",True,True,statevector,0.99999999999973,9.685754776000977e-08,2.1113018833229802e-08,8.225404839468098e-07,,3,1,3,26.50145200004772,94.08929700020963,560.5419399998937,42.768717000096025,0.6530566332409649,"[43.43639933328328, 42.13134133351559, 42.738410333489206]",42.768717000096025,304.0,0.0,True,,21.185185185185187,26.0,0.0,0.0,cuda,,,,,,prepare_once,vectorized,ok,,,"{""circuit_reuse"": {""reused_from_archive"": false, ""reused_from_path"": null, ""reuse_fallback_reason"": null}, ""gpu_preflight"": {""guard_active"": true, ""snapshot"": {""available"": true, ""reason"": null, ""source"": ""torch.cuda.mem_get_info"", ""free_mb"": 15131.5, ""total_mb"": 15839.375, ""used_mb"": 707.875, ""device_index"": 0}, ""estimate_required_mb"": 513.8, ""budget_mb"": 13362.35, ""free_mb"": 15131.5, ""fraction"": 0.9, ""headroom_mb"": 256.0}, ""device"": ""cuda"", ""vqcsim_compile_policy"": ""prepare_once"", ""vqcsim_batch_policy"": ""vectorized"", ""gpu_post_prepare"": {""guard_active"": true, ""snapshot"": {""available"": true, ""reason"": null, ""source"": ""torch.cuda.mem_get_info"", ""free_mb"": 15131.5, ""total_mb"": 15839.375, ""used_mb"": 707.875, ""device_index"": 0}, ""free_mb"": 15131.5, ""required_min_free_mb"": 256.0}, ""inference_output_mean"": 0.08870621025562286}",circuits/vqe_two_local/vqe_two_local_alg_size_17.qasm3,circuits/vqe_two_local/vqe_two_local_alg_size_17.bound.qasm3,circuits/vqe_two_local/vqe_two_local_alg_size_17.normalized.qasm,circuits/vqe_two_local/vqe_two_local_alg_size_17.normalized.bound.qasm
2026-09-19T17:46:24Z,vqe_two_local,18,vqcsim,inference,1,18,74,531,459,0.864406779661017,72,terminal_basis_measurement,18,dense,dense,"{""cx"": 459, ""u"": 72}",True,True,statevector,0.9999999999997571,1.2665987014770508e-07,2.8531064122372385e-08,1.3694822756926683e-06,,3,1,3,14.965066000513616,102.60474200003955,614.6806059996379,46.79002188883411,0.13807833815442933,"[46.69825666648345, 46.72298866656396, 46.94882033345493]",46.79002188883411,302.0,0.0,True,,28.96551724137931,40.0,0.0,0.0,cuda,,,,,,prepare_once,vectorized,ok,,,"{""circuit_reuse"": {""reused_from_archive"": false, ""reused_from_path"": null, ""reuse_fallback_reason"": null}, ""gpu_preflight"": {""guard_active"": true, ""snapshot"": {""available"": true, ""reason"": null, ""source"": ""torch.cuda.mem_get_info"", ""free_mb"": 15131.5, ""total_mb"": 15839.375, ""used_mb"": 707.875, ""device_index"": 0}, ""estimate_required_mb"": 515.6, ""budget_mb"": 13362.35, ""free_mb"": 15131.5, ""fraction"": 0.9, ""headroom_mb"": 256.0}, ""device"": ""cuda"", ""vqcsim_compile_policy"": ""prepare_once"", ""vqcsim_batch_policy"": ""vectorized"", ""gpu_post_prepare"": {""guard_active"": true, ""snapshot"": {""available"": true, ""reason"": null, ""source"": ""torch.cuda.mem_get_info"", ""free_mb"": 15131.5, ""total_mb"": 15839.375, ""used_mb"": 707.875, ""device_index"": 0}, ""free_mb"": 15131.5, ""required_min_free_mb"": 256.0}, ""inference_output_mean"": 0.09944397211074829}",circuits/vqe_two_local/vqe_two_local_alg_size_18.qasm3,circuits/vqe_two_local/vqe_two_local_alg_size_18.bound.qasm3,circuits/vqe_two_local/vqe_two_local_alg_size_18.normalized.qasm,circuits/vqe_two_local/vqe_two_local_alg_size_18.normalized.bound.qasm
2026-09-19T17:46:25Z,vqe_two_local,19,vqcsim,inference,1,19,78,589,513,0.8709677419354839,76,terminal_basis_measurement,19,dense,dense,"{""cx"": 513, ""u"": 76}",True,True,statevector,0.99999999999975,8.940696716308594e-08,2.0692854096893143e-08,7.89226455633063e-07,,3,1,3,20.46946399968874,113.01486100001057,705.0168710002254,53.984739333423526,1.1588364501850672,"[55.264736666686076, 53.682538000127046, 53.00694333345746]",53.984739333423526,320.0,0.0,True,,31.0,57.0,0.0,0.0,cuda,,,,,,prepare_once,vectorized,ok,,,"{""circuit_reuse"": {""reused_from_archive"": false, ""reused_from_path"": null, ""reuse_fallback_reason"": null}, ""gpu_preflight"": {""guard_active"": true, ""snapshot"": {""available"": true, ""reason"": null, ""source"": ""torch.cuda.mem_get_info"", ""free_mb"": 15131.5, ""total_mb"": 15839.375, ""used_mb"": 707.875, ""device_index"": 0}, ""estimate_required_mb"": 519.2, ""budget_mb"": 13362.35, ""free_mb"": 15131.5, ""fraction"": 0.9, ""headroom_mb"": 256.0}, ""device"": ""cuda"", ""vqcsim_compile_policy"": ""prepare_once"", ""vqcsim_batch_policy"": ""vectorized"", ""gpu_post_prepare"": {""guard_active"": true, ""snapshot"": {""available"": true, ""reason"": null, ""source"": ""torch.cuda.mem_get_info"", ""free_mb"": 15131.5, ""total_mb"": 15839.375, ""used_mb"": 707.875, ""device_index"": 0}, ""free_mb"": 15131.5, ""required_min_free_mb"": 256.0}, ""inference_output_mean"": 0.12493934482336044}",circuits/vqe_two_local/vqe_two_local_alg_size_19.qasm3,circuits/vqe_two_local/vqe_two_local_alg_size_19.bound.qasm3,circuits/vqe_two_local/vqe_two_local_alg_size_19.normalized.qasm,circuits/vqe_two_local/vqe_two_local_alg_size_19.normalized.bound.qasm
2026-09-19T17:46:27Z,vqe_two_local,20,vqcsim,inference,1,20,82,650,570,0.8769230769230769,80,terminal_basis_measurement,20,dense,dense,"{""cx"": 570, ""u"": 80}",True,True,statevector,0.9999999999997335,6.705522537231445e-08,1.4548533877611902e-08,8.427828688262196e-07,,3,1,3,32.0245499997327,192.97352800003864,1076.2113730006604,82.22227588895394,0.22738267950041433,"[82.27386633340454, 81.9735306668008, 82.41943066665651]",82.22227588895394,340.0,0.0,True,,62.4,72.0,24.2,28.0,cuda,,,,,,prepare_once,vectorized,ok,,,"{""circuit_reuse"": {""reused_from_archive"": false, ""reused_from_path"": null, ""reuse_fallback_reason"": null}, ""gpu_preflight"": {""guard_active"": true, ""snapshot"": {""available"": true, ""reason"": null, ""source"": ""torch.cuda.mem_get_info"", ""free_mb"": 15131.5, ""total_mb"": 15839.375, ""used_mb"": 707.875, ""device_index"": 0}, ""estimate_required_mb"": 526.4, ""budget_mb"": 13362.35, ""free_mb"": 15131.5, ""fraction"": 0.9, ""headroom_mb"": 256.0}, ""device"": ""cuda"", ""vqcsim_compile_policy"": ""prepare_once"", ""vqcsim_batch_policy"": ""vectorized"", ""gpu_post_prepare"": {""guard_active"": true, ""snapshot"": {""available"": true, ""reason"": null, ""source"": ""torch.cuda.mem_get_info"", ""free_mb"": 15131.5, ""total_mb"": 15839.375, ""used_mb"": 707.875, ""device_index"": 0}, ""free_mb"": 15131.5, ""required_min_free_mb"": 256.0}, ""inference_output_mean"": 0.11989730596542358}",circuits/vqe_two_local/vqe_two_local_alg_size_20.qasm3,circuits/vqe_two_local/vqe_two_local_alg_size_20.bound.qasm3,circuits/vqe_two_local/vqe_two_local_alg_size_20.normalized.qasm,circuits/vqe_two_local/vqe_two_local_alg_size_20.normalized.bound.qasm
2026-09-19T17:46:34Z,vqe_two_local,21,vqcsim,inference,1,21,86,714,630,0.8823529411764706,84,terminal_basis_measurement,21,dense,dense,"{""cx"": 630, ""u"": 84}",True,True,statevector,0.9999999999996287,1.043081283569336e-07,2.2718018799494644e-08,1.0416244861088941e-06,,3,1,3,31.68128000015713,370.4135509997286,1902.9855759999919,145.77913433337622,0.24659312503791858,"[145.74826266652963, 145.54943066680912, 146.03970966678995]",145.77913433337622,364.0,0.0,True,,67.0,83.0,28.0,35.0,cuda,,,,,,prepare_once,vectorized,ok,,,"{""circuit_reuse"": {""reused_from_archive"": false, ""reused_from_path"": null, ""reuse_fallback_reason"": null}, ""gpu_preflight"": {""guard_active"": true, ""snapshot"": {""available"": true, ""reason"": null, ""source"": ""torch.cuda.mem_get_info"", ""free_mb"": 15131.5, ""total_mb"": 15839.375, ""used_mb"": 707.875, ""device_index"": 0}, ""estimate_required_mb"": 540.8, ""budget_mb"": 13362.35, ""free_mb"": 15131.5, ""fraction"": 0.9, ""headroom_mb"": 256.0}, ""device"": ""cuda"", ""vqcsim_compile_policy"": ""prepare_once"", ""vqcsim_batch_policy"": ""vectorized"", ""gpu_post_prepare"": {""guard_active"": true, ""snapshot"": {""available"": true, ""reason"": null, ""source"": ""torch.cuda.mem_get_info"", ""free_mb"": 15131.5, ""total_mb"": 15839.375, ""used_mb"": 707.875, ""device_index"": 0}, ""free_mb"": 15131.5, ""required_min_free_mb"": 256.0}, ""inference_output_mean"": 0.1344790756702423}",circuits/vqe_two_local/vqe_two_local_alg_size_21.qasm3,circuits/vqe_two_local/vqe_two_local_alg_size_21.bound.qasm3,circuits/vqe_two_local/vqe_two_local_alg_size_21.normalized.qasm,circuits/vqe_two_local/vqe_two_local_alg_size_21.normalized.bound.qasm
2026-09-19T17:46:55Z,vqe_two_local,22,vqcsim,inference,1,22,90,781,693,0.8873239436619719,88,terminal_basis_measurement,22,dense,dense,"{""cx"": 693, ""u"": 88}",True,True,statevector,0.9999999999996563,8.195638656616211e-08,1.536083044095804e-08,8.05186352592635e-07,,3,1,3,48.957160000099975,861.6514129998905,4456.593769999927,342.17553455538206,0.17906142699247343,"[342.3358483332777, 342.2084599997106, 341.982295333158]",342.17553455538206,428.0,0.0,True,,86.79024390243903,94.0,75.50243902439024,83.0,cuda,,,,,,prepare_once,vectorized,ok,,,"{""circuit_reuse"": {""reused_from_archive"": false, ""reused_from_path"": null, ""reuse_fallback_reason"": null}, ""gpu_preflight"": {""guard_active"": true, ""snapshot"": {""available"": true, ""reason"": null, ""source"": ""torch.cuda.mem_get_info"", ""free_mb"": 15131.5, ""total_mb"": 15839.375, ""used_mb"": 707.875, ""device_index"": 0}, ""estimate_required_mb"": 569.6, ""budget_mb"": 13362.35, ""free_mb"": 15131.5, ""fraction"": 0.9, ""headroom_mb"": 256.0}, ""device"": ""cuda"", ""vqcsim_compile_policy"": ""prepare_once"", ""vqcsim_batch_policy"": ""vectorized"", ""gpu_post_prepare"": {""guard_active"": true, ""snapshot"": {""available"": true, ""reason"": null, ""source"": ""torch.cuda.mem_get_info"", ""free_mb"": 15132.0625, ""total_mb"": 15839.375, ""used_mb"": 707.3125, ""device_index"": 0}, ""free_mb"": 15132.0625, ""required_min_free_mb"": 256.0}, ""inference_output_mean"": 0.12959805130958557}",circuits/vqe_two_local/vqe_two_local_alg_size_22.qasm3,circuits/vqe_two_local/vqe_two_local_alg_size_22.bound.qasm3,circuits/vqe_two_local/vqe_two_local_alg_size_22.normalized.qasm,circuits/vqe_two_local/vqe_two_local_alg_size_22.normalized.bound.qasm
2026-09-19T17:47:45Z,vqe_two_local,23,vqcsim,inference,1,23,94,851,759,0.8918918918918919,92,terminal_basis_measurement,23,dense,dense,"{""cx"": 759, ""u"": 92}",True,True,statevector,0.9999999999996345,1.1920928955078125e-07,1.967955753912065e-08,1.6285669602877917e-06,,3,1,3,49.463207999906444,1956.1357370002952,10448.119167000186,802.572574222318,1.9314374716777218,"[804.7860256668476, 801.7023336666776, 801.229363333429]",802.572574222318,556.0,0.0,True,,95.83089770354906,98.0,85.12526096033403,90.0,cuda,,,,,,prepare_once,vectorized,ok,,,"{""circuit_reuse"": {""reused_from_archive"": false, ""reused_from_path"": null, ""reuse_fallback_reason"": null}, ""gpu_preflight"": {""guard_active"": true, ""snapshot"": {""available"": true, ""reason"": null, ""source"": ""torch.cuda.mem_get_info"", ""free_mb"": 15132.0625, ""total_mb"": 15839.375, ""used_mb"": 707.3125, ""device_index"": 0}, ""estimate_required_mb"": 627.2, ""budget_mb"": 13362.85625, ""free_mb"": 15132.0625, ""fraction"": 0.9, ""headroom_mb"": 256.0}, ""device"": ""cuda"", ""vqcsim_compile_policy"": ""prepare_once"", ""vqcsim_batch_policy"": ""vectorized"", ""gpu_post_prepare"": {""guard_active"": true, ""snapshot"": {""available"": true, ""reason"": null, ""source"": ""torch.cuda.mem_get_info"", ""free_mb"": 15132.0625, ""total_mb"": 15839.375, ""used_mb"": 707.3125, ""device_index"": 0}, ""free_mb"": 15132.0625, ""required_min_free_mb"": 256.0}, ""inference_output_mean"": 0.12802249193191528}",circuits/vqe_two_local/vqe_two_local_alg_size_23.qasm3,circuits/vqe_two_local/vqe_two_local_alg_size_23.bound.qasm3,circuits/vqe_two_local/vqe_two_local_alg_size_23.normalized.qasm,circuits/vqe_two_local/vqe_two_local_alg_size_23.normalized.bound.qasm
2026-09-19T17:49:28Z,vqe_two_local,24,vqcsim,inference,1,24,98,924,828,0.8961038961038961,96,terminal_basis_measurement,24,dense,dense,"{""cx"": 828, ""u"": 96}",True,True,statevector,0.9999999999996305,8.195638656616211e-08,1.079399208903098e-08,1.1544626787873824e-06,,3,1,3,37.99288299978798,4175.25621599998,22382.11428500017,1721.697226888763,0.3732843361674,"[1721.9913696665874, 1721.8230129998726, 1721.2772979998288]",1721.697226888763,812.0,0.0,True,,98.20292682926829,99.0,87.58048780487805,92.0,cuda,,,,,,prepare_once,vectorized,ok,,,"{""circuit_reuse"": {""reused_from_archive"": false, ""reused_from_path"": null, ""reuse_fallback_reason"": null}, ""gpu_preflight"": {""guard_active"": true, ""snapshot"": {""available"": true, ""reason"": null, ""source"": ""torch.cuda.mem_get_info"", ""free_mb"": 15131.5, ""total_mb"": 15839.375, ""used_mb"": 707.875, ""device_index"": 0}, ""estimate_required_mb"": 742.4, ""budget_mb"": 13362.35, ""free_mb"": 15131.5, ""fraction"": 0.9, ""headroom_mb"": 256.0}, ""device"": ""cuda"", ""vqcsim_compile_policy"": ""prepare_once"", ""vqcsim_batch_policy"": ""vectorized"", ""gpu_post_prepare"": {""guard_active"": true, ""snapshot"": {""available"": true, ""reason"": null, ""source"": ""torch.cuda.mem_get_info"", ""free_mb"": 15135.125, ""total_mb"": 15839.375, ""used_mb"": 704.25, ""device_index"": 0}, ""free_mb"": 15135.125, ""required_min_free_mb"": 256.0}, ""inference_output_mean"": 0.1257316917181015}",circuits/vqe_two_local/vqe_two_local_alg_size_24.qasm3,circuits/vqe_two_local/vqe_two_local_alg_size_24.bound.qasm3,circuits/vqe_two_local/vqe_two_local_alg_size_24.normalized.qasm,circuits/vqe_two_local/vqe_two_local_alg_size_24.normalized.bound.qasm
