view,method_id,paired_method_id,implementation_class,reader_label,fidelity_class,claim_boundary,mapping_status,clock_id,population,source_id,evaluation_panel_id,assigned_n,predicted_n,unavailable_n,n_metric,mae_seconds,r2_seconds,coverage_fraction,row_set_declaration,row_set_ids,metric_status,blocked_reason,source_path,source_sha256,notes
D_appendix,mali_graph_estimator,,,Ma--Li source-native graph + metadata reimplementation (340),source_native_reimplementation,Public code/data and source representation; grouped benchmark split and non-historical FakeBackend context prevent a paper-exact claim.,mapped_fidelity_registry,archived_observed_service_execution_time,source_native_340_foldwise_seed_1234,mali_real_qpu,,68,68,,68,0.50041490793228149,0.89906024288845887,1,mali_340_fold_0_test,,published,,artifacts/benchmark_v1/mali_source_native_340_audit_20260930/audit.json,fd7ff95a2cac9b458c8b5c877ddcd8622587f94d30623f9647896a23e4a4a180,fold=0; seed=1234; unstable=False. Fold 3 is catastrophic under seed 1234; not a three-seed median.
D_appendix,mali_graph_estimator,,,Ma--Li source-native graph + metadata reimplementation (340),source_native_reimplementation,Public code/data and source representation; grouped benchmark split and non-historical FakeBackend context prevent a paper-exact claim.,mapped_fidelity_registry,archived_observed_service_execution_time,source_native_340_foldwise_seed_1234,mali_real_qpu,,66,66,,66,0.44257557392120361,0.92745106335103822,1,mali_340_fold_1_test,,published,,artifacts/benchmark_v1/mali_source_native_340_audit_20260930/audit.json,fd7ff95a2cac9b458c8b5c877ddcd8622587f94d30623f9647896a23e4a4a180,fold=1; seed=1234; unstable=False. Fold 3 is catastrophic under seed 1234; not a three-seed median.
D_appendix,mali_graph_estimator,,,Ma--Li source-native graph + metadata reimplementation (340),source_native_reimplementation,Public code/data and source representation; grouped benchmark split and non-historical FakeBackend context prevent a paper-exact claim.,mapped_fidelity_registry,archived_observed_service_execution_time,source_native_340_foldwise_seed_1234,mali_real_qpu,,57,57,,57,0.72489285469055176,0.42929433323128996,1,mali_340_fold_2_test,,published,,artifacts/benchmark_v1/mali_source_native_340_audit_20260930/audit.json,fd7ff95a2cac9b458c8b5c877ddcd8622587f94d30623f9647896a23e4a4a180,fold=2; seed=1234; unstable=False. Fold 3 is catastrophic under seed 1234; not a three-seed median.
D_appendix,mali_graph_estimator,,,Ma--Li source-native graph + metadata reimplementation (340),source_native_reimplementation,Public code/data and source representation; grouped benchmark split and non-historical FakeBackend context prevent a paper-exact claim.,mapped_fidelity_registry,archived_observed_service_execution_time,source_native_340_foldwise_seed_1234,mali_real_qpu,,76,76,,76,7190.61181640625,-322229188.25794142,1,mali_340_fold_3_test,,published_unstable,,artifacts/benchmark_v1/mali_source_native_340_audit_20260930/audit.json,fd7ff95a2cac9b458c8b5c877ddcd8622587f94d30623f9647896a23e4a4a180,fold=3; seed=1234; unstable=True. Fold 3 is catastrophic under seed 1234; not a three-seed median.
D_appendix,mali_graph_estimator,,,Ma--Li source-native graph + metadata reimplementation (340),source_native_reimplementation,Public code/data and source representation; grouped benchmark split and non-historical FakeBackend context prevent a paper-exact claim.,mapped_fidelity_registry,archived_observed_service_execution_time,source_native_340_foldwise_seed_1234,mali_real_qpu,,73,73,,73,0.48077669739723206,0.85097777529061192,1,mali_340_fold_4_test,,published,,artifacts/benchmark_v1/mali_source_native_340_audit_20260930/audit.json,fd7ff95a2cac9b458c8b5c877ddcd8622587f94d30623f9647896a23e4a4a180,fold=4; seed=1234; unstable=False. Fold 3 is catastrophic under seed 1234; not a three-seed median.
D_appendix,mali_graph_estimator,,,Ma--Li source-native graph + metadata reimplementation (340),source_native_reimplementation,Public code/data and source representation; grouped benchmark split and non-historical FakeBackend context prevent a paper-exact claim.,mapped_fidelity_registry,archived_observed_service_execution_time,source_native_340_three_seed_median,mali_real_qpu,,340,,,,,,,,,blocked,three_seed_plan status=NOT_AUTHORIZED; authorized=False. Seeds 42 and 31415 are not run. Do not invent a three-seed median from seed 1234.,artifacts/benchmark_v1/mali_source_native_340_audit_20260930/three_seed_plan_NOT_AUTHORIZED.json,92489d441575422400a8c59c5ac3536824abf4fe6ed317a2591c7d19ff298493,Fold 3 is catastrophically unstable under seed 1234; do not treat the pooled 340-row MAE as a three-seed median.
D_appendix,azizov_aer_independent,,logical_ridge,Azizov-style local noisy-Aer reimplementation,independent_reimplementation,Author code/runtime table was unavailable; local hardware and snapshots differ.,mapped,warm_execution,overlay_non_archived_qpu_clock,local_simulator,sim_common_q9_core_v1,162,162,,162,0.31443281125896494,,,overlay_test_row_set_hash,87e53b79685d228bf4b39ea78281c33373385ff8ef8f20b4e4007a921dec2f5a,published,,artifacts/benchmark_v1/results/benchmark_summary/fidelity_overlay_v1/enriched_scorecard.csv,909bb3e5fab3aea9864b194aadf113fae22b140c55788a2e900d2baa410dc4b0,scorecard_status=local_core_predictive; metric_kind=prediction_error; target_id=aer_warm_execution_seconds.
D_appendix,azizov_aer_independent,,compiled_gbr,Azizov-style local noisy-Aer reimplementation,independent_reimplementation,Author code/runtime table was unavailable; local hardware and snapshots differ.,mapped,warm_execution,overlay_non_archived_qpu_clock,local_simulator,sim_common_q9_core_v1,162,162,,162,0.514131649637161,,,overlay_test_row_set_hash,87e53b79685d228bf4b39ea78281c33373385ff8ef8f20b4e4007a921dec2f5a,published,,artifacts/benchmark_v1/results/benchmark_summary/fidelity_overlay_v1/enriched_scorecard.csv,909bb3e5fab3aea9864b194aadf113fae22b140c55788a2e900d2baa410dc4b0,scorecard_status=local_core_predictive; metric_kind=prediction_error; target_id=aer_warm_execution_seconds.
D_appendix,aer_local_execution,,aer_fake_sherbrooke,Local dense-statevector measurement baseline,local_measurement,"Measurement capsule, not a published predictor replication.",mapped,warm_execution,overlay_non_archived_qpu_clock,local_simulator,sim_common_q16_v1,630,630,,630,,,1.0,overlay_test_row_set_hash,d756e36d5c8af2ab582761c2556d44ff1ce6fbd3d479c6450c1571bc6e9a3d49,published_non_mae,,artifacts/benchmark_v1/results/benchmark_summary/fidelity_overlay_v1/enriched_scorecard.csv,909bb3e5fab3aea9864b194aadf113fae22b140c55788a2e900d2baa410dc4b0,scorecard_status=local_frontier_coverage; metric_kind=coverage_only; target_id=aer_execution_seconds.
D_appendix,cudaq_dense_local,,cudaq_nvidia_dense_fp32,CUDA-Q dense local bridge measurement,local_measurement,"Native local measurement, not a paper runtime-predictor reproduction.",mapped,first_execution,overlay_non_archived_qpu_clock,local_simulator,sim_common_q16_v1,594,594,,594,,,0.9705882352941176,overlay_test_row_set_hash,d756e36d5c8af2ab582761c2556d44ff1ce6fbd3d479c6450c1571bc6e9a3d49,published_non_mae,,artifacts/benchmark_v1/results/benchmark_summary/fidelity_overlay_v1/enriched_scorecard.csv,909bb3e5fab3aea9864b194aadf113fae22b140c55788a2e900d2baa410dc4b0,scorecard_status=local_descriptive; metric_kind=descriptive_timing; target_id=cudaq_dense_sample_seconds.
D_appendix,cudaq_dense_local,,cudaq_nvidia_dense_fp32,CUDA-Q dense local bridge measurement,local_measurement,"Native local measurement, not a paper runtime-predictor reproduction.",mapped,warm_execution,overlay_non_archived_qpu_clock,local_simulator,sim_common_q16_v1,594,594,,594,,,0.9705882352941176,overlay_test_row_set_hash,d756e36d5c8af2ab582761c2556d44ff1ce6fbd3d479c6450c1571bc6e9a3d49,published_non_mae,,artifacts/benchmark_v1/results/benchmark_summary/fidelity_overlay_v1/enriched_scorecard.csv,909bb3e5fab3aea9864b194aadf113fae22b140c55788a2e900d2baa410dc4b0,scorecard_status=local_descriptive; metric_kind=descriptive_timing; target_id=cudaq_dense_sample_seconds.
D_appendix,cudaq_dense_local,,cudaq_nvidia_dense_fp64,CUDA-Q dense local bridge measurement,local_measurement,"Native local measurement, not a paper runtime-predictor reproduction.",mapped,first_execution,overlay_non_archived_qpu_clock,local_simulator,sim_common_q16_v1,594,594,,594,,,0.9705882352941176,overlay_test_row_set_hash,d756e36d5c8af2ab582761c2556d44ff1ce6fbd3d479c6450c1571bc6e9a3d49,published_non_mae,,artifacts/benchmark_v1/results/benchmark_summary/fidelity_overlay_v1/enriched_scorecard.csv,909bb3e5fab3aea9864b194aadf113fae22b140c55788a2e900d2baa410dc4b0,scorecard_status=local_descriptive; metric_kind=descriptive_timing; target_id=cudaq_dense_sample_seconds.
D_appendix,cudaq_dense_local,,cudaq_nvidia_dense_fp64,CUDA-Q dense local bridge measurement,local_measurement,"Native local measurement, not a paper runtime-predictor reproduction.",mapped,warm_execution,overlay_non_archived_qpu_clock,local_simulator,sim_common_q16_v1,594,594,,594,,,0.9705882352941176,overlay_test_row_set_hash,d756e36d5c8af2ab582761c2556d44ff1ce6fbd3d479c6450c1571bc6e9a3d49,published_non_mae,,artifacts/benchmark_v1/results/benchmark_summary/fidelity_overlay_v1/enriched_scorecard.csv,909bb3e5fab3aea9864b194aadf113fae22b140c55788a2e900d2baa410dc4b0,scorecard_status=local_descriptive; metric_kind=descriptive_timing; target_id=cudaq_dense_sample_seconds.
D_appendix,cudaq_mps_local,,cudaq_tensornet_mps_fp64_bond16,CUDA-Q MPS quality-gated local bridge measurement,local_measurement,Runtime is meaningful only with its paired fidelity/quality condition.,mapped,first_execution,overlay_non_archived_qpu_clock,local_simulator,sim_common_q16_v1,573,573,,573,,,0.9362745098039216,overlay_test_row_set_hash,d756e36d5c8af2ab582761c2556d44ff1ce6fbd3d479c6450c1571bc6e9a3d49,published_non_mae,,artifacts/benchmark_v1/results/benchmark_summary/fidelity_overlay_v1/enriched_scorecard.csv,909bb3e5fab3aea9864b194aadf113fae22b140c55788a2e900d2baa410dc4b0,scorecard_status=local_descriptive; metric_kind=descriptive_timing; target_id=cudaq_mps_state_seconds_quality_qualified.
D_appendix,cudaq_mps_local,,cudaq_tensornet_mps_fp64_bond16,CUDA-Q MPS quality-gated local bridge measurement,local_measurement,Runtime is meaningful only with its paired fidelity/quality condition.,mapped,warm_execution,overlay_non_archived_qpu_clock,local_simulator,sim_common_q16_v1,573,573,,573,,,0.9362745098039216,overlay_test_row_set_hash,d756e36d5c8af2ab582761c2556d44ff1ce6fbd3d479c6450c1571bc6e9a3d49,published_non_mae,,artifacts/benchmark_v1/results/benchmark_summary/fidelity_overlay_v1/enriched_scorecard.csv,909bb3e5fab3aea9864b194aadf113fae22b140c55788a2e900d2baa410dc4b0,scorecard_status=local_descriptive; metric_kind=descriptive_timing; target_id=cudaq_mps_state_seconds_quality_qualified.
D_appendix,cutensornet_runtime_est,,cutensornet_selected_plan,cuTensorNet native RUNTIME_EST,native,"Native estimator is compared only to the matching contraction clock, not generic simulator end-to-end time.",mapped,selected_plan_runtime_estimate,overlay_non_archived_qpu_clock,local_simulator,sim_common_q16_v1,603,603,,603,,,0.9852941176470589,overlay_test_row_set_hash,d756e36d5c8af2ab582761c2556d44ff1ce6fbd3d479c6450c1571bc6e9a3d49,published_non_mae,,artifacts/benchmark_v1/results/benchmark_summary/fidelity_overlay_v1/enriched_scorecard.csv,909bb3e5fab3aea9864b194aadf113fae22b140c55788a2e900d2baa410dc4b0,scorecard_status=local_native_paired_estimator; metric_kind=paired_estimate_error; target_id=cutensornet_selected_plan_runtime_est_seconds.
D_appendix,cutensornet_planning_telemetry,,cutensornet_selected_plan,,,,unmapped_historical,network_build,overlay_non_archived_qpu_clock,local_simulator,sim_common_q16_v1,603,603,,603,,,0.9852941176470589,overlay_test_row_set_hash,d756e36d5c8af2ab582761c2556d44ff1ce6fbd3d479c6450c1571bc6e9a3d49,published_non_mae,,artifacts/benchmark_v1/results/benchmark_summary/fidelity_overlay_v1/enriched_scorecard.csv,909bb3e5fab3aea9864b194aadf113fae22b140c55788a2e900d2baa410dc4b0,scorecard_status=descriptive_interference_flagged; metric_kind=coverage_only; target_id=cutensornet_network_build_seconds. Historical-unmapped descriptive telemetry; must not inherit cutensornet_runtime_est native RUNTIME_EST.
D_appendix,cutensornet_planning_telemetry,,cutensornet_selected_plan,,,,unmapped_historical,path_search,overlay_non_archived_qpu_clock,local_simulator,sim_common_q16_v1,603,603,,603,,,0.9852941176470589,overlay_test_row_set_hash,d756e36d5c8af2ab582761c2556d44ff1ce6fbd3d479c6450c1571bc6e9a3d49,published_non_mae,,artifacts/benchmark_v1/results/benchmark_summary/fidelity_overlay_v1/enriched_scorecard.csv,909bb3e5fab3aea9864b194aadf113fae22b140c55788a2e900d2baa410dc4b0,scorecard_status=descriptive_interference_flagged; metric_kind=coverage_only; target_id=cutensornet_path_search_seconds. Historical-unmapped descriptive telemetry; must not inherit cutensornet_runtime_est native RUNTIME_EST.
D_appendix,maestro_paper_described_reimplementation,,componentwise_selector,Maestro paper-described component adaptation,adaptation,Component curves are locally calibrated; no full selector score is available.,mapped,warm_execution,overlay_non_archived_qpu_clock,local_simulator,maestro_candidate_matrix_v1,20,20,,20,,,,overlay_test_row_set_hash,5d15f6c4cdecd4792549dbbf0b2561547f59addca4f7b4e8907acc07a6f07b87,published_non_mae,,artifacts/benchmark_v1/results/benchmark_summary/fidelity_overlay_v1/enriched_scorecard.csv,909bb3e5fab3aea9864b194aadf113fae22b140c55788a2e900d2baa410dc4b0,scorecard_status=unavailable; metric_kind=none; target_id=maestro_local_candidate_warm_runtime_matrix.
D_appendix,pasqal_emu_mps,,pasqal_emu_mps_formula,Pasqal EMU-MPS analytical runtime adaptation,adaptation,Documented complexity form was locally calibrated and not identified for promotion.,mapped,warm_execution,overlay_non_archived_qpu_clock,local_simulator,pasqal_analog_pilot_v1,18,18,,18,,,,overlay_test_row_set_hash,5884d49b374e6139306c48dc67989684ef0c0c0a7a5953d562f7768ac4302027,published_non_mae,,artifacts/benchmark_v1/results/benchmark_summary/fidelity_overlay_v1/enriched_scorecard.csv,909bb3e5fab3aea9864b194aadf113fae22b140c55788a2e900d2baa410dc4b0,scorecard_status=unavailable; metric_kind=none; target_id=quality_qualified_warm_emu_mps_seconds.
D_appendix,cutensornet_runtime_est,,,cuTensorNet native RUNTIME_EST,native,"Native estimator is compared only to the matching contraction clock, not generic simulator end-to-end time.",mapped_fidelity_registry,selected_plan_runtime_estimate,overlay_native_paired_estimator,local_simulator,sim_common_q16_v1,603,,,603,,,0.9852941176470589,,,published_non_mae,,artifacts/benchmark_v1/results/benchmark_summary/fidelity_overlay_v1/enriched_scorecard.csv,909bb3e5fab3aea9864b194aadf113fae22b140c55788a2e900d2baa410dc4b0,Native RUNTIME_EST on selected_plan_runtime_estimate only. Planning telemetry rows stay unmapped and separate.
