panel_member_id,circuit_id,basename,family,width_qubits,stratum,source_sha256,c44_fold,computed_fold,fold_match,aliases_for_hash_count
sim_common_q16_v1::ae_indep_qiskit_2,ae_indep_qiskit_2,ae_indep_qiskit_2.qasm,ae,2,core_q2_q9,de56c0798eca25bd1510d4d10f11e996f0bad2a11ce94a265da0635c161cbcae,0,0,true,1
sim_common_q16_v1::ae_indep_qiskit_3,ae_indep_qiskit_3,ae_indep_qiskit_3.qasm,ae,3,core_q2_q9,6b2f9fea850557b40ca9b69341ec300b1c4fe1f4bf53e94436af2ba1586bac62,0,0,true,1
sim_common_q16_v1::ae_indep_qiskit_4,ae_indep_qiskit_4,ae_indep_qiskit_4.qasm,ae,4,core_q2_q9,9b4261e2d98678946a9aefea16ba9b8abcae8409f8589f8fb3daa941694f88c6,0,0,true,1
sim_common_q16_v1::ae_indep_qiskit_5,ae_indep_qiskit_5,ae_indep_qiskit_5.qasm,ae,5,core_q2_q9,8e4821df72704634cb81ea4d738477a8d596a49cba641e6198fdc9970e1d5d2f,1,1,true,1
sim_common_q16_v1::ae_indep_qiskit_6,ae_indep_qiskit_6,ae_indep_qiskit_6.qasm,ae,6,core_q2_q9,585424315575b559a664523f6ce6236189739069b3872eea4ccdb995a29f8701,2,2,true,1
sim_common_q16_v1::ae_indep_qiskit_7,ae_indep_qiskit_7,ae_indep_qiskit_7.qasm,ae,7,core_q2_q9,a70c5b796698f145c5992d324b3a0b5e28eb7301e6f306652a316a55c68f1ae8,4,4,true,1
sim_common_q16_v1::ae_indep_qiskit_8,ae_indep_qiskit_8,ae_indep_qiskit_8.qasm,ae,8,core_q2_q9,78d3420407751ab52a65abe926510d585ebd3a5d1934ac31c13b28eca5c5ee8a,4,4,true,1
sim_common_q16_v1::ae_indep_qiskit_9,ae_indep_qiskit_9,ae_indep_qiskit_9.qasm,ae,9,core_q2_q9,78ecec267502f433ab148452979221600becf679520b50ad454009e0ca097af5,3,3,true,1
sim_common_q16_v1::dj_indep_qiskit_2,dj_indep_qiskit_2,dj_indep_qiskit_2.qasm,dj,2,core_q2_q9,242786b0f7d73c715a317cbdc0725596836f08d98ecd6eb06b3b4ac4f3f563fb,4,4,true,1
sim_common_q16_v1::dj_indep_qiskit_3,dj_indep_qiskit_3,dj_indep_qiskit_3.qasm,dj,3,core_q2_q9,bc8cb33a3a242fb3ab35191a36313674faaca8fe1839cfa05d79788052424d1d,1,1,true,1
sim_common_q16_v1::dj_indep_qiskit_4,dj_indep_qiskit_4,dj_indep_qiskit_4.qasm,dj,4,core_q2_q9,3e4560adf43b5c5102bf22f235abcb9dd2ed5e34930cdb929a128226f96e4ea5,1,1,true,1
sim_common_q16_v1::dj_indep_qiskit_5,dj_indep_qiskit_5,dj_indep_qiskit_5.qasm,dj,5,core_q2_q9,f12c9439f3dfce19e2f161aed74fdafb33146528cdb8524425608579de8b6741,0,0,true,1
sim_common_q16_v1::dj_indep_qiskit_6,dj_indep_qiskit_6,dj_indep_qiskit_6.qasm,dj,6,core_q2_q9,b5736e26e119a619b687dcc0cf8065475e3805bc0c6180b480e0e36badc289db,2,2,true,1
sim_common_q16_v1::dj_indep_qiskit_7,dj_indep_qiskit_7,dj_indep_qiskit_7.qasm,dj,7,core_q2_q9,9fc54c185186ff8c504ebdac4e3fa109beb4cf46f86196a3376b3153a7f72962,3,3,true,1
sim_common_q16_v1::dj_indep_qiskit_9,dj_indep_qiskit_9,dj_indep_qiskit_9.qasm,dj,9,core_q2_q9,db0e077b1674f90860a270d014aa8226822880dbf36c819dad0bea17881b7eb5,3,3,true,1
sim_common_q16_v1::ghz_indep_qiskit_2,ghz_indep_qiskit_2,ghz_indep_qiskit_2.qasm,ghz,2,core_q2_q9,fcd9497c7764bb185a96cc8b6d1c7878851e9b87e64de7ebf47aa1d16eb3ee0a,4,4,true,1
sim_common_q16_v1::ghz_indep_qiskit_3,ghz_indep_qiskit_3,ghz_indep_qiskit_3.qasm,ghz,3,core_q2_q9,7344fd4d264c475e52edca02e3426225c78af7ed0bdaae137741a04685725a5d,2,2,true,1
sim_common_q16_v1::ghz_indep_qiskit_4,ghz_indep_qiskit_4,ghz_indep_qiskit_4.qasm,ghz,4,core_q2_q9,01bfdd8291d6badf1219dd3bf6d7e12559976b8ccb3e67d2548e729dc0c0dc82,2,2,true,1
sim_common_q16_v1::ghz_indep_qiskit_5,ghz_indep_qiskit_5,ghz_indep_qiskit_5.qasm,ghz,5,core_q2_q9,de4639e0b84f220ce7281521fbce5104129cc70befb85198bf93def8d4ba7a65,4,4,true,1
sim_common_q16_v1::ghz_indep_qiskit_6,ghz_indep_qiskit_6,ghz_indep_qiskit_6.qasm,ghz,6,core_q2_q9,c67a77f55c658ad1270fd52c8cbc66319b72ceaa5ca5d4015d775b44e8edd85a,2,2,true,1
sim_common_q16_v1::ghz_indep_qiskit_7,ghz_indep_qiskit_7,ghz_indep_qiskit_7.qasm,ghz,7,core_q2_q9,4b24f68f78c4499a295ab28caa04282d174b7ab2a6b0f5333d3bfe630df72f71,0,0,true,1
sim_common_q16_v1::ghz_indep_qiskit_8,ghz_indep_qiskit_8,ghz_indep_qiskit_8.qasm,ghz,8,core_q2_q9,2e57556a1b12802c7368ef21e0eb8e5c9863f768a48a9a4d0771725e60b8a616,3,3,true,1
sim_common_q16_v1::ghz_indep_qiskit_9,ghz_indep_qiskit_9,ghz_indep_qiskit_9.qasm,ghz,9,core_q2_q9,b5f6ad96b1eb0fc9087c079e22e8a91398b460e24d616ed0d8829247aee24f18,0,0,true,1
sim_common_q16_v1::graphstate_indep_qiskit_3,graphstate_indep_qiskit_3,graphstate_indep_qiskit_3.qasm,graphstate,3,core_q2_q9,51e3c5bc60da502bf92a6ed65a7c728a8b957b427652ac8fdaa002b9afc50d40,4,4,true,1
sim_common_q16_v1::graphstate_indep_qiskit_4,graphstate_indep_qiskit_4,graphstate_indep_qiskit_4.qasm,graphstate,4,core_q2_q9,13721ab5a328b17bf3f8c3692cda844a7e538a8c92530d0c1236f43d3ad5a884,3,3,true,1
sim_common_q16_v1::graphstate_indep_qiskit_5,graphstate_indep_qiskit_5,graphstate_indep_qiskit_5.qasm,graphstate,5,core_q2_q9,cfadb6828c07bfc2fac00ca0c9c03935e927b88961597b69936fc199a094b9ea,0,0,true,1
sim_common_q16_v1::graphstate_indep_qiskit_6,graphstate_indep_qiskit_6,graphstate_indep_qiskit_6.qasm,graphstate,6,core_q2_q9,7b944ad7e38d98fae66177b6c014ae2878d62bcd1765103c19941653817e7996,1,1,true,1
sim_common_q16_v1::graphstate_indep_qiskit_7,graphstate_indep_qiskit_7,graphstate_indep_qiskit_7.qasm,graphstate,7,core_q2_q9,551dfe6ad672d4157a761610fc4c1061ea844868f2106407374764552251d63a,1,1,true,1
sim_common_q16_v1::graphstate_indep_qiskit_8,graphstate_indep_qiskit_8,graphstate_indep_qiskit_8.qasm,graphstate,8,core_q2_q9,b6afb1122e1baece13144a1d0da78738759129107f453e9579e99e8789e057fe,3,3,true,1
sim_common_q16_v1::graphstate_indep_qiskit_9,graphstate_indep_qiskit_9,graphstate_indep_qiskit_9.qasm,graphstate,9,core_q2_q9,040a287609a78a55ab6148ad1a3cc6aa2fcee8b0871b077a9c1a37bee49f69fe,0,0,true,1
sim_common_q16_v1::grover-noancilla_indep_qiskit_2,grover-noancilla_indep_qiskit_2,grover-noancilla_indep_qiskit_2.qasm,grover-noancilla,2,core_q2_q9,55746e6a2fd8d9c4b8c813443f2db46b072f75db1632dd252298c735fbc72bf0,1,1,true,2
sim_common_q16_v1::grover-noancilla_indep_qiskit_3,grover-noancilla_indep_qiskit_3,grover-noancilla_indep_qiskit_3.qasm,grover-noancilla,3,core_q2_q9,bc77f4afad8bbb19a6b320c11bc8f8110a330e395e5c509895e0b6c566cab5e9,4,4,true,2
sim_common_q16_v1::grover-noancilla_indep_qiskit_4,grover-noancilla_indep_qiskit_4,grover-noancilla_indep_qiskit_4.qasm,grover-noancilla,4,core_q2_q9,edc62038c489069da135981ccefd5c5a2f3cc0a991fa6da4defa393abdb0d2a4,4,4,true,2
sim_common_q16_v1::grover-noancilla_indep_qiskit_5,grover-noancilla_indep_qiskit_5,grover-noancilla_indep_qiskit_5.qasm,grover-noancilla,5,core_q2_q9,dd514cba6fbc94c48a3eb8f2ff2210ef74259e76e7f796394066418bfd93ee86,2,2,true,1
sim_common_q16_v1::grover-noancilla_indep_qiskit_6,grover-noancilla_indep_qiskit_6,grover-noancilla_indep_qiskit_6.qasm,grover-noancilla,6,core_q2_q9,b6a15d3507225e442ed02c90df5179f09c529df7bf5ee38a8005cc265f4203a6,0,0,true,1
sim_common_q16_v1::grover-noancilla_indep_qiskit_7,grover-noancilla_indep_qiskit_7,grover-noancilla_indep_qiskit_7.qasm,grover-noancilla,7,core_q2_q9,35548785a9c99b0ad9409f18dfbfc3baed0e1dcbb1d95eae8c8510dcda120410,0,0,true,1
sim_common_q16_v1::grover-noancilla_indep_qiskit_8,grover-noancilla_indep_qiskit_8,grover-noancilla_indep_qiskit_8.qasm,grover-noancilla,8,core_q2_q9,a3b7d67bad6cd47cb522addfaf763294b1ea99017f443c03052055a2f0074009,4,4,true,1
sim_common_q16_v1::grover-v-chain_indep_qiskit_2,grover-v-chain_indep_qiskit_2,grover-v-chain_indep_qiskit_2.qasm,grover-v-chain,2,core_q2_q9,55746e6a2fd8d9c4b8c813443f2db46b072f75db1632dd252298c735fbc72bf0,1,1,true,2
sim_common_q16_v1::grover-v-chain_indep_qiskit_3,grover-v-chain_indep_qiskit_3,grover-v-chain_indep_qiskit_3.qasm,grover-v-chain,3,core_q2_q9,bc77f4afad8bbb19a6b320c11bc8f8110a330e395e5c509895e0b6c566cab5e9,4,4,true,2
sim_common_q16_v1::grover-v-chain_indep_qiskit_4,grover-v-chain_indep_qiskit_4,grover-v-chain_indep_qiskit_4.qasm,grover-v-chain,4,core_q2_q9,edc62038c489069da135981ccefd5c5a2f3cc0a991fa6da4defa393abdb0d2a4,4,4,true,2
sim_common_q16_v1::grover-v-chain_indep_qiskit_5,grover-v-chain_indep_qiskit_5,grover-v-chain_indep_qiskit_5.qasm,grover-v-chain,5,core_q2_q9,5042c6dd513b1366c0a145850de9e534b0e38aabc818b994ab8c4b6cad7ad5c8,3,3,true,1
sim_common_q16_v1::grover-v-chain_indep_qiskit_7,grover-v-chain_indep_qiskit_7,grover-v-chain_indep_qiskit_7.qasm,grover-v-chain,7,core_q2_q9,84056291d9ff227b3c615cc378349fa1154f5a122bcd0eb6bc04045bbf3affa0,4,4,true,1
sim_common_q16_v1::grover-v-chain_indep_qiskit_9,grover-v-chain_indep_qiskit_9,grover-v-chain_indep_qiskit_9.qasm,grover-v-chain,9,core_q2_q9,3d37464cf8c53831d2867c0c111a83e03a820e90fa26f77d01a4a85f4f9d6875,1,1,true,1
sim_common_q16_v1::portfolioqaoa_indep_qiskit_3,portfolioqaoa_indep_qiskit_3,portfolioqaoa_indep_qiskit_3.qasm,portfolioqaoa,3,core_q2_q9,47e6743e95c380a13dc5947d9e9b3db26e541efabd4a27134ff26aa14c00ba7d,1,1,true,1
sim_common_q16_v1::portfolioqaoa_indep_qiskit_4,portfolioqaoa_indep_qiskit_4,portfolioqaoa_indep_qiskit_4.qasm,portfolioqaoa,4,core_q2_q9,568570a69663949a1aaac2fe16e74d3d065c7a8e6013e21368a9d8add886d6dc,2,2,true,1
sim_common_q16_v1::portfolioqaoa_indep_qiskit_5,portfolioqaoa_indep_qiskit_5,portfolioqaoa_indep_qiskit_5.qasm,portfolioqaoa,5,core_q2_q9,0f7836c0a3a429dd9b4f2b55a4fab5d6d112458814cb34efb22309ec614c801f,2,2,true,1
sim_common_q16_v1::portfolioqaoa_indep_qiskit_6,portfolioqaoa_indep_qiskit_6,portfolioqaoa_indep_qiskit_6.qasm,portfolioqaoa,6,core_q2_q9,4dd5e72918722dff3c88e277e20e3ecc1e06dfd0601343e784eeb454470800b7,4,4,true,1
sim_common_q16_v1::portfolioqaoa_indep_qiskit_7,portfolioqaoa_indep_qiskit_7,portfolioqaoa_indep_qiskit_7.qasm,portfolioqaoa,7,core_q2_q9,f8d88243c9d36e41e0eedeff4898e325d59ba4d8ceb4b81c7b48757ade1e94b4,0,0,true,1
sim_common_q16_v1::portfolioqaoa_indep_qiskit_8,portfolioqaoa_indep_qiskit_8,portfolioqaoa_indep_qiskit_8.qasm,portfolioqaoa,8,core_q2_q9,2372d3228c3e3e38e3351feb553380bce5a543c936f73a400de0e54ab470599a,1,1,true,1
sim_common_q16_v1::portfolioqaoa_indep_qiskit_9,portfolioqaoa_indep_qiskit_9,portfolioqaoa_indep_qiskit_9.qasm,portfolioqaoa,9,core_q2_q9,a53b2a3a1ba8397a96b487c44f825f3cab2e0c714b69298f2ab0a839975b173c,0,0,true,1
sim_common_q16_v1::portfoliovqe_indep_qiskit_3,portfoliovqe_indep_qiskit_3,portfoliovqe_indep_qiskit_3.qasm,portfoliovqe,3,core_q2_q9,4b5542071ea595cd62184de26c4f1dac3f6afa86f6450f50a28dbe8e1f865257,0,0,true,1
sim_common_q16_v1::portfoliovqe_indep_qiskit_4,portfoliovqe_indep_qiskit_4,portfoliovqe_indep_qiskit_4.qasm,portfoliovqe,4,core_q2_q9,36bb1354ff108648bc8c9c529a2002a53a68e4bfa9bf3529edce11e5d47f851f,0,0,true,1
sim_common_q16_v1::portfoliovqe_indep_qiskit_5,portfoliovqe_indep_qiskit_5,portfoliovqe_indep_qiskit_5.qasm,portfoliovqe,5,core_q2_q9,28b9eac87132bbff64970708737a94c408cfa435ce16cd395a57ab6fbfe5a6f7,2,2,true,1
sim_common_q16_v1::portfoliovqe_indep_qiskit_6,portfoliovqe_indep_qiskit_6,portfoliovqe_indep_qiskit_6.qasm,portfoliovqe,6,core_q2_q9,7dafebd46e73b9b279f1ef96da32f7d563de3721b856b4570375ab81951e06fc,0,0,true,1
sim_common_q16_v1::portfoliovqe_indep_qiskit_7,portfoliovqe_indep_qiskit_7,portfoliovqe_indep_qiskit_7.qasm,portfoliovqe,7,core_q2_q9,99e0865dc3fced630c02b5b2710b24fd9257ba31d54112cde08a769e974f53c4,3,3,true,1
sim_common_q16_v1::portfoliovqe_indep_qiskit_8,portfoliovqe_indep_qiskit_8,portfoliovqe_indep_qiskit_8.qasm,portfoliovqe,8,core_q2_q9,eb43007109ad9707544629854cfc7259b0e6aa70c5a618cedacbb7d26dd746a0,0,0,true,1
sim_common_q16_v1::portfoliovqe_indep_qiskit_9,portfoliovqe_indep_qiskit_9,portfoliovqe_indep_qiskit_9.qasm,portfoliovqe,9,core_q2_q9,615d076a941f3eec9d225a20b894c8d30a0c90d4834d03fa0ebd5d13e4b46ded,2,2,true,1
sim_common_q16_v1::qaoa_indep_qiskit_3,qaoa_indep_qiskit_3,qaoa_indep_qiskit_3.qasm,qaoa,3,core_q2_q9,45ca196e391297302c92dc6ea0fd119efa62b2ee88e3b85260561e5fbafa7400,3,3,true,1
sim_common_q16_v1::qaoa_indep_qiskit_4,qaoa_indep_qiskit_4,qaoa_indep_qiskit_4.qasm,qaoa,4,core_q2_q9,9649572da691c86252b1620cba73350902b9ba3cf4dbdb3fb2e3531588da98c4,1,1,true,1
sim_common_q16_v1::qaoa_indep_qiskit_5,qaoa_indep_qiskit_5,qaoa_indep_qiskit_5.qasm,qaoa,5,core_q2_q9,f2ce48d725be79c1ea5cbfeb36811261c4e74460588e911c3b2916a9303c1cf5,0,0,true,1
sim_common_q16_v1::qaoa_indep_qiskit_6,qaoa_indep_qiskit_6,qaoa_indep_qiskit_6.qasm,qaoa,6,core_q2_q9,6a475a20ac3d09839e2b43104ca187037db5ff813b811e0d7356adac93d25244,1,1,true,1
sim_common_q16_v1::qaoa_indep_qiskit_7,qaoa_indep_qiskit_7,qaoa_indep_qiskit_7.qasm,qaoa,7,core_q2_q9,8e1c1014680274215f87d97c833f99474ed19b3393b2b8eea20a36bde517708b,4,4,true,1
sim_common_q16_v1::qaoa_indep_qiskit_8,qaoa_indep_qiskit_8,qaoa_indep_qiskit_8.qasm,qaoa,8,core_q2_q9,0a43c652a1c92c83389d952438c22aa0d890a611333da29499d6ff1733925b21,0,0,true,1
sim_common_q16_v1::qaoa_indep_qiskit_9,qaoa_indep_qiskit_9,qaoa_indep_qiskit_9.qasm,qaoa,9,core_q2_q9,a4a7b8b8d556570de9ea2db286aaa4245fa50f4619f25f0f7414b16d503458d8,1,1,true,1
sim_common_q16_v1::qft_indep_qiskit_2,qft_indep_qiskit_2,qft_indep_qiskit_2.qasm,qft,2,core_q2_q9,aa91238ec5978b739b87b3a657746a8786de113397a5abeadf726d1dd9c836b3,2,2,true,1
sim_common_q16_v1::qft_indep_qiskit_3,qft_indep_qiskit_3,qft_indep_qiskit_3.qasm,qft,3,core_q2_q9,7f613ccae98ac8124d086ee9a39d94b1ed019520da8c3277395b109fd22d7d4d,4,4,true,1
sim_common_q16_v1::qft_indep_qiskit_4,qft_indep_qiskit_4,qft_indep_qiskit_4.qasm,qft,4,core_q2_q9,ea84355871fa77560419766f8000de4dcb0eea29468bcb0d89a1c84edff34f61,0,0,true,1
sim_common_q16_v1::qft_indep_qiskit_5,qft_indep_qiskit_5,qft_indep_qiskit_5.qasm,qft,5,core_q2_q9,0285fd21a0dd1ca29cd386de85a1a8af49cc7d71f5c86f6451b55a11c68864a8,3,3,true,1
sim_common_q16_v1::qft_indep_qiskit_6,qft_indep_qiskit_6,qft_indep_qiskit_6.qasm,qft,6,core_q2_q9,cbe1ca5505b485bd87b2e68f2b38ecae377e29f823c30e4c44d3f5f87d4266f7,1,1,true,1
sim_common_q16_v1::qft_indep_qiskit_7,qft_indep_qiskit_7,qft_indep_qiskit_7.qasm,qft,7,core_q2_q9,01de4bb89da48a3fc09c31d41d509c1446c6a4a3b329612c5baf0d39c56a922e,1,1,true,1
sim_common_q16_v1::qft_indep_qiskit_8,qft_indep_qiskit_8,qft_indep_qiskit_8.qasm,qft,8,core_q2_q9,e4664972befc3ffed396f3842bf910be22c2fbe7f293d3c295b971dfe094d398,3,3,true,1
sim_common_q16_v1::qft_indep_qiskit_9,qft_indep_qiskit_9,qft_indep_qiskit_9.qasm,qft,9,core_q2_q9,e0c3acec67c0fb535add575a46e01889b30ec7970005214fd2188b94ae3a55a5,0,0,true,1
sim_common_q16_v1::qftentangled_indep_qiskit_2,qftentangled_indep_qiskit_2,qftentangled_indep_qiskit_2.qasm,qftentangled,2,core_q2_q9,02d66e8b66849fdd0f0581b84924adbd1bd2d7603e25e5e9faa447ac2a6708d0,2,2,true,1
sim_common_q16_v1::qftentangled_indep_qiskit_3,qftentangled_indep_qiskit_3,qftentangled_indep_qiskit_3.qasm,qftentangled,3,core_q2_q9,5ab4253ed51b729f331c9f3cc78bfecd3ecb2fed2e98818816bf3f64e22f1bfe,2,2,true,1
sim_common_q16_v1::qftentangled_indep_qiskit_4,qftentangled_indep_qiskit_4,qftentangled_indep_qiskit_4.qasm,qftentangled,4,core_q2_q9,d7a22ac29418bcf9f00346732fe1b985f8e0b9df60273404dabbf4a62027715f,0,0,true,1
sim_common_q16_v1::qftentangled_indep_qiskit_5,qftentangled_indep_qiskit_5,qftentangled_indep_qiskit_5.qasm,qftentangled,5,core_q2_q9,4ee5846eef239e2b0e0d3f950f78b5b4b8af213f0063eb50be6bf50bdbb4385d,4,4,true,1
sim_common_q16_v1::qftentangled_indep_qiskit_6,qftentangled_indep_qiskit_6,qftentangled_indep_qiskit_6.qasm,qftentangled,6,core_q2_q9,7c8832728feaaf34fac1fda49dfcbfbf655902b5b4eb3f1b11e43f21d15de5bf,2,2,true,1
sim_common_q16_v1::qftentangled_indep_qiskit_7,qftentangled_indep_qiskit_7,qftentangled_indep_qiskit_7.qasm,qftentangled,7,core_q2_q9,f0e0170b510412a7e964e82f14793115a9e53a1b250283a74abd893a45b5f20e,3,3,true,1
sim_common_q16_v1::qftentangled_indep_qiskit_8,qftentangled_indep_qiskit_8,qftentangled_indep_qiskit_8.qasm,qftentangled,8,core_q2_q9,8711737782301f568af1980707e62c989655488357aa858d6c63bb8e206ae4fc,4,4,true,1
sim_common_q16_v1::qftentangled_indep_qiskit_9,qftentangled_indep_qiskit_9,qftentangled_indep_qiskit_9.qasm,qftentangled,9,core_q2_q9,fea8eb37e38bc24d3352d9446471b5cf8f6b8af6ae4c0f931d5942564936274c,3,3,true,1
sim_common_q16_v1::qnn_indep_qiskit_2,qnn_indep_qiskit_2,qnn_indep_qiskit_2.qasm,qnn,2,core_q2_q9,3c0ed99f7e5a0409bdadc636b8b7a5dd911304ccbe2e87b32589b91dd44a6a5a,3,3,true,1
sim_common_q16_v1::qnn_indep_qiskit_3,qnn_indep_qiskit_3,qnn_indep_qiskit_3.qasm,qnn,3,core_q2_q9,15e80264fdff1398ab38bbd9144f853a3a2317e95163fda15a1e9ec2657beecb,3,3,true,1
sim_common_q16_v1::qnn_indep_qiskit_4,qnn_indep_qiskit_4,qnn_indep_qiskit_4.qasm,qnn,4,core_q2_q9,451bd8177acaca0301a8bb4d61cb192f26dce1f81d8ab04ca0aded562d525c58,1,1,true,1
sim_common_q16_v1::qnn_indep_qiskit_5,qnn_indep_qiskit_5,qnn_indep_qiskit_5.qasm,qnn,5,core_q2_q9,d506e52d304853cd9e55834d3112505279aa22e89e70aa7c00dfc57caad3c72c,0,0,true,1
sim_common_q16_v1::qnn_indep_qiskit_6,qnn_indep_qiskit_6,qnn_indep_qiskit_6.qasm,qnn,6,core_q2_q9,720a3cec5f9b39a53aa0d59f0ecc24f42f2948fbe56164a033262c628e2ba875,1,1,true,1
sim_common_q16_v1::qnn_indep_qiskit_7,qnn_indep_qiskit_7,qnn_indep_qiskit_7.qasm,qnn,7,core_q2_q9,6cf91acdbcfc0321d1ffcee7c2197fec29f2b9dd83e7c3b56dbe8d583332ccdb,1,1,true,1
sim_common_q16_v1::qnn_indep_qiskit_8,qnn_indep_qiskit_8,qnn_indep_qiskit_8.qasm,qnn,8,core_q2_q9,f76953672a13f3e92397fe3586ff6557882560261e995147a67b931d701c7fcf,4,4,true,1
sim_common_q16_v1::qnn_indep_qiskit_9,qnn_indep_qiskit_9,qnn_indep_qiskit_9.qasm,qnn,9,core_q2_q9,4df5b36e58378649053c461bf5ee1478fa114ac65c0c14551536b820ce8eafc7,1,1,true,1
sim_common_q16_v1::qpeexact_indep_qiskit_2,qpeexact_indep_qiskit_2,qpeexact_indep_qiskit_2.qasm,qpeexact,2,core_q2_q9,0a43a3dbe4a4294a007fa7ec167a24ea300d3762489b98245c2f80ad29727075,0,0,true,1
sim_common_q16_v1::qpeexact_indep_qiskit_3,qpeexact_indep_qiskit_3,qpeexact_indep_qiskit_3.qasm,qpeexact,3,core_q2_q9,56289d5fdefe63c89244b0849f2e22753ce30832776d74b79de4603006db32f4,4,4,true,1
sim_common_q16_v1::qpeexact_indep_qiskit_4,qpeexact_indep_qiskit_4,qpeexact_indep_qiskit_4.qasm,qpeexact,4,core_q2_q9,af7e7c49ba06f5c554580173d3dcd73bc9d5a9dd9c6e3d3cd8c94d494fa4b969,2,2,true,1
sim_common_q16_v1::qpeexact_indep_qiskit_5,qpeexact_indep_qiskit_5,qpeexact_indep_qiskit_5.qasm,qpeexact,5,core_q2_q9,7478da09664f4489c33c18a6ea1974cc9dea86d1adda1f912c3eaeff27c2d5fa,0,0,true,1
sim_common_q16_v1::qpeexact_indep_qiskit_6,qpeexact_indep_qiskit_6,qpeexact_indep_qiskit_6.qasm,qpeexact,6,core_q2_q9,abe368f160ce73db792b3af14a6e120eda4838b15f01376daa204a680d07c5bc,2,2,true,1
sim_common_q16_v1::qpeexact_indep_qiskit_7,qpeexact_indep_qiskit_7,qpeexact_indep_qiskit_7.qasm,qpeexact,7,core_q2_q9,d06936015124a75ae15e1f94eeb54cc51ab24596726b8110765a69ba66d0e80a,0,0,true,1
sim_common_q16_v1::qpeexact_indep_qiskit_8,qpeexact_indep_qiskit_8,qpeexact_indep_qiskit_8.qasm,qpeexact,8,core_q2_q9,5d3cc38ff0e2b9054c927b6309c6a8dfaba491733eab08b06cc06f2d333da23d,4,4,true,1
sim_common_q16_v1::qpeexact_indep_qiskit_9,qpeexact_indep_qiskit_9,qpeexact_indep_qiskit_9.qasm,qpeexact,9,core_q2_q9,31f7b2533d8a3c05d59b44a9b2d93f44bc48da630d1884cf9df0012199e10a74,1,1,true,1
sim_common_q16_v1::qpeinexact_indep_qiskit_2,qpeinexact_indep_qiskit_2,qpeinexact_indep_qiskit_2.qasm,qpeinexact,2,core_q2_q9,acacd76111e7f23e4224342ca0ab5340b1bdaad3b6eba8893e4036ba14896362,1,1,true,1
sim_common_q16_v1::qpeinexact_indep_qiskit_3,qpeinexact_indep_qiskit_3,qpeinexact_indep_qiskit_3.qasm,qpeinexact,3,core_q2_q9,afa0cd93480bae81feca2afdcb909ab13c2934f76b139c27872b18658e5c1f28,2,2,true,1
sim_common_q16_v1::qpeinexact_indep_qiskit_4,qpeinexact_indep_qiskit_4,qpeinexact_indep_qiskit_4.qasm,qpeinexact,4,core_q2_q9,1d76cd981622e5ca02125654d00534f3aec623bbb2b95b7ea894049f76916577,4,4,true,1
sim_common_q16_v1::qpeinexact_indep_qiskit_5,qpeinexact_indep_qiskit_5,qpeinexact_indep_qiskit_5.qasm,qpeinexact,5,core_q2_q9,f37f599f25c5024b4069e866a31563a6daf0b1495d17d25343f7b3cfac1169ee,1,1,true,1
sim_common_q16_v1::qpeinexact_indep_qiskit_6,qpeinexact_indep_qiskit_6,qpeinexact_indep_qiskit_6.qasm,qpeinexact,6,core_q2_q9,c658b0f6c564cc6b7d6d48105e5567caf0660181ca2dbad8b9bdbdd353962fd6,0,0,true,1
sim_common_q16_v1::qpeinexact_indep_qiskit_7,qpeinexact_indep_qiskit_7,qpeinexact_indep_qiskit_7.qasm,qpeinexact,7,core_q2_q9,093af0605e834bf0a4f2aef0b46600d12c6b1c913e791fb13e2513048a6b1c70,4,4,true,1
sim_common_q16_v1::qpeinexact_indep_qiskit_8,qpeinexact_indep_qiskit_8,qpeinexact_indep_qiskit_8.qasm,qpeinexact,8,core_q2_q9,82da8e687716ed31c95e72560edb07e7f6073a5be0f5ebffb17d22aff22c81fd,0,0,true,1
sim_common_q16_v1::qpeinexact_indep_qiskit_9,qpeinexact_indep_qiskit_9,qpeinexact_indep_qiskit_9.qasm,qpeinexact,9,core_q2_q9,81a66b1daaf97d148a8a075515daf8702349d257883a1dd88e26993c1622351f,3,3,true,1
sim_common_q16_v1::qwalk-noancilla_indep_qiskit_3,qwalk-noancilla_indep_qiskit_3,qwalk-noancilla_indep_qiskit_3.qasm,qwalk-noancilla,3,core_q2_q9,9110b8773ad1c544b5ec91feaaa99c96975f7577fe6966b0f0df52dab84bef92,4,4,true,2
sim_common_q16_v1::qwalk-noancilla_indep_qiskit_4,qwalk-noancilla_indep_qiskit_4,qwalk-noancilla_indep_qiskit_4.qasm,qwalk-noancilla,4,core_q2_q9,2df018ddcd5f44fd33cd5d80af349db5f84e36d6a5f905ef4611e5e5cc0d03f4,4,4,true,1
sim_common_q16_v1::qwalk-noancilla_indep_qiskit_5,qwalk-noancilla_indep_qiskit_5,qwalk-noancilla_indep_qiskit_5.qasm,qwalk-noancilla,5,core_q2_q9,7e02b8d5bbea94c5e0eabb2edd6a74e15949ae6b737fabb55e66a61d47181912,4,4,true,1
sim_common_q16_v1::qwalk-noancilla_indep_qiskit_6,qwalk-noancilla_indep_qiskit_6,qwalk-noancilla_indep_qiskit_6.qasm,qwalk-noancilla,6,core_q2_q9,97bdbd3569346cfa4a289ced5de0f3280a495266d423a3af48650bf01484b9be,0,0,true,1
sim_common_q16_v1::qwalk-noancilla_indep_qiskit_7,qwalk-noancilla_indep_qiskit_7,qwalk-noancilla_indep_qiskit_7.qasm,qwalk-noancilla,7,core_q2_q9,73abe6179f1e84e36777e1d953028143ee3ff00662ddb793d55022d9344b4940,2,2,true,1
sim_common_q16_v1::qwalk-noancilla_indep_qiskit_8,qwalk-noancilla_indep_qiskit_8,qwalk-noancilla_indep_qiskit_8.qasm,qwalk-noancilla,8,core_q2_q9,b23a0318d268fcffc78b4f6ce920c98f33487ec34a71cf7b6225b9b6eb93f1bb,4,4,true,1
sim_common_q16_v1::qwalk-noancilla_indep_qiskit_9,qwalk-noancilla_indep_qiskit_9,qwalk-noancilla_indep_qiskit_9.qasm,qwalk-noancilla,9,core_q2_q9,e8037a4f622df36c65c0e756e11a6c6e3b8b40fbabaffb6cd59ff1cc79f49063,0,0,true,1
sim_common_q16_v1::qwalk-v-chain_indep_qiskit_3,qwalk-v-chain_indep_qiskit_3,qwalk-v-chain_indep_qiskit_3.qasm,qwalk-v-chain,3,core_q2_q9,9110b8773ad1c544b5ec91feaaa99c96975f7577fe6966b0f0df52dab84bef92,4,4,true,2
sim_common_q16_v1::qwalk-v-chain_indep_qiskit_5,qwalk-v-chain_indep_qiskit_5,qwalk-v-chain_indep_qiskit_5.qasm,qwalk-v-chain,5,core_q2_q9,72fb5f837aaa2bec862c3a477efd166f351b72903612c32d444704a431457f4d,0,0,true,1
sim_common_q16_v1::qwalk-v-chain_indep_qiskit_7,qwalk-v-chain_indep_qiskit_7,qwalk-v-chain_indep_qiskit_7.qasm,qwalk-v-chain,7,core_q2_q9,3d8107599f669ba102c734a8796433a6a348197dd98a74c63f172d7790b5c9a2,2,2,true,1
sim_common_q16_v1::qwalk-v-chain_indep_qiskit_9,qwalk-v-chain_indep_qiskit_9,qwalk-v-chain_indep_qiskit_9.qasm,qwalk-v-chain,9,core_q2_q9,8650fb4f2d0816cd59c97df1ed4051936ecb3b5c31d39ba97cdc5cd2af374a8a,4,4,true,1
sim_common_q16_v1::random_indep_qiskit_2,random_indep_qiskit_2,random_indep_qiskit_2.qasm,random,2,core_q2_q9,433844fca892218b1218ca028aafb0eddf1929d5ca52fdea53b3cb324e4055bd,1,1,true,1
sim_common_q16_v1::random_indep_qiskit_3,random_indep_qiskit_3,random_indep_qiskit_3.qasm,random,3,core_q2_q9,d7ecd343052e510bdf5fa0f67f2fdbc3ee5ddccd19f39548c2853114a94dece2,4,4,true,1
sim_common_q16_v1::random_indep_qiskit_4,random_indep_qiskit_4,random_indep_qiskit_4.qasm,random,4,core_q2_q9,212e0f8a693a745c9fc792b876e7be6ddb0ba051c1b0f558e0819e1437a8a2fb,2,2,true,1
sim_common_q16_v1::random_indep_qiskit_5,random_indep_qiskit_5,random_indep_qiskit_5.qasm,random,5,core_q2_q9,8f11cd416ae9672f06a39e5ee3a27a70bcbf31d7177cb47270c0cd8512c95381,1,1,true,1
sim_common_q16_v1::random_indep_qiskit_6,random_indep_qiskit_6,random_indep_qiskit_6.qasm,random,6,core_q2_q9,4d5b55eb4b8a0aea0af4bde721618cbe79ed66e0636398ffddc79ace483672a6,3,3,true,1
sim_common_q16_v1::random_indep_qiskit_7,random_indep_qiskit_7,random_indep_qiskit_7.qasm,random,7,core_q2_q9,8ffee9c3a3af1aeaa766f38df57fcb62de5efa16d7f328d60a8977cb0da39e22,0,0,true,1
sim_common_q16_v1::random_indep_qiskit_8,random_indep_qiskit_8,random_indep_qiskit_8.qasm,random,8,core_q2_q9,fa595f88d0ab98542a799af4492f53b2a5e2e88ebc442a9b508abac209d0afcc,3,3,true,1
sim_common_q16_v1::random_indep_qiskit_9,random_indep_qiskit_9,random_indep_qiskit_9.qasm,random,9,core_q2_q9,93eff191c23e0c3d13a127f38595909e7092290f5119c9be24a1ccc61fff5767,1,1,true,1
sim_common_q16_v1::realamprandom_indep_qiskit_2,realamprandom_indep_qiskit_2,realamprandom_indep_qiskit_2.qasm,realamprandom,2,core_q2_q9,806f1844d225682cd7d5d0b276b5567caa23697f73064d8a20347024bb03fe40,1,1,true,2
sim_common_q16_v1::realamprandom_indep_qiskit_3,realamprandom_indep_qiskit_3,realamprandom_indep_qiskit_3.qasm,realamprandom,3,core_q2_q9,79b8fdfbfe6897a226612f9b9e27a4533aac4b48258335fb7746c5f10989cedc,3,3,true,2
sim_common_q16_v1::realamprandom_indep_qiskit_4,realamprandom_indep_qiskit_4,realamprandom_indep_qiskit_4.qasm,realamprandom,4,core_q2_q9,187d76ac82884dc3202418b0e06077eec26afed0c625b228d76b4416e6bfa480,3,3,true,2
sim_common_q16_v1::realamprandom_indep_qiskit_5,realamprandom_indep_qiskit_5,realamprandom_indep_qiskit_5.qasm,realamprandom,5,core_q2_q9,8d3b3ff10a3a80d0dda4e7043cce2b222aaf9e3cc19caa194b8e87da40266ac5,3,3,true,2
sim_common_q16_v1::realamprandom_indep_qiskit_6,realamprandom_indep_qiskit_6,realamprandom_indep_qiskit_6.qasm,realamprandom,6,core_q2_q9,c9931425f0767057491a7e6ab8f1ed937fde917a862097440f57606892bddde9,0,0,true,2
sim_common_q16_v1::realamprandom_indep_qiskit_7,realamprandom_indep_qiskit_7,realamprandom_indep_qiskit_7.qasm,realamprandom,7,core_q2_q9,af19d23c83544c8b7f6be5c42e0254336c9902c1ef454c06b9d45c4582d2fd3d,2,2,true,2
sim_common_q16_v1::realamprandom_indep_qiskit_8,realamprandom_indep_qiskit_8,realamprandom_indep_qiskit_8.qasm,realamprandom,8,core_q2_q9,8ea085ea0c0185c560746ab5988221e203c457e2afbb475976fb99f718e2dad1,4,4,true,2
sim_common_q16_v1::realamprandom_indep_qiskit_9,realamprandom_indep_qiskit_9,realamprandom_indep_qiskit_9.qasm,realamprandom,9,core_q2_q9,bdd8a427e9747bbc01ad8e77a22d61f0314fe8db0de17786839f2193ab0928bd,0,0,true,2
sim_common_q16_v1::su2random_indep_qiskit_2,su2random_indep_qiskit_2,su2random_indep_qiskit_2.qasm,su2random,2,core_q2_q9,66c9180a271ec04f728ab259ed86a24fe52676e6f40a7614b02f79fd13536c91,0,0,true,1
sim_common_q16_v1::su2random_indep_qiskit_3,su2random_indep_qiskit_3,su2random_indep_qiskit_3.qasm,su2random,3,core_q2_q9,c69c35c09a4dcfe7dd09af0b73be8e5f608531bf0baadd794f6861bcf237e40c,3,3,true,1
sim_common_q16_v1::su2random_indep_qiskit_4,su2random_indep_qiskit_4,su2random_indep_qiskit_4.qasm,su2random,4,core_q2_q9,7fabc879bc998db5c05d7cc5b83db2d1704d7587139b714da9cf82639f4f093e,4,4,true,1
sim_common_q16_v1::su2random_indep_qiskit_5,su2random_indep_qiskit_5,su2random_indep_qiskit_5.qasm,su2random,5,core_q2_q9,c1572e3b6e41c965a5943c21ceacdbad56fc868b4ee02ff4ef8af2d2054a0602,2,2,true,1
sim_common_q16_v1::su2random_indep_qiskit_6,su2random_indep_qiskit_6,su2random_indep_qiskit_6.qasm,su2random,6,core_q2_q9,2f497b92b87e3e9f44c1ae23dfbffc7309c1550756e6829eb694d42dd4f2ed03,4,4,true,1
sim_common_q16_v1::su2random_indep_qiskit_7,su2random_indep_qiskit_7,su2random_indep_qiskit_7.qasm,su2random,7,core_q2_q9,4f2368cad1a087f01b7598f13a9afa3b7cea2d6f9e96f79eb390f62213c97af7,2,2,true,1
sim_common_q16_v1::su2random_indep_qiskit_8,su2random_indep_qiskit_8,su2random_indep_qiskit_8.qasm,su2random,8,core_q2_q9,3157278e31c54e80e45de35bfb793aac89eb413e21aabe08b2e0e140de8c0d39,3,3,true,1
sim_common_q16_v1::su2random_indep_qiskit_9,su2random_indep_qiskit_9,su2random_indep_qiskit_9.qasm,su2random,9,core_q2_q9,c6ee0cb7c958cecf010796ce2ad0bb148b9fd660dd52393972c541d9ae422eca,4,4,true,1
sim_common_q16_v1::twolocalrandom_indep_qiskit_2,twolocalrandom_indep_qiskit_2,twolocalrandom_indep_qiskit_2.qasm,twolocalrandom,2,core_q2_q9,806f1844d225682cd7d5d0b276b5567caa23697f73064d8a20347024bb03fe40,1,1,true,2
sim_common_q16_v1::twolocalrandom_indep_qiskit_3,twolocalrandom_indep_qiskit_3,twolocalrandom_indep_qiskit_3.qasm,twolocalrandom,3,core_q2_q9,79b8fdfbfe6897a226612f9b9e27a4533aac4b48258335fb7746c5f10989cedc,3,3,true,2
sim_common_q16_v1::twolocalrandom_indep_qiskit_4,twolocalrandom_indep_qiskit_4,twolocalrandom_indep_qiskit_4.qasm,twolocalrandom,4,core_q2_q9,187d76ac82884dc3202418b0e06077eec26afed0c625b228d76b4416e6bfa480,3,3,true,2
sim_common_q16_v1::twolocalrandom_indep_qiskit_5,twolocalrandom_indep_qiskit_5,twolocalrandom_indep_qiskit_5.qasm,twolocalrandom,5,core_q2_q9,8d3b3ff10a3a80d0dda4e7043cce2b222aaf9e3cc19caa194b8e87da40266ac5,3,3,true,2
sim_common_q16_v1::twolocalrandom_indep_qiskit_6,twolocalrandom_indep_qiskit_6,twolocalrandom_indep_qiskit_6.qasm,twolocalrandom,6,core_q2_q9,c9931425f0767057491a7e6ab8f1ed937fde917a862097440f57606892bddde9,0,0,true,2
sim_common_q16_v1::twolocalrandom_indep_qiskit_7,twolocalrandom_indep_qiskit_7,twolocalrandom_indep_qiskit_7.qasm,twolocalrandom,7,core_q2_q9,af19d23c83544c8b7f6be5c42e0254336c9902c1ef454c06b9d45c4582d2fd3d,2,2,true,2
sim_common_q16_v1::twolocalrandom_indep_qiskit_8,twolocalrandom_indep_qiskit_8,twolocalrandom_indep_qiskit_8.qasm,twolocalrandom,8,core_q2_q9,8ea085ea0c0185c560746ab5988221e203c457e2afbb475976fb99f718e2dad1,4,4,true,2
sim_common_q16_v1::twolocalrandom_indep_qiskit_9,twolocalrandom_indep_qiskit_9,twolocalrandom_indep_qiskit_9.qasm,twolocalrandom,9,core_q2_q9,bdd8a427e9747bbc01ad8e77a22d61f0314fe8db0de17786839f2193ab0928bd,0,0,true,2
sim_common_q16_v1::vqe_indep_qiskit_3,vqe_indep_qiskit_3,vqe_indep_qiskit_3.qasm,vqe,3,core_q2_q9,92c02520f591e3d46218c6839b62acb2a1d5fbcc2ceba197b9265653f1737b24,4,4,true,1
sim_common_q16_v1::vqe_indep_qiskit_4,vqe_indep_qiskit_4,vqe_indep_qiskit_4.qasm,vqe,4,core_q2_q9,23a9403cafedb94bbd2f39d4d9106aca7f890047719b80231d86ac9fb8382383,0,0,true,1
sim_common_q16_v1::vqe_indep_qiskit_5,vqe_indep_qiskit_5,vqe_indep_qiskit_5.qasm,vqe,5,core_q2_q9,8c7594c05053bb7af0015bd637170a669e9d39c1da6edce6a769992b6ef5c9cb,0,0,true,1
sim_common_q16_v1::vqe_indep_qiskit_6,vqe_indep_qiskit_6,vqe_indep_qiskit_6.qasm,vqe,6,core_q2_q9,58501be4f197f4efd57535977a245f6adb39216116363b46836664cd6ca29e10,2,2,true,1
sim_common_q16_v1::vqe_indep_qiskit_7,vqe_indep_qiskit_7,vqe_indep_qiskit_7.qasm,vqe,7,core_q2_q9,63b92ee6c5b54da107e9016de97e2cb7768bfb970ebc025650706533e47d3caf,2,2,true,1
sim_common_q16_v1::vqe_indep_qiskit_8,vqe_indep_qiskit_8,vqe_indep_qiskit_8.qasm,vqe,8,core_q2_q9,6e066adb38de82d96650b3f806e398374e88912fd4688ab9c98f3c94dcd33e16,4,4,true,1
sim_common_q16_v1::vqe_indep_qiskit_9,vqe_indep_qiskit_9,vqe_indep_qiskit_9.qasm,vqe,9,core_q2_q9,bbafe35368c1a915635c383f6aaa4ec709a7c6e055550875d4de11ca0983dbb5,4,4,true,1
sim_common_q16_v1::wstate_indep_qiskit_2,wstate_indep_qiskit_2,wstate_indep_qiskit_2.qasm,wstate,2,core_q2_q9,75b1db396e34d1f1b234ea8dcdc253203a770cecce7f48bb8a126860723c43df,1,1,true,1
sim_common_q16_v1::wstate_indep_qiskit_3,wstate_indep_qiskit_3,wstate_indep_qiskit_3.qasm,wstate,3,core_q2_q9,50a5fc62010017f60b77f8c81e9ddf9bd95419be272d2ec5ed1445aae0c7ac92,3,3,true,1
sim_common_q16_v1::wstate_indep_qiskit_4,wstate_indep_qiskit_4,wstate_indep_qiskit_4.qasm,wstate,4,core_q2_q9,387f2f6f12a10e034ae5b68c11336a9874e87f20871579eec585bfd7311f38c8,4,4,true,1
sim_common_q16_v1::wstate_indep_qiskit_5,wstate_indep_qiskit_5,wstate_indep_qiskit_5.qasm,wstate,5,core_q2_q9,dc97062e3adcbcaf813cae5e970c8a0357a239b8d4a09e77a4e3e4625532d209,1,1,true,1
sim_common_q16_v1::wstate_indep_qiskit_6,wstate_indep_qiskit_6,wstate_indep_qiskit_6.qasm,wstate,6,core_q2_q9,dbfb4dd8bf80cda30461759a3169ec60ac535a27409cf938f691179c6a121ebd,0,0,true,1
sim_common_q16_v1::wstate_indep_qiskit_7,wstate_indep_qiskit_7,wstate_indep_qiskit_7.qasm,wstate,7,core_q2_q9,1dab21c93a580f711efff03a0f4a1d82985cf201219e886ab246e03a9011735c,1,1,true,1
sim_common_q16_v1::wstate_indep_qiskit_8,wstate_indep_qiskit_8,wstate_indep_qiskit_8.qasm,wstate,8,core_q2_q9,e2fba21685e6e7d22d625d8babcc9c51a8911815153e52fc89277e0efe117045,3,3,true,1
sim_common_q16_v1::wstate_indep_qiskit_9,wstate_indep_qiskit_9,wstate_indep_qiskit_9.qasm,wstate,9,core_q2_q9,84c07c56eef046e3c72823b20fb674075b1ab68a85dc6a06baf7f35983e2bd17,2,2,true,1
