circuit_id,family,source_file,source_sha256,backend_class,backend_name,optimization_level,shots,seed_transpiler,seed_simulator,logical_width,logical_depth,logical_ops,logical_two_qubit_ops,physical_width,physical_depth,physical_ops,physical_two_qubit_ops,swap_count,dag_node_count,t_transpile_s,t_exec_s,t_total_s,status,error
ae::ae_indep_qiskit_8,ae,data/quantum_circuits/ae_indep_qiskit_8.qasm,78d3420407751ab52a65abe926510d585ebd3a5d1934ac31c13b28eca5c5ee8a,FakeWashingtonV2,fake_washington,0,1024,1234,1234,8,42,73,35,127,237,371,182,0,371,0.015755235999677097,0.8314797149996593,0.8472349509993364,ok,
ae::ae_indep_qiskit_8,ae,data/quantum_circuits/ae_indep_qiskit_8.qasm,78d3420407751ab52a65abe926510d585ebd3a5d1934ac31c13b28eca5c5ee8a,FakeWashingtonV2,fake_washington,1,1024,1234,1234,8,42,73,35,127,186,290,116,0,290,0.013772371999948518,0.6403078559997084,0.6540802279996569,ok,
ae::ae_indep_qiskit_8,ae,data/quantum_circuits/ae_indep_qiskit_8.qasm,78d3420407751ab52a65abe926510d585ebd3a5d1934ac31c13b28eca5c5ee8a,FakeWashingtonV2,fake_washington,2,1024,1234,1234,8,42,73,35,127,156,308,95,0,308,0.01477401100055431,0.6293918810006289,0.6441658920011832,ok,
ae::ae_indep_qiskit_8,ae,data/quantum_circuits/ae_indep_qiskit_8.qasm,78d3420407751ab52a65abe926510d585ebd3a5d1934ac31c13b28eca5c5ee8a,FakeWashingtonV2,fake_washington,3,1024,1234,1234,8,42,73,35,127,156,308,95,0,308,0.011721492999640759,0.6742938620009227,0.6860153550005634,ok,
dj::dj_indep_qiskit_7,dj,data/quantum_circuits/dj_indep_qiskit_7.qasm,9fc54c185186ff8c504ebdac4e3fa109beb4cf46f86196a3376b3153a7f72962,FakeWashingtonV2,fake_washington,0,1024,1234,1234,7,9,26,6,127,55,91,45,0,91,0.005703868000637158,0.6388059069995506,0.6445097750001878,ok,
dj::dj_indep_qiskit_7,dj,data/quantum_circuits/dj_indep_qiskit_7.qasm,9fc54c185186ff8c504ebdac4e3fa109beb4cf46f86196a3376b3153a7f72962,FakeWashingtonV2,fake_washington,1,1024,1234,1234,7,9,26,6,127,37,64,18,0,64,0.008249901000453974,0.5394530559988198,0.5477029569992737,ok,
dj::dj_indep_qiskit_7,dj,data/quantum_circuits/dj_indep_qiskit_7.qasm,9fc54c185186ff8c504ebdac4e3fa109beb4cf46f86196a3376b3153a7f72962,FakeWashingtonV2,fake_washington,2,1024,1234,1234,7,9,26,6,127,21,57,15,0,57,0.010731719999967027,0.7197704410009464,0.7305021610009135,ok,
dj::dj_indep_qiskit_7,dj,data/quantum_circuits/dj_indep_qiskit_7.qasm,9fc54c185186ff8c504ebdac4e3fa109beb4cf46f86196a3376b3153a7f72962,FakeWashingtonV2,fake_washington,3,1024,1234,1234,7,9,26,6,127,21,57,15,0,57,0.012542071001007571,0.5346835580003244,0.547225629001332,ok,
ghz::ghz_indep_qiskit_8,ghz,data/quantum_circuits/ghz_indep_qiskit_8.qasm,2e57556a1b12802c7368ef21e0eb8e5c9863f768a48a9a4d0771725e60b8a616,FakeWashingtonV2,fake_washington,0,1024,1234,1234,8,9,17,7,127,11,19,7,0,19,0.004726816001493717,0.7010468120006408,0.7057736280021345,ok,
ghz::ghz_indep_qiskit_8,ghz,data/quantum_circuits/ghz_indep_qiskit_8.qasm,2e57556a1b12802c7368ef21e0eb8e5c9863f768a48a9a4d0771725e60b8a616,FakeWashingtonV2,fake_washington,1,1024,1234,1234,8,9,17,7,127,11,19,7,0,19,0.005208562000916572,0.5351067209994653,0.5403152830003819,ok,
ghz::ghz_indep_qiskit_8,ghz,data/quantum_circuits/ghz_indep_qiskit_8.qasm,2e57556a1b12802c7368ef21e0eb8e5c9863f768a48a9a4d0771725e60b8a616,FakeWashingtonV2,fake_washington,2,1024,1234,1234,8,9,17,7,127,11,19,7,0,19,0.009232770000380697,0.7053249349992257,0.7145577049996064,ok,
ghz::ghz_indep_qiskit_8,ghz,data/quantum_circuits/ghz_indep_qiskit_8.qasm,2e57556a1b12802c7368ef21e0eb8e5c9863f768a48a9a4d0771725e60b8a616,FakeWashingtonV2,fake_washington,3,1024,1234,1234,8,9,17,7,127,11,19,7,0,19,0.011609934999796678,0.5333206770010293,0.5449306120008259,ok,
graphstate::graphstate_indep_qiskit_8,graphstate,data/quantum_circuits/graphstate_indep_qiskit_8.qasm,b6afb1122e1baece13144a1d0da78738759129107f453e9579e99e8789e057fe,FakeWashingtonV2,fake_washington,0,1024,1234,1234,8,6,25,8,127,54,125,44,0,125,0.005311607001203811,0.6215210569989722,0.626832664000176,ok,
graphstate::graphstate_indep_qiskit_8,graphstate,data/quantum_circuits/graphstate_indep_qiskit_8.qasm,b6afb1122e1baece13144a1d0da78738759129107f453e9579e99e8789e057fe,FakeWashingtonV2,fake_washington,1,1024,1234,1234,8,6,25,8,127,23,62,17,0,62,0.02151144699928409,0.5376380330017128,0.5591494800009968,ok,
graphstate::graphstate_indep_qiskit_8,graphstate,data/quantum_circuits/graphstate_indep_qiskit_8.qasm,b6afb1122e1baece13144a1d0da78738759129107f453e9579e99e8789e057fe,FakeWashingtonV2,fake_washington,2,1024,1234,1234,8,6,25,8,127,21,68,15,0,68,0.023374382999463705,0.6198963110000477,0.6432706939995114,ok,
graphstate::graphstate_indep_qiskit_8,graphstate,data/quantum_circuits/graphstate_indep_qiskit_8.qasm,b6afb1122e1baece13144a1d0da78738759129107f453e9579e99e8789e057fe,FakeWashingtonV2,fake_washington,3,1024,1234,1234,8,6,25,8,127,21,68,15,0,68,0.03560472299977846,0.5596285620013077,0.5952332850010862,ok,
grover-noancilla::grover-noancilla_indep_qiskit_8,grover-noancilla,data/quantum_circuits/grover-noancilla_indep_qiskit_8.qasm,a3b7d67bad6cd47cb522addfaf763294b1ea99017f443c03052055a2f0074009,FakeWashingtonV2,fake_washington,0,1024,1234,1234,8,3034,3153,3024,127,14270,18366,13439,0,18366,0.020227216000421322,1.8011590180012718,1.821386234001693,ok,
grover-noancilla::grover-noancilla_indep_qiskit_8,grover-noancilla,data/quantum_circuits/grover-noancilla_indep_qiskit_8.qasm,a3b7d67bad6cd47cb522addfaf763294b1ea99017f443c03052055a2f0074009,FakeWashingtonV2,fake_washington,1,1024,1234,1234,8,3034,3153,3024,127,10177,14138,9224,0,14138,0.028383269000187283,4.7332975110002735,4.761680780000461,ok,
grover-noancilla::grover-noancilla_indep_qiskit_8,grover-noancilla,data/quantum_circuits/grover-noancilla_indep_qiskit_8.qasm,a3b7d67bad6cd47cb522addfaf763294b1ea99017f443c03052055a2f0074009,FakeWashingtonV2,fake_washington,2,1024,1234,1234,8,3034,3153,3024,127,11127,17052,7160,0,17052,0.134845177999523,4.830395181999847,4.96524035999937,ok,
grover-noancilla::grover-noancilla_indep_qiskit_8,grover-noancilla,data/quantum_circuits/grover-noancilla_indep_qiskit_8.qasm,a3b7d67bad6cd47cb522addfaf763294b1ea99017f443c03052055a2f0074009,FakeWashingtonV2,fake_washington,3,1024,1234,1234,8,3034,3153,3024,127,10896,16777,7301,0,16777,0.12119515800077352,3.4640191110011074,3.585214269001881,ok,
grover-v-chain::grover-v-chain_indep_qiskit_7,grover-v-chain,data/quantum_circuits/grover-v-chain_indep_qiskit_7.qasm,84056291d9ff227b3c615cc378349fa1154f5a122bcd0eb6bc04045bbf3affa0,FakeWashingtonV2,fake_washington,0,1024,1234,1234,7,271,318,244,127,1502,2016,1304,0,2016,0.009737749000123586,0.9845263160004833,0.9942640650006069,ok,
grover-v-chain::grover-v-chain_indep_qiskit_7,grover-v-chain,data/quantum_circuits/grover-v-chain_indep_qiskit_7.qasm,84056291d9ff227b3c615cc378349fa1154f5a122bcd0eb6bc04045bbf3affa0,FakeWashingtonV2,fake_washington,1,1024,1234,1234,7,271,318,244,127,1030,1479,834,0,1479,0.011351930001183064,0.9579641749987786,0.9693161049999617,ok,
grover-v-chain::grover-v-chain_indep_qiskit_7,grover-v-chain,data/quantum_circuits/grover-v-chain_indep_qiskit_7.qasm,84056291d9ff227b3c615cc378349fa1154f5a122bcd0eb6bc04045bbf3affa0,FakeWashingtonV2,fake_washington,2,1024,1234,1234,7,271,318,244,127,1114,1681,702,0,1681,0.019240986999648158,0.8421171409991075,0.8613581279987557,ok,
grover-v-chain::grover-v-chain_indep_qiskit_7,grover-v-chain,data/quantum_circuits/grover-v-chain_indep_qiskit_7.qasm,84056291d9ff227b3c615cc378349fa1154f5a122bcd0eb6bc04045bbf3affa0,FakeWashingtonV2,fake_washington,3,1024,1234,1234,7,271,318,244,127,1114,1681,702,0,1681,0.020757336000315263,0.9215328669997689,0.9422902030000841,ok,
portfolioqaoa::portfolioqaoa_indep_qiskit_8,portfolioqaoa,data/quantum_circuits/portfolioqaoa_indep_qiskit_8.qasm,2372d3228c3e3e38e3351feb553380bce5a543c936f73a400de0e54ab470599a,FakeWashingtonV2,fake_washington,0,1024,1234,1234,8,35,134,84,127,319,678,432,0,678,0.006299085000136984,0.5784892669998953,0.5847883520000323,ok,
portfolioqaoa::portfolioqaoa_indep_qiskit_8,portfolioqaoa,data/quantum_circuits/portfolioqaoa_indep_qiskit_8.qasm,2372d3228c3e3e38e3351feb553380bce5a543c936f73a400de0e54ab470599a,FakeWashingtonV2,fake_washington,1,1024,1234,1234,8,35,134,84,127,291,613,367,0,613,0.008139192999806255,0.7917169030006335,0.7998560960004397,ok,
portfolioqaoa::portfolioqaoa_indep_qiskit_8,portfolioqaoa,data/quantum_circuits/portfolioqaoa_indep_qiskit_8.qasm,2372d3228c3e3e38e3351feb553380bce5a543c936f73a400de0e54ab470599a,FakeWashingtonV2,fake_washington,2,1024,1234,1234,8,35,134,84,127,310,680,296,0,680,0.014281297000707127,0.6932200039991585,0.7075013009998656,ok,
portfolioqaoa::portfolioqaoa_indep_qiskit_8,portfolioqaoa,data/quantum_circuits/portfolioqaoa_indep_qiskit_8.qasm,2372d3228c3e3e38e3351feb553380bce5a543c936f73a400de0e54ab470599a,FakeWashingtonV2,fake_washington,3,1024,1234,1234,8,35,134,84,127,314,687,310,0,687,0.01449342500018247,0.6638757569999143,0.6783691820000968,ok,
portfoliovqe::portfoliovqe_indep_qiskit_8,portfoliovqe,data/quantum_circuits/portfoliovqe_indep_qiskit_8.qasm,eb43007109ad9707544629854cfc7259b0e6aa70c5a618cedacbb7d26dd746a0,FakeWashingtonV2,fake_washington,0,1024,1234,1234,8,34,125,84,127,414,1021,348,0,1021,0.00437358900126128,0.5899145839994162,0.5942881730006775,ok,
portfoliovqe::portfoliovqe_indep_qiskit_8,portfoliovqe,data/quantum_circuits/portfoliovqe_indep_qiskit_8.qasm,eb43007109ad9707544629854cfc7259b0e6aa70c5a618cedacbb7d26dd746a0,FakeWashingtonV2,fake_washington,1,1024,1234,1234,8,34,125,84,127,285,784,297,0,784,0.00909095899987733,0.6659949459990457,0.6750859049989231,ok,
portfoliovqe::portfoliovqe_indep_qiskit_8,portfoliovqe,data/quantum_circuits/portfoliovqe_indep_qiskit_8.qasm,eb43007109ad9707544629854cfc7259b0e6aa70c5a618cedacbb7d26dd746a0,FakeWashingtonV2,fake_washington,2,1024,1234,1234,8,34,125,84,127,292,704,232,0,704,0.012738256999000441,0.5840295839989267,0.5967678409979271,ok,
portfoliovqe::portfoliovqe_indep_qiskit_8,portfoliovqe,data/quantum_circuits/portfoliovqe_indep_qiskit_8.qasm,eb43007109ad9707544629854cfc7259b0e6aa70c5a618cedacbb7d26dd746a0,FakeWashingtonV2,fake_washington,3,1024,1234,1234,8,34,125,84,127,284,707,242,0,707,0.012144570999225834,0.6706645370013575,0.6828091080005834,ok,
qaoa::qaoa_indep_qiskit_8,qaoa,data/quantum_circuits/qaoa_indep_qiskit_8.qasm,0a43c652a1c92c83389d952438c22aa0d890a611333da29499d6ff1733925b21,FakeWashingtonV2,fake_washington,0,1024,1234,1234,8,9,49,16,127,84,218,89,0,218,0.004960296999342972,0.5564975220004271,0.5614578189997701,ok,
qaoa::qaoa_indep_qiskit_8,qaoa,data/quantum_circuits/qaoa_indep_qiskit_8.qasm,0a43c652a1c92c83389d952438c22aa0d890a611333da29499d6ff1733925b21,FakeWashingtonV2,fake_washington,1,1024,1234,1234,8,9,49,16,127,40,179,50,0,179,0.00969226599954709,0.6452328399991529,0.6549251059987,ok,
qaoa::qaoa_indep_qiskit_8,qaoa,data/quantum_circuits/qaoa_indep_qiskit_8.qasm,0a43c652a1c92c83389d952438c22aa0d890a611333da29499d6ff1733925b21,FakeWashingtonV2,fake_washington,2,1024,1234,1234,8,9,49,16,127,40,175,50,0,175,0.012040372001138167,0.5348778839997976,0.5469182560009358,ok,
qaoa::qaoa_indep_qiskit_8,qaoa,data/quantum_circuits/qaoa_indep_qiskit_8.qasm,0a43c652a1c92c83389d952438c22aa0d890a611333da29499d6ff1733925b21,FakeWashingtonV2,fake_washington,3,1024,1234,1234,8,9,49,16,127,40,175,50,0,175,0.01331675199980964,0.6400294369996118,0.6533461889994214,ok,
qft::qft_indep_qiskit_8,qft,data/quantum_circuits/qft_indep_qiskit_8.qasm,e4664972befc3ffed396f3842bf910be22c2fbe7f293d3c295b971dfe094d398,FakeWashingtonV2,fake_washington,0,1024,1234,1234,8,17,49,32,127,138,299,182,0,299,0.0056729180014372105,0.9561956100005773,0.9618685280020145,ok,
qft::qft_indep_qiskit_8,qft,data/quantum_circuits/qft_indep_qiskit_8.qasm,e4664972befc3ffed396f3842bf910be22c2fbe7f293d3c295b971dfe094d398,FakeWashingtonV2,fake_washington,1,1024,1234,1234,8,17,49,32,127,129,261,152,0,261,0.009598069000276155,0.6298586439988867,0.6394567129991628,ok,
qft::qft_indep_qiskit_8,qft,data/quantum_circuits/qft_indep_qiskit_8.qasm,e4664972befc3ffed396f3842bf910be22c2fbe7f293d3c295b971dfe094d398,FakeWashingtonV2,fake_washington,2,1024,1234,1234,8,17,49,32,127,112,243,100,0,243,0.01232969500051695,0.5390654540005926,0.5513951490011095,ok,
qft::qft_indep_qiskit_8,qft,data/quantum_circuits/qft_indep_qiskit_8.qasm,e4664972befc3ffed396f3842bf910be22c2fbe7f293d3c295b971dfe094d398,FakeWashingtonV2,fake_washington,3,1024,1234,1234,8,17,49,32,127,104,258,97,0,258,0.011730079000699334,0.6308549450004648,0.6425850240011641,ok,
qftentangled::qftentangled_indep_qiskit_8,qftentangled,data/quantum_circuits/qftentangled_indep_qiskit_8.qasm,8711737782301f568af1980707e62c989655488357aa858d6c63bb8e206ae4fc,FakeWashingtonV2,fake_washington,0,1024,1234,1234,8,19,57,39,127,142,309,189,0,309,0.0060580860008485615,0.543610083999738,0.5496681700005865,ok,
qftentangled::qftentangled_indep_qiskit_8,qftentangled,data/quantum_circuits/qftentangled_indep_qiskit_8.qasm,8711737782301f568af1980707e62c989655488357aa858d6c63bb8e206ae4fc,FakeWashingtonV2,fake_washington,1,1024,1234,1234,8,19,57,39,127,156,265,153,0,265,0.00875251700017543,1.1847810359995492,1.1935335529997246,ok,
qftentangled::qftentangled_indep_qiskit_8,qftentangled,data/quantum_circuits/qftentangled_indep_qiskit_8.qasm,8711737782301f568af1980707e62c989655488357aa858d6c63bb8e206ae4fc,FakeWashingtonV2,fake_washington,2,1024,1234,1234,8,19,57,39,127,149,257,108,0,257,0.012876458000391722,0.9936686300006841,1.0065450880010758,ok,
qftentangled::qftentangled_indep_qiskit_8,qftentangled,data/quantum_circuits/qftentangled_indep_qiskit_8.qasm,8711737782301f568af1980707e62c989655488357aa858d6c63bb8e206ae4fc,FakeWashingtonV2,fake_washington,3,1024,1234,1234,8,19,57,39,127,149,257,108,0,257,0.013543994000428938,0.6326599179992627,0.6462039119996916,ok,
qnn::qnn_indep_qiskit_8,qnn,data/quantum_circuits/qnn_indep_qiskit_8.qasm,f76953672a13f3e92397fe3586ff6557882560261e995147a67b931d701c7fcf,FakeWashingtonV2,fake_washington,0,1024,1234,1234,8,75,216,119,127,229,498,305,0,498,0.00514565599951311,0.5780130599996482,0.5831587159991614,ok,
qnn::qnn_indep_qiskit_8,qnn,data/quantum_circuits/qnn_indep_qiskit_8.qasm,f76953672a13f3e92397fe3586ff6557882560261e995147a67b931d701c7fcf,FakeWashingtonV2,fake_washington,1,1024,1234,1234,8,75,216,119,127,261,440,263,0,440,0.009225002000675886,0.6635124479998922,0.6727374500005681,ok,
qnn::qnn_indep_qiskit_8,qnn,data/quantum_circuits/qnn_indep_qiskit_8.qasm,f76953672a13f3e92397fe3586ff6557882560261e995147a67b931d701c7fcf,FakeWashingtonV2,fake_washington,2,1024,1234,1234,8,75,216,119,127,232,448,204,0,448,0.01174943399928452,0.5597526710007514,0.571502105000036,ok,
qnn::qnn_indep_qiskit_8,qnn,data/quantum_circuits/qnn_indep_qiskit_8.qasm,f76953672a13f3e92397fe3586ff6557882560261e995147a67b931d701c7fcf,FakeWashingtonV2,fake_washington,3,1024,1234,1234,8,75,216,119,127,232,448,204,0,448,0.015108655999938492,1.5215212540006178,1.5366299100005563,ok,
qpeexact::qpeexact_indep_qiskit_8,qpeexact,data/quantum_circuits/qpeexact_indep_qiskit_8.qasm,5d3cc38ff0e2b9054c927b6309c6a8dfaba491733eab08b06cc06f2d333da23d,FakeWashingtonV2,fake_washington,0,1024,1234,1234,8,23,54,31,127,197,344,209,0,344,0.00579989600009867,0.5636770740002248,0.5694769700003235,ok,
qpeexact::qpeexact_indep_qiskit_8,qpeexact,data/quantum_circuits/qpeexact_indep_qiskit_8.qasm,5d3cc38ff0e2b9054c927b6309c6a8dfaba491733eab08b06cc06f2d333da23d,FakeWashingtonV2,fake_washington,1,1024,1234,1234,8,23,54,31,127,157,269,134,0,269,0.008675903000039398,0.6482263109992346,0.656902213999274,ok,
qpeexact::qpeexact_indep_qiskit_8,qpeexact,data/quantum_circuits/qpeexact_indep_qiskit_8.qasm,5d3cc38ff0e2b9054c927b6309c6a8dfaba491733eab08b06cc06f2d333da23d,FakeWashingtonV2,fake_washington,2,1024,1234,1234,8,23,54,31,127,136,287,90,0,287,0.013351241999771446,0.5411650089990871,0.5545162509988586,ok,
qpeexact::qpeexact_indep_qiskit_8,qpeexact,data/quantum_circuits/qpeexact_indep_qiskit_8.qasm,5d3cc38ff0e2b9054c927b6309c6a8dfaba491733eab08b06cc06f2d333da23d,FakeWashingtonV2,fake_washington,3,1024,1234,1234,8,23,54,31,127,136,287,90,0,287,0.012626043000636855,0.6225691259987798,0.6351951689994166,ok,
qpeinexact::qpeinexact_indep_qiskit_8,qpeinexact,data/quantum_circuits/qpeinexact_indep_qiskit_8.qasm,82da8e687716ed31c95e72560edb07e7f6073a5be0f5ebffb17d22aff22c81fd,FakeWashingtonV2,fake_washington,0,1024,1234,1234,8,23,54,31,127,197,344,209,0,344,0.005381556999054737,0.6526105559987627,0.6579921129978175,ok,
qpeinexact::qpeinexact_indep_qiskit_8,qpeinexact,data/quantum_circuits/qpeinexact_indep_qiskit_8.qasm,82da8e687716ed31c95e72560edb07e7f6073a5be0f5ebffb17d22aff22c81fd,FakeWashingtonV2,fake_washington,1,1024,1234,1234,8,23,54,31,127,157,269,134,0,269,0.007968076000906876,0.5576280690002022,0.5655961450011091,ok,
qpeinexact::qpeinexact_indep_qiskit_8,qpeinexact,data/quantum_circuits/qpeinexact_indep_qiskit_8.qasm,82da8e687716ed31c95e72560edb07e7f6073a5be0f5ebffb17d22aff22c81fd,FakeWashingtonV2,fake_washington,2,1024,1234,1234,8,23,54,31,127,137,281,91,0,281,0.009230396999555524,0.7758094920009171,0.7850398890004726,ok,
qpeinexact::qpeinexact_indep_qiskit_8,qpeinexact,data/quantum_circuits/qpeinexact_indep_qiskit_8.qasm,82da8e687716ed31c95e72560edb07e7f6073a5be0f5ebffb17d22aff22c81fd,FakeWashingtonV2,fake_washington,3,1024,1234,1234,8,23,54,31,127,137,281,91,0,281,0.011770070999773452,0.5389278839993494,0.5506979549991229,ok,
qwalk-noancilla::qwalk-noancilla_indep_qiskit_8,qwalk-noancilla,data/quantum_circuits/qwalk-noancilla_indep_qiskit_8.qasm,b23a0318d268fcffc78b4f6ce920c98f33487ec34a71cf7b6225b9b6eb93f1bb,FakeWashingtonV2,fake_washington,0,1024,1234,1234,8,3020,3132,2886,127,13708,17482,12822,0,17482,0.01974919799977215,3.642961153000215,3.662710350999987,ok,
qwalk-noancilla::qwalk-noancilla_indep_qiskit_8,qwalk-noancilla,data/quantum_circuits/qwalk-noancilla_indep_qiskit_8.qasm,b23a0318d268fcffc78b4f6ce920c98f33487ec34a71cf7b6225b9b6eb93f1bb,FakeWashingtonV2,fake_washington,1,1024,1234,1234,8,3020,3132,2886,127,9889,13817,9199,0,13817,0.028000525000607013,1.230411231999824,1.258411757000431,ok,
qwalk-noancilla::qwalk-noancilla_indep_qiskit_8,qwalk-noancilla,data/quantum_circuits/qwalk-noancilla_indep_qiskit_8.qasm,b23a0318d268fcffc78b4f6ce920c98f33487ec34a71cf7b6225b9b6eb93f1bb,FakeWashingtonV2,fake_washington,2,1024,1234,1234,8,3020,3132,2886,127,10214,15130,6563,0,15130,0.05850470199948177,2.951214410999455,3.009719112998937,ok,
qwalk-noancilla::qwalk-noancilla_indep_qiskit_8,qwalk-noancilla,data/quantum_circuits/qwalk-noancilla_indep_qiskit_8.qasm,b23a0318d268fcffc78b4f6ce920c98f33487ec34a71cf7b6225b9b6eb93f1bb,FakeWashingtonV2,fake_washington,3,1024,1234,1234,8,3020,3132,2886,127,10210,15128,6563,0,15128,0.06979856600082712,2.923735319000116,2.993533885000943,ok,
qwalk-v-chain::qwalk-v-chain_indep_qiskit_7,qwalk-v-chain,data/quantum_circuits/qwalk-v-chain_indep_qiskit_7.qasm,3d8107599f669ba102c734a8796433a6a348197dd98a74c63f172d7790b5c9a2,FakeWashingtonV2,fake_washington,0,1024,1234,1234,7,68,93,6,127,1102,1527,894,0,1527,0.009170140998321585,0.9374538009997195,0.9466239419980411,ok,
qwalk-v-chain::qwalk-v-chain_indep_qiskit_7,qwalk-v-chain,data/quantum_circuits/qwalk-v-chain_indep_qiskit_7.qasm,3d8107599f669ba102c734a8796433a6a348197dd98a74c63f172d7790b5c9a2,FakeWashingtonV2,fake_washington,1,1024,1234,1234,7,68,93,6,127,692,933,525,0,933,0.008939241000916809,0.7291592780002247,0.7380985190011415,ok,
qwalk-v-chain::qwalk-v-chain_indep_qiskit_7,qwalk-v-chain,data/quantum_circuits/qwalk-v-chain_indep_qiskit_7.qasm,3d8107599f669ba102c734a8796433a6a348197dd98a74c63f172d7790b5c9a2,FakeWashingtonV2,fake_washington,2,1024,1234,1234,7,68,93,6,127,711,965,416,0,965,0.014756828000827227,0.7952703310002107,0.8100271590010379,ok,
qwalk-v-chain::qwalk-v-chain_indep_qiskit_7,qwalk-v-chain,data/quantum_circuits/qwalk-v-chain_indep_qiskit_7.qasm,3d8107599f669ba102c734a8796433a6a348197dd98a74c63f172d7790b5c9a2,FakeWashingtonV2,fake_washington,3,1024,1234,1234,7,68,93,6,127,711,965,416,0,965,0.017964894001124776,0.704738627999177,0.7227035220003017,ok,
random::random_indep_qiskit_8,random,data/quantum_circuits/random_indep_qiskit_8.qasm,fa595f88d0ab98542a799af4492f53b2a5e2e88ebc442a9b508abac209d0afcc,FakeWashingtonV2,fake_washington,0,1024,1234,1234,8,50,153,61,127,306,672,285,0,672,0.008084684999630554,0.7490902980007377,0.7571749830003682,ok,
random::random_indep_qiskit_8,random,data/quantum_circuits/random_indep_qiskit_8.qasm,fa595f88d0ab98542a799af4492f53b2a5e2e88ebc442a9b508abac209d0afcc,FakeWashingtonV2,fake_washington,1,1024,1234,1234,8,50,153,61,127,264,511,204,0,511,0.011592665001444402,1.1939606880005158,1.2055533530019602,ok,
random::random_indep_qiskit_8,random,data/quantum_circuits/random_indep_qiskit_8.qasm,fa595f88d0ab98542a799af4492f53b2a5e2e88ebc442a9b508abac209d0afcc,FakeWashingtonV2,fake_washington,2,1024,1234,1234,8,50,153,61,127,217,492,166,0,492,0.014871508999931393,0.6403999659996771,0.6552714749996085,ok,
random::random_indep_qiskit_8,random,data/quantum_circuits/random_indep_qiskit_8.qasm,fa595f88d0ab98542a799af4492f53b2a5e2e88ebc442a9b508abac209d0afcc,FakeWashingtonV2,fake_washington,3,1024,1234,1234,8,50,153,61,127,217,492,166,0,492,0.015385300999696483,0.548824842000613,0.5642101430003095,ok,
realamprandom::realamprandom_indep_qiskit_8,realamprandom,data/quantum_circuits/realamprandom_indep_qiskit_8.qasm,8ea085ea0c0185c560746ab5988221e203c457e2afbb475976fb99f718e2dad1,FakeWashingtonV2,fake_washington,0,1024,1234,1234,8,34,125,84,127,244,517,348,0,517,0.006330284000796382,0.6520573690013407,0.6583876530021371,ok,
realamprandom::realamprandom_indep_qiskit_8,realamprandom,data/quantum_circuits/realamprandom_indep_qiskit_8.qasm,8ea085ea0c0185c560746ab5988221e203c457e2afbb475976fb99f718e2dad1,FakeWashingtonV2,fake_washington,1,1024,1234,1234,8,34,125,84,127,201,420,283,0,420,0.007192635999672348,0.5562442529990221,0.5634368889986945,ok,
realamprandom::realamprandom_indep_qiskit_8,realamprandom,data/quantum_circuits/realamprandom_indep_qiskit_8.qasm,8ea085ea0c0185c560746ab5988221e203c457e2afbb475976fb99f718e2dad1,FakeWashingtonV2,fake_washington,2,1024,1234,1234,8,34,125,84,127,219,465,210,0,465,0.013196879001043271,0.6444747200002894,0.6576715990013327,ok,
realamprandom::realamprandom_indep_qiskit_8,realamprandom,data/quantum_circuits/realamprandom_indep_qiskit_8.qasm,8ea085ea0c0185c560746ab5988221e203c457e2afbb475976fb99f718e2dad1,FakeWashingtonV2,fake_washington,3,1024,1234,1234,8,34,125,84,127,205,461,220,0,461,0.017197991999637452,0.5563437420005357,0.5735417340001732,ok,
su2random::su2random_indep_qiskit_8,su2random,data/quantum_circuits/su2random_indep_qiskit_8.qasm,3157278e31c54e80e45de35bfb793aac89eb413e21aabe08b2e0e140de8c0d39,FakeWashingtonV2,fake_washington,0,1024,1234,1234,8,34,125,84,127,244,517,348,0,517,0.004607834000125877,0.667277042999558,0.6718848769996839,ok,
su2random::su2random_indep_qiskit_8,su2random,data/quantum_circuits/su2random_indep_qiskit_8.qasm,3157278e31c54e80e45de35bfb793aac89eb413e21aabe08b2e0e140de8c0d39,FakeWashingtonV2,fake_washington,1,1024,1234,1234,8,34,125,84,127,201,420,283,0,420,0.007269133000590955,0.555469032999099,0.56273816599969,ok,
su2random::su2random_indep_qiskit_8,su2random,data/quantum_circuits/su2random_indep_qiskit_8.qasm,3157278e31c54e80e45de35bfb793aac89eb413e21aabe08b2e0e140de8c0d39,FakeWashingtonV2,fake_washington,2,1024,1234,1234,8,34,125,84,127,222,472,210,0,472,0.011888660999829881,0.6424853919997986,0.6543740529996285,ok,
su2random::su2random_indep_qiskit_8,su2random,data/quantum_circuits/su2random_indep_qiskit_8.qasm,3157278e31c54e80e45de35bfb793aac89eb413e21aabe08b2e0e140de8c0d39,FakeWashingtonV2,fake_washington,3,1024,1234,1234,8,34,125,84,127,208,468,220,0,468,0.01599217500006489,0.5618226209990098,0.5778147959990747,ok,
vqe::vqe_indep_qiskit_8,vqe,data/quantum_circuits/vqe_indep_qiskit_8.qasm,6e066adb38de82d96650b3f806e398374e88912fd4688ab9c98f3c94dcd33e16,FakeWashingtonV2,fake_washington,0,1024,1234,1234,8,13,47,14,127,25,143,14,0,143,0.005150496001078864,0.6461032400002296,0.6512537360013084,ok,
vqe::vqe_indep_qiskit_8,vqe,data/quantum_circuits/vqe_indep_qiskit_8.qasm,6e066adb38de82d96650b3f806e398374e88912fd4688ab9c98f3c94dcd33e16,FakeWashingtonV2,fake_washington,1,1024,1234,1234,8,13,47,14,127,22,113,14,0,113,0.006448757001635386,0.5445049329991889,0.5509536900008243,ok,
vqe::vqe_indep_qiskit_8,vqe,data/quantum_circuits/vqe_indep_qiskit_8.qasm,6e066adb38de82d96650b3f806e398374e88912fd4688ab9c98f3c94dcd33e16,FakeWashingtonV2,fake_washington,2,1024,1234,1234,8,13,47,14,127,26,117,14,0,117,0.010238924000077532,0.6431156859998737,0.6533546099999512,ok,
vqe::vqe_indep_qiskit_8,vqe,data/quantum_circuits/vqe_indep_qiskit_8.qasm,6e066adb38de82d96650b3f806e398374e88912fd4688ab9c98f3c94dcd33e16,FakeWashingtonV2,fake_washington,3,1024,1234,1234,8,13,47,14,127,26,117,14,0,117,0.011354467000273871,0.5326900649997697,0.5440445320000435,ok,
wstate::wstate_indep_qiskit_8,wstate,data/quantum_circuits/wstate_indep_qiskit_8.qasm,e2fba21685e6e7d22d625d8babcc9c51a8911815153e52fc89277e0efe117045,FakeWashingtonV2,fake_washington,0,1024,1234,1234,8,17,38,14,127,73,136,14,0,136,0.004676057000324363,0.6406064619986864,0.6452825189990108,ok,
wstate::wstate_indep_qiskit_8,wstate,data/quantum_circuits/wstate_indep_qiskit_8.qasm,e2fba21685e6e7d22d625d8babcc9c51a8911815153e52fc89277e0efe117045,FakeWashingtonV2,fake_washington,1,1024,1234,1234,8,17,38,14,127,33,66,14,0,66,0.0063326409999717725,0.5289776730005542,0.535310314000526,ok,
wstate::wstate_indep_qiskit_8,wstate,data/quantum_circuits/wstate_indep_qiskit_8.qasm,e2fba21685e6e7d22d625d8babcc9c51a8911815153e52fc89277e0efe117045,FakeWashingtonV2,fake_washington,2,1024,1234,1234,8,17,38,14,127,44,88,14,0,88,0.009284413999921526,0.6142218299992237,0.6235062439991452,ok,
wstate::wstate_indep_qiskit_8,wstate,data/quantum_circuits/wstate_indep_qiskit_8.qasm,e2fba21685e6e7d22d625d8babcc9c51a8911815153e52fc89277e0efe117045,FakeWashingtonV2,fake_washington,3,1024,1234,1234,8,17,38,14,127,44,87,14,0,87,0.01102480800000194,0.6625919380003324,0.6736167460003344,ok,
ae::ae_indep_qiskit_8,ae,data/quantum_circuits/ae_indep_qiskit_8.qasm,78d3420407751ab52a65abe926510d585ebd3a5d1934ac31c13b28eca5c5ee8a,FakeSherbrooke,fake_sherbrooke,0,1024,1234,1234,8,42,73,35,127,922,2227,182,0,2227,0.008196250999390031,0.7122857829999703,0.7204820339993603,ok,
ae::ae_indep_qiskit_8,ae,data/quantum_circuits/ae_indep_qiskit_8.qasm,78d3420407751ab52a65abe926510d585ebd3a5d1934ac31c13b28eca5c5ee8a,FakeSherbrooke,fake_sherbrooke,1,1024,1234,1234,8,42,73,35,127,334,715,116,0,715,0.011195177999979933,0.49099413300064043,0.5021893110006204,ok,
ae::ae_indep_qiskit_8,ae,data/quantum_circuits/ae_indep_qiskit_8.qasm,78d3420407751ab52a65abe926510d585ebd3a5d1934ac31c13b28eca5c5ee8a,FakeSherbrooke,fake_sherbrooke,2,1024,1234,1234,8,42,73,35,127,375,750,95,0,750,0.013987058000566321,0.40437202400062233,0.41835908200118865,ok,
ae::ae_indep_qiskit_8,ae,data/quantum_circuits/ae_indep_qiskit_8.qasm,78d3420407751ab52a65abe926510d585ebd3a5d1934ac31c13b28eca5c5ee8a,FakeSherbrooke,fake_sherbrooke,3,1024,1234,1234,8,42,73,35,127,374,749,95,0,749,0.016026873001464992,0.4028505750011391,0.41887744800260407,ok,
dj::dj_indep_qiskit_7,dj,data/quantum_circuits/dj_indep_qiskit_7.qasm,9fc54c185186ff8c504ebdac4e3fa109beb4cf46f86196a3376b3153a7f72962,FakeSherbrooke,fake_sherbrooke,0,1024,1234,1234,7,9,26,6,127,202,451,45,0,451,0.005238396999629913,0.5253141169996525,0.5305525139992824,ok,
dj::dj_indep_qiskit_7,dj,data/quantum_circuits/dj_indep_qiskit_7.qasm,9fc54c185186ff8c504ebdac4e3fa109beb4cf46f86196a3376b3153a7f72962,FakeSherbrooke,fake_sherbrooke,1,1024,1234,1234,7,9,26,6,127,66,121,18,0,121,0.009384854000018095,0.39702855900031864,0.40641341300033673,ok,
dj::dj_indep_qiskit_7,dj,data/quantum_circuits/dj_indep_qiskit_7.qasm,9fc54c185186ff8c504ebdac4e3fa109beb4cf46f86196a3376b3153a7f72962,FakeSherbrooke,fake_sherbrooke,2,1024,1234,1234,7,9,26,6,127,64,129,15,0,129,0.0118056159990374,0.4832860000005894,0.4950916159996268,ok,
dj::dj_indep_qiskit_7,dj,data/quantum_circuits/dj_indep_qiskit_7.qasm,9fc54c185186ff8c504ebdac4e3fa109beb4cf46f86196a3376b3153a7f72962,FakeSherbrooke,fake_sherbrooke,3,1024,1234,1234,7,9,26,6,127,64,129,15,0,129,0.010294666999470792,0.3743950619991665,0.3846897289986373,ok,
ghz::ghz_indep_qiskit_8,ghz,data/quantum_circuits/ghz_indep_qiskit_8.qasm,2e57556a1b12802c7368ef21e0eb8e5c9863f768a48a9a4d0771725e60b8a616,FakeSherbrooke,fake_sherbrooke,0,1024,1234,1234,8,9,17,7,127,26,80,7,0,80,0.004237778999595321,0.3790478840001015,0.3832856629996968,ok,
ghz::ghz_indep_qiskit_8,ghz,data/quantum_circuits/ghz_indep_qiskit_8.qasm,2e57556a1b12802c7368ef21e0eb8e5c9863f768a48a9a4d0771725e60b8a616,FakeSherbrooke,fake_sherbrooke,1,1024,1234,1234,8,9,17,7,127,20,56,7,0,56,0.005049622999649728,0.4654890069996327,0.4705386299992824,ok,
ghz::ghz_indep_qiskit_8,ghz,data/quantum_circuits/ghz_indep_qiskit_8.qasm,2e57556a1b12802c7368ef21e0eb8e5c9863f768a48a9a4d0771725e60b8a616,FakeSherbrooke,fake_sherbrooke,2,1024,1234,1234,8,9,17,7,127,32,75,7,0,75,0.00859489200047392,0.37499129900061234,0.38358619100108626,ok,
ghz::ghz_indep_qiskit_8,ghz,data/quantum_circuits/ghz_indep_qiskit_8.qasm,2e57556a1b12802c7368ef21e0eb8e5c9863f768a48a9a4d0771725e60b8a616,FakeSherbrooke,fake_sherbrooke,3,1024,1234,1234,8,9,17,7,127,32,75,7,0,75,0.009628308000174002,0.46719893900080933,0.47682724700098333,ok,
graphstate::graphstate_indep_qiskit_8,graphstate,data/quantum_circuits/graphstate_indep_qiskit_8.qasm,b6afb1122e1baece13144a1d0da78738759129107f453e9579e99e8789e057fe,FakeSherbrooke,fake_sherbrooke,0,1024,1234,1234,8,6,25,8,127,180,541,44,0,541,0.005141483999977936,0.5171218819996284,0.5222633659996063,ok,
graphstate::graphstate_indep_qiskit_8,graphstate,data/quantum_circuits/graphstate_indep_qiskit_8.qasm,b6afb1122e1baece13144a1d0da78738759129107f453e9579e99e8789e057fe,FakeSherbrooke,fake_sherbrooke,1,1024,1234,1234,8,6,25,8,127,26,111,17,0,111,0.024202899001465994,0.41408988799958024,0.43829278700104624,ok,
graphstate::graphstate_indep_qiskit_8,graphstate,data/quantum_circuits/graphstate_indep_qiskit_8.qasm,b6afb1122e1baece13144a1d0da78738759129107f453e9579e99e8789e057fe,FakeSherbrooke,fake_sherbrooke,2,1024,1234,1234,8,6,25,8,127,41,138,15,0,138,0.02707686699977785,0.45719226300025184,0.4842691300000297,ok,
graphstate::graphstate_indep_qiskit_8,graphstate,data/quantum_circuits/graphstate_indep_qiskit_8.qasm,b6afb1122e1baece13144a1d0da78738759129107f453e9579e99e8789e057fe,FakeSherbrooke,fake_sherbrooke,3,1024,1234,1234,8,6,25,8,127,41,131,15,0,131,0.040407612001217785,0.3783948220007005,0.4188024340019183,ok,
grover-noancilla::grover-noancilla_indep_qiskit_8,grover-noancilla,data/quantum_circuits/grover-noancilla_indep_qiskit_8.qasm,a3b7d67bad6cd47cb522addfaf763294b1ea99017f443c03052055a2f0074009,FakeSherbrooke,fake_sherbrooke,0,1024,1234,1234,8,3034,3153,3024,127,71714,153548,13439,0,153548,0.1084614289993624,3.4747257149992947,3.583187143998657,ok,
grover-noancilla::grover-noancilla_indep_qiskit_8,grover-noancilla,data/quantum_circuits/grover-noancilla_indep_qiskit_8.qasm,a3b7d67bad6cd47cb522addfaf763294b1ea99017f443c03052055a2f0074009,FakeSherbrooke,fake_sherbrooke,1,1024,1234,1234,8,3034,3153,3024,127,26356,53600,9236,0,53600,0.12798503500016523,2.2635527530001127,2.391537788000278,ok,
grover-noancilla::grover-noancilla_indep_qiskit_8,grover-noancilla,data/quantum_circuits/grover-noancilla_indep_qiskit_8.qasm,a3b7d67bad6cd47cb522addfaf763294b1ea99017f443c03052055a2f0074009,FakeSherbrooke,fake_sherbrooke,2,1024,1234,1234,8,3034,3153,3024,127,29239,54557,7959,0,54557,0.21778180999899632,3.852530410000327,4.070312219999323,ok,
grover-noancilla::grover-noancilla_indep_qiskit_8,grover-noancilla,data/quantum_circuits/grover-noancilla_indep_qiskit_8.qasm,a3b7d67bad6cd47cb522addfaf763294b1ea99017f443c03052055a2f0074009,FakeSherbrooke,fake_sherbrooke,3,1024,1234,1234,8,3034,3153,3024,127,29215,54236,7881,0,54236,0.2732313950000389,3.331972191999739,3.605203586999778,ok,
grover-v-chain::grover-v-chain_indep_qiskit_7,grover-v-chain,data/quantum_circuits/grover-v-chain_indep_qiskit_7.qasm,84056291d9ff227b3c615cc378349fa1154f5a122bcd0eb6bc04045bbf3affa0,FakeSherbrooke,fake_sherbrooke,0,1024,1234,1234,7,271,318,244,127,6737,14552,1304,0,14552,0.016043120000176714,2.215399823999178,2.2314429439993546,ok,
grover-v-chain::grover-v-chain_indep_qiskit_7,grover-v-chain,data/quantum_circuits/grover-v-chain_indep_qiskit_7.qasm,84056291d9ff227b3c615cc378349fa1154f5a122bcd0eb6bc04045bbf3affa0,FakeSherbrooke,fake_sherbrooke,1,1024,1234,1234,7,271,318,244,127,2584,4908,842,0,4908,0.020952937000402017,1.2891432340002211,1.3100961710006231,ok,
grover-v-chain::grover-v-chain_indep_qiskit_7,grover-v-chain,data/quantum_circuits/grover-v-chain_indep_qiskit_7.qasm,84056291d9ff227b3c615cc378349fa1154f5a122bcd0eb6bc04045bbf3affa0,FakeSherbrooke,fake_sherbrooke,2,1024,1234,1234,7,271,318,244,127,2864,5247,746,0,5247,0.03412052499879792,1.1822566730006656,1.2163771979994635,ok,
grover-v-chain::grover-v-chain_indep_qiskit_7,grover-v-chain,data/quantum_circuits/grover-v-chain_indep_qiskit_7.qasm,84056291d9ff227b3c615cc378349fa1154f5a122bcd0eb6bc04045bbf3affa0,FakeSherbrooke,fake_sherbrooke,3,1024,1234,1234,7,271,318,244,127,2860,5241,746,0,5241,0.03501208499983477,1.1793374640001275,1.2143495489999623,ok,
portfolioqaoa::portfolioqaoa_indep_qiskit_8,portfolioqaoa,data/quantum_circuits/portfolioqaoa_indep_qiskit_8.qasm,2372d3228c3e3e38e3351feb553380bce5a543c936f73a400de0e54ab470599a,FakeSherbrooke,fake_sherbrooke,0,1024,1234,1234,8,35,134,84,127,1596,4962,432,0,4962,0.009915799000737024,0.5729016929999489,0.5828174920006859,ok,
portfolioqaoa::portfolioqaoa_indep_qiskit_8,portfolioqaoa,data/quantum_circuits/portfolioqaoa_indep_qiskit_8.qasm,2372d3228c3e3e38e3351feb553380bce5a543c936f73a400de0e54ab470599a,FakeSherbrooke,fake_sherbrooke,1,1024,1234,1234,8,35,134,84,127,704,2166,381,0,2166,0.01300825500038627,0.4416822969997156,0.4546905520001019,ok,
portfolioqaoa::portfolioqaoa_indep_qiskit_8,portfolioqaoa,data/quantum_circuits/portfolioqaoa_indep_qiskit_8.qasm,2372d3228c3e3e38e3351feb553380bce5a543c936f73a400de0e54ab470599a,FakeSherbrooke,fake_sherbrooke,2,1024,1234,1234,8,35,134,84,127,973,2243,316,0,2243,0.017950061001101858,0.5303193460003968,0.5482694070014986,ok,
portfolioqaoa::portfolioqaoa_indep_qiskit_8,portfolioqaoa,data/quantum_circuits/portfolioqaoa_indep_qiskit_8.qasm,2372d3228c3e3e38e3351feb553380bce5a543c936f73a400de0e54ab470599a,FakeSherbrooke,fake_sherbrooke,3,1024,1234,1234,8,35,134,84,127,937,2336,326,0,2336,0.0211112739998498,0.436868554999819,0.4579798289996688,ok,
portfoliovqe::portfoliovqe_indep_qiskit_8,portfoliovqe,data/quantum_circuits/portfoliovqe_indep_qiskit_8.qasm,eb43007109ad9707544629854cfc7259b0e6aa70c5a618cedacbb7d26dd746a0,FakeSherbrooke,fake_sherbrooke,0,1024,1234,1234,8,34,125,84,127,1320,4153,348,0,4153,0.007056671000100323,1.3387041919995681,1.3457608629996685,ok,
portfoliovqe::portfoliovqe_indep_qiskit_8,portfoliovqe,data/quantum_circuits/portfoliovqe_indep_qiskit_8.qasm,eb43007109ad9707544629854cfc7259b0e6aa70c5a618cedacbb7d26dd746a0,FakeSherbrooke,fake_sherbrooke,1,1024,1234,1234,8,34,125,84,127,531,1633,297,0,1633,0.013986951000333647,0.5017713830002322,0.5157583340005658,ok,
portfoliovqe::portfoliovqe_indep_qiskit_8,portfoliovqe,data/quantum_circuits/portfoliovqe_indep_qiskit_8.qasm,eb43007109ad9707544629854cfc7259b0e6aa70c5a618cedacbb7d26dd746a0,FakeSherbrooke,fake_sherbrooke,2,1024,1234,1234,8,34,125,84,127,672,1637,232,0,1637,0.015105563999895821,0.6341320070005168,0.6492375710004126,ok,
portfoliovqe::portfoliovqe_indep_qiskit_8,portfoliovqe,data/quantum_circuits/portfoliovqe_indep_qiskit_8.qasm,eb43007109ad9707544629854cfc7259b0e6aa70c5a618cedacbb7d26dd746a0,FakeSherbrooke,fake_sherbrooke,3,1024,1234,1234,8,34,125,84,127,654,1687,242,0,1687,0.01662659099929442,0.5088993520002987,0.5255259429995931,ok,
qaoa::qaoa_indep_qiskit_8,qaoa,data/quantum_circuits/qaoa_indep_qiskit_8.qasm,0a43c652a1c92c83389d952438c22aa0d890a611333da29499d6ff1733925b21,FakeSherbrooke,fake_sherbrooke,0,1024,1234,1234,8,9,49,16,127,340,1024,89,0,1024,0.006600093000088236,0.405845417000819,0.41244551000090723,ok,
qaoa::qaoa_indep_qiskit_8,qaoa,data/quantum_circuits/qaoa_indep_qiskit_8.qasm,0a43c652a1c92c83389d952438c22aa0d890a611333da29499d6ff1733925b21,FakeSherbrooke,fake_sherbrooke,1,1024,1234,1234,8,9,49,16,127,65,323,50,0,323,0.011955899999520625,0.3989009229990188,0.41085682299853943,ok,
qaoa::qaoa_indep_qiskit_8,qaoa,data/quantum_circuits/qaoa_indep_qiskit_8.qasm,0a43c652a1c92c83389d952438c22aa0d890a611333da29499d6ff1733925b21,FakeSherbrooke,fake_sherbrooke,2,1024,1234,1234,8,9,49,16,127,87,378,50,0,378,0.014534867999827839,0.6660847899984219,0.6806196579982497,ok,
qaoa::qaoa_indep_qiskit_8,qaoa,data/quantum_circuits/qaoa_indep_qiskit_8.qasm,0a43c652a1c92c83389d952438c22aa0d890a611333da29499d6ff1733925b21,FakeSherbrooke,fake_sherbrooke,3,1024,1234,1234,8,9,49,16,127,87,378,50,0,378,0.01631903700035764,0.44087173500156496,0.4571907720019226,ok,
qft::qft_indep_qiskit_8,qft,data/quantum_circuits/qft_indep_qiskit_8.qasm,e4664972befc3ffed396f3842bf910be22c2fbe7f293d3c295b971dfe094d398,FakeSherbrooke,fake_sherbrooke,0,1024,1234,1234,8,17,49,32,127,486,1759,182,0,1759,0.006431248999433592,0.5485638890004338,0.5549951379998674,ok,
qft::qft_indep_qiskit_8,qft,data/quantum_circuits/qft_indep_qiskit_8.qasm,e4664972befc3ffed396f3842bf910be22c2fbe7f293d3c295b971dfe094d398,FakeSherbrooke,fake_sherbrooke,1,1024,1234,1234,8,17,49,32,127,354,931,152,0,931,0.009791610000320361,0.4086378770007286,0.418429487001049,ok,
qft::qft_indep_qiskit_8,qft,data/quantum_circuits/qft_indep_qiskit_8.qasm,e4664972befc3ffed396f3842bf910be22c2fbe7f293d3c295b971dfe094d398,FakeSherbrooke,fake_sherbrooke,2,1024,1234,1234,8,17,49,32,127,323,774,110,0,774,0.01452698200046143,0.41260269099984725,0.4271296730003087,ok,
qft::qft_indep_qiskit_8,qft,data/quantum_circuits/qft_indep_qiskit_8.qasm,e4664972befc3ffed396f3842bf910be22c2fbe7f293d3c295b971dfe094d398,FakeSherbrooke,fake_sherbrooke,3,1024,1234,1234,8,17,49,32,127,274,752,103,0,752,0.016574688999753562,0.49687181999979657,0.5134465089995501,ok,
qftentangled::qftentangled_indep_qiskit_8,qftentangled,data/quantum_circuits/qftentangled_indep_qiskit_8.qasm,8711737782301f568af1980707e62c989655488357aa858d6c63bb8e206ae4fc,FakeSherbrooke,fake_sherbrooke,0,1024,1234,1234,8,19,57,39,127,495,1830,189,0,1830,0.007622753000759985,0.561735409000903,0.569358162001663,ok,
qftentangled::qftentangled_indep_qiskit_8,qftentangled,data/quantum_circuits/qftentangled_indep_qiskit_8.qasm,8711737782301f568af1980707e62c989655488357aa858d6c63bb8e206ae4fc,FakeSherbrooke,fake_sherbrooke,1,1024,1234,1234,8,19,57,39,127,382,918,153,0,918,0.011791659000664367,0.6816522249991976,0.693443883999862,ok,
qftentangled::qftentangled_indep_qiskit_8,qftentangled,data/quantum_circuits/qftentangled_indep_qiskit_8.qasm,8711737782301f568af1980707e62c989655488357aa858d6c63bb8e206ae4fc,FakeSherbrooke,fake_sherbrooke,2,1024,1234,1234,8,19,57,39,127,350,815,108,0,815,0.01438910599972587,0.5263080810000247,0.5406971869997506,ok,
qftentangled::qftentangled_indep_qiskit_8,qftentangled,data/quantum_circuits/qftentangled_indep_qiskit_8.qasm,8711737782301f568af1980707e62c989655488357aa858d6c63bb8e206ae4fc,FakeSherbrooke,fake_sherbrooke,3,1024,1234,1234,8,19,57,39,127,350,815,108,0,815,0.016190554000786506,0.39759709700047097,0.4137876510012575,ok,
qnn::qnn_indep_qiskit_8,qnn,data/quantum_circuits/qnn_indep_qiskit_8.qasm,f76953672a13f3e92397fe3586ff6557882560261e995147a67b931d701c7fcf,FakeSherbrooke,fake_sherbrooke,0,1024,1234,1234,8,75,216,119,127,1048,3491,305,0,3491,0.009297833999880822,0.5328880889992433,0.5421859229991242,ok,
qnn::qnn_indep_qiskit_8,qnn,data/quantum_circuits/qnn_indep_qiskit_8.qasm,f76953672a13f3e92397fe3586ff6557882560261e995147a67b931d701c7fcf,FakeSherbrooke,fake_sherbrooke,1,1024,1234,1234,8,75,216,119,127,618,1489,263,0,1489,0.012373454999760725,0.4362416210005904,0.4486150760003511,ok,
qnn::qnn_indep_qiskit_8,qnn,data/quantum_circuits/qnn_indep_qiskit_8.qasm,f76953672a13f3e92397fe3586ff6557882560261e995147a67b931d701c7fcf,FakeSherbrooke,fake_sherbrooke,2,1024,1234,1234,8,75,216,119,127,741,1601,230,0,1601,0.017984432999583078,0.5372070030007308,0.5551914360003138,ok,
qnn::qnn_indep_qiskit_8,qnn,data/quantum_circuits/qnn_indep_qiskit_8.qasm,f76953672a13f3e92397fe3586ff6557882560261e995147a67b931d701c7fcf,FakeSherbrooke,fake_sherbrooke,3,1024,1234,1234,8,75,216,119,127,741,1598,230,0,1598,0.018448536000505555,0.4211396779992356,0.43958821399974113,ok,
qpeexact::qpeexact_indep_qiskit_8,qpeexact,data/quantum_circuits/qpeexact_indep_qiskit_8.qasm,5d3cc38ff0e2b9054c927b6309c6a8dfaba491733eab08b06cc06f2d333da23d,FakeSherbrooke,fake_sherbrooke,0,1024,1234,1234,8,23,54,31,127,916,2338,209,0,2338,0.0077848890014138306,0.6297433130002901,0.6375282020017039,ok,
qpeexact::qpeexact_indep_qiskit_8,qpeexact,data/quantum_circuits/qpeexact_indep_qiskit_8.qasm,5d3cc38ff0e2b9054c927b6309c6a8dfaba491733eab08b06cc06f2d333da23d,FakeSherbrooke,fake_sherbrooke,1,1024,1234,1234,8,23,54,31,127,380,827,134,0,827,0.01057736999973713,0.5016383040001529,0.51221567399989,ok,
qpeexact::qpeexact_indep_qiskit_8,qpeexact,data/quantum_circuits/qpeexact_indep_qiskit_8.qasm,5d3cc38ff0e2b9054c927b6309c6a8dfaba491733eab08b06cc06f2d333da23d,FakeSherbrooke,fake_sherbrooke,2,1024,1234,1234,8,23,54,31,127,370,726,92,0,726,0.013038975999734248,0.39921018699897104,0.4122491629987053,ok,
qpeexact::qpeexact_indep_qiskit_8,qpeexact,data/quantum_circuits/qpeexact_indep_qiskit_8.qasm,5d3cc38ff0e2b9054c927b6309c6a8dfaba491733eab08b06cc06f2d333da23d,FakeSherbrooke,fake_sherbrooke,3,1024,1234,1234,8,23,54,31,127,370,726,92,0,726,0.016600806999122142,0.47766529499858734,0.4942661019977095,ok,
qpeinexact::qpeinexact_indep_qiskit_8,qpeinexact,data/quantum_circuits/qpeinexact_indep_qiskit_8.qasm,82da8e687716ed31c95e72560edb07e7f6073a5be0f5ebffb17d22aff22c81fd,FakeSherbrooke,fake_sherbrooke,0,1024,1234,1234,8,23,54,31,127,916,2338,209,0,2338,0.007661334000658826,0.435419933999583,0.44308126800024183,ok,
qpeinexact::qpeinexact_indep_qiskit_8,qpeinexact,data/quantum_circuits/qpeinexact_indep_qiskit_8.qasm,82da8e687716ed31c95e72560edb07e7f6073a5be0f5ebffb17d22aff22c81fd,FakeSherbrooke,fake_sherbrooke,1,1024,1234,1234,8,23,54,31,127,381,828,134,0,828,0.010782772000311525,0.5147036449998268,0.5254864170001383,ok,
qpeinexact::qpeinexact_indep_qiskit_8,qpeinexact,data/quantum_circuits/qpeinexact_indep_qiskit_8.qasm,82da8e687716ed31c95e72560edb07e7f6073a5be0f5ebffb17d22aff22c81fd,FakeSherbrooke,fake_sherbrooke,2,1024,1234,1234,8,23,54,31,127,371,732,93,0,732,0.013146733999747084,0.8459983259999717,0.8591450599997188,ok,
qpeinexact::qpeinexact_indep_qiskit_8,qpeinexact,data/quantum_circuits/qpeinexact_indep_qiskit_8.qasm,82da8e687716ed31c95e72560edb07e7f6073a5be0f5ebffb17d22aff22c81fd,FakeSherbrooke,fake_sherbrooke,3,1024,1234,1234,8,23,54,31,127,371,732,93,0,732,0.01849487700019381,0.4444152630003373,0.4629101400005311,ok,
qwalk-noancilla::qwalk-noancilla_indep_qiskit_8,qwalk-noancilla,data/quantum_circuits/qwalk-noancilla_indep_qiskit_8.qasm,b23a0318d268fcffc78b4f6ce920c98f33487ec34a71cf7b6225b9b6eb93f1bb,FakeSherbrooke,fake_sherbrooke,0,1024,1234,1234,8,3020,3132,2886,127,68373,145216,12822,0,145216,0.11005483000008098,4.667486143998758,4.777540973998839,ok,
qwalk-noancilla::qwalk-noancilla_indep_qiskit_8,qwalk-noancilla,data/quantum_circuits/qwalk-noancilla_indep_qiskit_8.qasm,b23a0318d268fcffc78b4f6ce920c98f33487ec34a71cf7b6225b9b6eb93f1bb,FakeSherbrooke,fake_sherbrooke,1,1024,1234,1234,8,3020,3132,2886,127,26036,53183,9282,0,53183,0.12083452800106897,1.6666606620001403,1.7874951900012093,ok,
qwalk-noancilla::qwalk-noancilla_indep_qiskit_8,qwalk-noancilla,data/quantum_circuits/qwalk-noancilla_indep_qiskit_8.qasm,b23a0318d268fcffc78b4f6ce920c98f33487ec34a71cf7b6225b9b6eb93f1bb,FakeSherbrooke,fake_sherbrooke,2,1024,1234,1234,8,3020,3132,2886,127,27554,51098,7579,0,51098,0.15381327000068268,1.564344575999712,1.7181578460003948,ok,
qwalk-noancilla::qwalk-noancilla_indep_qiskit_8,qwalk-noancilla,data/quantum_circuits/qwalk-noancilla_indep_qiskit_8.qasm,b23a0318d268fcffc78b4f6ce920c98f33487ec34a71cf7b6225b9b6eb93f1bb,FakeSherbrooke,fake_sherbrooke,3,1024,1234,1234,8,3020,3132,2886,127,27554,51098,7579,0,51098,0.24235192299966002,3.6692735409997113,3.9116254639993713,ok,
qwalk-v-chain::qwalk-v-chain_indep_qiskit_7,qwalk-v-chain,data/quantum_circuits/qwalk-v-chain_indep_qiskit_7.qasm,3d8107599f669ba102c734a8796433a6a348197dd98a74c63f172d7790b5c9a2,FakeSherbrooke,fake_sherbrooke,0,1024,1234,1234,7,68,93,6,127,4272,9597,894,0,9597,0.017145400001027156,1.625245327999437,1.6423907280004642,ok,
qwalk-v-chain::qwalk-v-chain_indep_qiskit_7,qwalk-v-chain,data/quantum_circuits/qwalk-v-chain_indep_qiskit_7.qasm,3d8107599f669ba102c734a8796433a6a348197dd98a74c63f172d7790b5c9a2,FakeSherbrooke,fake_sherbrooke,1,1024,1234,1234,7,68,93,6,127,1670,3344,579,0,3344,0.01629723300175101,1.0605920649995824,1.0768892980013334,ok,
qwalk-v-chain::qwalk-v-chain_indep_qiskit_7,qwalk-v-chain,data/quantum_circuits/qwalk-v-chain_indep_qiskit_7.qasm,3d8107599f669ba102c734a8796433a6a348197dd98a74c63f172d7790b5c9a2,FakeSherbrooke,fake_sherbrooke,2,1024,1234,1234,7,68,93,6,127,1595,3159,450,0,3159,0.022239267000259133,0.8653475169994636,0.8875867839997227,ok,
qwalk-v-chain::qwalk-v-chain_indep_qiskit_7,qwalk-v-chain,data/quantum_circuits/qwalk-v-chain_indep_qiskit_7.qasm,3d8107599f669ba102c734a8796433a6a348197dd98a74c63f172d7790b5c9a2,FakeSherbrooke,fake_sherbrooke,3,1024,1234,1234,7,68,93,6,127,1595,3159,450,0,3159,0.025481908000074327,0.8838946260002558,0.9093765340003301,ok,
random::random_indep_qiskit_8,random,data/quantum_circuits/random_indep_qiskit_8.qasm,fa595f88d0ab98542a799af4492f53b2a5e2e88ebc442a9b508abac209d0afcc,FakeSherbrooke,fake_sherbrooke,0,1024,1234,1234,8,50,153,61,127,1239,3492,285,0,3492,0.010171427000386757,0.5545220750009321,0.5646935020013188,ok,
random::random_indep_qiskit_8,random,data/quantum_circuits/random_indep_qiskit_8.qasm,fa595f88d0ab98542a799af4492f53b2a5e2e88ebc442a9b508abac209d0afcc,FakeSherbrooke,fake_sherbrooke,1,1024,1234,1234,8,50,153,61,127,533,1239,204,0,1239,0.013190409999879193,0.41989550799917197,0.43308591799905116,ok,
random::random_indep_qiskit_8,random,data/quantum_circuits/random_indep_qiskit_8.qasm,fa595f88d0ab98542a799af4492f53b2a5e2e88ebc442a9b508abac209d0afcc,FakeSherbrooke,fake_sherbrooke,2,1024,1234,1234,8,50,153,61,127,495,1220,166,0,1220,0.017746468000041205,0.5200431799985381,0.5377896479985793,ok,
random::random_indep_qiskit_8,random,data/quantum_circuits/random_indep_qiskit_8.qasm,fa595f88d0ab98542a799af4492f53b2a5e2e88ebc442a9b508abac209d0afcc,FakeSherbrooke,fake_sherbrooke,3,1024,1234,1234,8,50,153,61,127,495,1220,166,0,1220,0.017535479999423842,0.4258051409997279,0.4433406209991517,ok,
realamprandom::realamprandom_indep_qiskit_8,realamprandom,data/quantum_circuits/realamprandom_indep_qiskit_8.qasm,8ea085ea0c0185c560746ab5988221e203c457e2afbb475976fb99f718e2dad1,FakeSherbrooke,fake_sherbrooke,0,1024,1234,1234,8,34,125,84,127,1153,3649,348,0,3649,0.008146236001266516,0.45790233700063254,0.46604857300189906,ok,
realamprandom::realamprandom_indep_qiskit_8,realamprandom,data/quantum_circuits/realamprandom_indep_qiskit_8.qasm,8ea085ea0c0185c560746ab5988221e203c457e2afbb475976fb99f718e2dad1,FakeSherbrooke,fake_sherbrooke,1,1024,1234,1234,8,34,125,84,127,516,1611,297,0,1611,0.013396885000474867,0.5038984189995972,0.5172953040000721,ok,
realamprandom::realamprandom_indep_qiskit_8,realamprandom,data/quantum_circuits/realamprandom_indep_qiskit_8.qasm,8ea085ea0c0185c560746ab5988221e203c457e2afbb475976fb99f718e2dad1,FakeSherbrooke,fake_sherbrooke,2,1024,1234,1234,8,34,125,84,127,642,1540,232,0,1540,0.016889648000869784,0.4245013019990438,0.4413909499999136,ok,
realamprandom::realamprandom_indep_qiskit_8,realamprandom,data/quantum_circuits/realamprandom_indep_qiskit_8.qasm,8ea085ea0c0185c560746ab5988221e203c457e2afbb475976fb99f718e2dad1,FakeSherbrooke,fake_sherbrooke,3,1024,1234,1234,8,34,125,84,127,621,1626,242,0,1626,0.018848719000743586,0.4271684319992346,0.4460171509999782,ok,
su2random::su2random_indep_qiskit_8,su2random,data/quantum_circuits/su2random_indep_qiskit_8.qasm,3157278e31c54e80e45de35bfb793aac89eb413e21aabe08b2e0e140de8c0d39,FakeSherbrooke,fake_sherbrooke,0,1024,1234,1234,8,34,125,84,127,1153,3649,348,0,3649,0.00812412300001597,0.5567568739988928,0.5648809969989088,ok,
su2random::su2random_indep_qiskit_8,su2random,data/quantum_circuits/su2random_indep_qiskit_8.qasm,3157278e31c54e80e45de35bfb793aac89eb413e21aabe08b2e0e140de8c0d39,FakeSherbrooke,fake_sherbrooke,1,1024,1234,1234,8,34,125,84,127,527,1656,297,0,1656,0.012070953998772893,0.4834399859992118,0.4955109399979847,ok,
su2random::su2random_indep_qiskit_8,su2random,data/quantum_circuits/su2random_indep_qiskit_8.qasm,3157278e31c54e80e45de35bfb793aac89eb413e21aabe08b2e0e140de8c0d39,FakeSherbrooke,fake_sherbrooke,2,1024,1234,1234,8,34,125,84,127,649,1566,232,0,1566,0.015040184000099543,0.5072999259991775,0.522340109999277,ok,
su2random::su2random_indep_qiskit_8,su2random,data/quantum_circuits/su2random_indep_qiskit_8.qasm,3157278e31c54e80e45de35bfb793aac89eb413e21aabe08b2e0e140de8c0d39,FakeSherbrooke,fake_sherbrooke,3,1024,1234,1234,8,34,125,84,127,628,1669,242,0,1669,0.02002731099855737,0.42716848099917115,0.4471957919977285,ok,
vqe::vqe_indep_qiskit_8,vqe,data/quantum_circuits/vqe_indep_qiskit_8.qasm,6e066adb38de82d96650b3f806e398374e88912fd4688ab9c98f3c94dcd33e16,FakeSherbrooke,fake_sherbrooke,0,1024,1234,1234,8,13,47,14,127,122,385,14,0,385,0.003365581998878042,0.3872251929988124,0.39059077499769046,ok,
vqe::vqe_indep_qiskit_8,vqe,data/quantum_circuits/vqe_indep_qiskit_8.qasm,6e066adb38de82d96650b3f806e398374e88912fd4688ab9c98f3c94dcd33e16,FakeSherbrooke,fake_sherbrooke,1,1024,1234,1234,8,13,47,14,127,35,114,14,0,114,0.006159506001495174,0.6159542820005299,0.6221137880020251,ok,
vqe::vqe_indep_qiskit_8,vqe,data/quantum_circuits/vqe_indep_qiskit_8.qasm,6e066adb38de82d96650b3f806e398374e88912fd4688ab9c98f3c94dcd33e16,FakeSherbrooke,fake_sherbrooke,2,1024,1234,1234,8,13,47,14,127,45,154,14,0,154,0.008850709000398638,0.3829192539997166,0.39176996300011524,ok,
vqe::vqe_indep_qiskit_8,vqe,data/quantum_circuits/vqe_indep_qiskit_8.qasm,6e066adb38de82d96650b3f806e398374e88912fd4688ab9c98f3c94dcd33e16,FakeSherbrooke,fake_sherbrooke,3,1024,1234,1234,8,13,47,14,127,44,153,14,0,153,0.010459891000209609,0.4732994320002035,0.48375932300041313,ok,
wstate::wstate_indep_qiskit_8,wstate,data/quantum_circuits/wstate_indep_qiskit_8.qasm,e2fba21685e6e7d22d625d8babcc9c51a8911815153e52fc89277e0efe117045,FakeSherbrooke,fake_sherbrooke,0,1024,1234,1234,8,17,38,14,127,107,318,14,0,318,0.004765342999235145,0.39956386700032454,0.4043292099995597,ok,
wstate::wstate_indep_qiskit_8,wstate,data/quantum_circuits/wstate_indep_qiskit_8.qasm,e2fba21685e6e7d22d625d8babcc9c51a8911815153e52fc89277e0efe117045,FakeSherbrooke,fake_sherbrooke,1,1024,1234,1234,8,17,38,14,127,42,118,14,0,118,0.006536159000461339,0.38194737099911436,0.3884835299995757,ok,
wstate::wstate_indep_qiskit_8,wstate,data/quantum_circuits/wstate_indep_qiskit_8.qasm,e2fba21685e6e7d22d625d8babcc9c51a8911815153e52fc89277e0efe117045,FakeSherbrooke,fake_sherbrooke,2,1024,1234,1234,8,17,38,14,127,49,134,14,0,134,0.010399535000033211,0.46351721300015924,0.47391674800019246,ok,
wstate::wstate_indep_qiskit_8,wstate,data/quantum_circuits/wstate_indep_qiskit_8.qasm,e2fba21685e6e7d22d625d8babcc9c51a8911815153e52fc89277e0efe117045,FakeSherbrooke,fake_sherbrooke,3,1024,1234,1234,8,17,38,14,127,49,134,14,0,134,0.010378213000876713,0.3816401260010025,0.3920183390018792,ok,
