cell_id,candidate,width,chi,operation_class,operation_repeats,timed_n,session_medians_seconds,session_mads_seconds,between_session_range_seconds,min_reported_seconds,max_reported_seconds,stability_status,method_output_clock,score_eligible
35d04914103e48a1e741ec2a608c7dd3c4e1fa811dc3f3fa41bf07fa86b31bc6,statevector,16,,one_qubit_noncommuting,256,15,"[2.826186008, 0.117011849, 1.34864463]","[2.796334056, 0.099002531, 1.333739479]",2.7091741590000002,0.014905151,7.355305934,unavailable,maestro_qcsim_process_isolated_reported_execution,False
d69b0d8ec6c08da40f8aabbd898064001b538c9572998a3c39a0893e299124a9,statevector,16,,one_qubit_noncommuting,512,15,"[6.157869154, 0.035242406, 4.774686172]","[1.6523415769999996, 0.012946984999999998, 4.344273183]",6.122626748,0.022295421,10.11412809,unavailable,maestro_qcsim_process_isolated_reported_execution,False
ea5c38a39f65bca076245b349fe4a06a3ae264f6a6734fcf9041e1236ff9072f,statevector,16,,one_qubit_noncommuting,1024,15,"[3.10333921, 2.716337276, 2.868572004]","[3.059070824, 1.701422097, 2.5532095430000004]",0.38700193400000016,0.034052587,10.9116487,unavailable,maestro_qcsim_process_isolated_reported_execution,False
cf265906872b55f394d45c6cb56c013bd3f3e4dd775e9d6e23e496b75c32e06a,statevector,16,,two_qubit_wrapper_control,256,15,"[0.028831903, 0.028816826, 1.384604541]","[0.012119941999999998, 0.006843391000000001, 1.3677507990000002]",1.3557877150000002,0.016711961,5.638218908,unavailable,maestro_qcsim_process_isolated_reported_execution,False
6f72abf103d1a994f7ca0a0a4ff63139e19e8679cafbcae30fa14382e66115a0,statevector,16,,two_qubit_wrapper_control,512,15,"[2.280924367, 2.610037186, 5.889621415]","[1.193324854, 1.688948929, 3.9606879400000006]",3.608697048,0.023602699,9.850309355,unavailable,maestro_qcsim_process_isolated_reported_execution,False
ae05f4262cc29de97a8bac964bc5e9eb7f03ac11cd96bf1503cd168b254cc24a,statevector,16,,two_qubit_wrapper_control,1024,15,"[7.687942241, 5.35084542, 2.803293545]","[3.690891705, 2.5111700359999998, 1.4080173319999998]",4.884648696,0.045755694,13.482903058,unavailable,maestro_qcsim_process_isolated_reported_execution,False
f8d2f3cb7e573cdc305fd343f1513dd3f5ef0bfa6d69e73b25ab988061430526,statevector,16,,two_qubit_cx_interleaved,256,15,"[0.050461837, 2.312758981, 0.032095974]","[0.016274753999999995, 2.289453283, 0.0033811729999999977]",2.280663007,0.023198523,8.859879203,unavailable,maestro_qcsim_process_isolated_reported_execution,False
16c0a6ad5539f3051d685aa89945dab16ee116dcd4a4f7f7feb128c894534dc0,statevector,16,,two_qubit_cx_interleaved,512,15,"[0.249555106, 2.82360582, 3.466322795]","[0.205064007, 2.772496082, 2.7615980039999997]",3.216767689,0.036232581,9.474466166,unavailable,maestro_qcsim_process_isolated_reported_execution,False
7286cf5792fb186c880edf1a928c25a299cdf75a3446fbb2081082d9c2459a77,statevector,16,,two_qubit_cx_interleaved,1024,15,"[4.099278832, 4.025498084, 7.268573472]","[2.2986207939999996, 1.6467368499999995, 3.638954515]",3.2430753880000003,0.164790264,11.810704165,unavailable,maestro_qcsim_process_isolated_reported_execution,False
0fe4a26d1979391e2ab2e63a80c549850f735faab7e3e6df249a9459fd45c723,mps_fixed_chi,12,32,one_qubit_noncommuting,512,15,"[0.033975028, 0.033144007, 0.035826843]","[0.0011163609999999963, 7.22639999999955e-05, 0.0027859739999999966]",0.002682835999999994,0.032818298,0.050466895,ok,maestro_qcsim_process_isolated_reported_execution,False
