domain_id,artifact_id,evaluation_target_clock,method_output_clock,source_artifact,source_method_column,method_id,population,assigned_hashes,finite_target_hashes,quality_pass_hashes,quality_failed_finite_hashes,target_unavailable_hashes,prediction_hashes_assigned,scored_hashes,coverage_of_assigned,coverage_of_finite_targets,mae_seconds,medae_seconds,rmse_seconds,log1p_mae_seconds,r2_seconds,p90_absolute_error_seconds,p99_absolute_error_seconds,max_absolute_error_seconds,status
aer_azizov_core_q9,predictive-runtime-aggregate-v1,warm_execution,predicted_noisy_aer_warm_execution_seconds,azizov_common_core_adaptation,azizov_gnn_hybrid_median_three_seeds,azizov_gnn_hybrid_median_three_seeds,all_finite_targets,150,150,,,0,150,150,1.0,1.0,0.40635904268503137,0.043852128352392605,1.9603171336577276,0.0848923802356022,0.09143420430937721,0.2888469103491026,11.52036253232895,16.657173198931197,evaluated
aer_azizov_core_q9,predictive-runtime-aggregate-v1,warm_execution,predicted_noisy_aer_warm_execution_seconds,azizov_common_core_adaptation,azizov_gnn_hybrid_seed_1234,azizov_gnn_hybrid_seed_1234,all_finite_targets,150,150,,,0,150,150,1.0,1.0,0.46720238816153975,0.07907539256887686,2.258776686874576,0.10632402461970318,-0.20628604847058063,0.375888326538597,11.23944887253558,20.8225408975205,evaluated
aer_azizov_core_q9,predictive-runtime-aggregate-v1,warm_execution,predicted_noisy_aer_warm_execution_seconds,azizov_common_core_adaptation,azizov_gnn_hybrid_seed_31415,azizov_gnn_hybrid_seed_31415,all_finite_targets,150,150,,,0,150,150,1.0,1.0,0.41918566051667655,0.052720663972919524,2.0003120164042407,0.09059015215222033,0.05398243677596881,0.22851193929741842,12.120501218561548,16.657173198931197,evaluated
aer_azizov_core_q9,predictive-runtime-aggregate-v1,warm_execution,predicted_noisy_aer_warm_execution_seconds,azizov_common_core_adaptation,azizov_gnn_hybrid_seed_42,azizov_gnn_hybrid_seed_42,all_finite_targets,150,150,,,0,150,150,1.0,1.0,0.38154850785581995,0.048533316293327855,1.7522155849605079,0.08734152717812305,0.27409666911469044,0.3226611730747918,8.809170343460588,16.712202719832412,evaluated
aer_azizov_core_q9,predictive-runtime-aggregate-v1,warm_execution,predicted_noisy_aer_warm_execution_seconds,azizov_common_core_adaptation,azizov_gnn_source_median_three_seeds,azizov_gnn_source_median_three_seeds,all_finite_targets,150,150,,,0,150,150,1.0,1.0,0.4496584820206872,0.059707860025581316,1.9589735099419059,0.11022010140954241,0.09267926018783079,0.5380927733971158,11.31643395944219,16.811265576949864,evaluated
aer_azizov_core_q9,predictive-runtime-aggregate-v1,warm_execution,predicted_noisy_aer_warm_execution_seconds,azizov_common_core_adaptation,azizov_gnn_source_seed_1234,azizov_gnn_source_seed_1234,all_finite_targets,150,150,,,0,150,150,1.0,1.0,0.4419209729336103,0.0688882341807065,1.887287268991442,0.11221756347320129,0.15786884958074332,0.3722856048417626,10.394916404235396,16.775230013124,evaluated
aer_azizov_core_q9,predictive-runtime-aggregate-v1,warm_execution,predicted_noisy_aer_warm_execution_seconds,azizov_common_core_adaptation,azizov_gnn_source_seed_31415,azizov_gnn_source_seed_31415,all_finite_targets,150,150,,,0,150,150,1.0,1.0,0.4838883222975579,0.05742341561121145,2.0086637572169117,0.11657316558724773,0.04606628428794157,0.6460683740109585,11.31643395944219,16.857482171989012,evaluated
aer_azizov_core_q9,predictive-runtime-aggregate-v1,warm_execution,predicted_noisy_aer_warm_execution_seconds,azizov_common_core_adaptation,azizov_gnn_source_seed_42,azizov_gnn_source_seed_42,all_finite_targets,150,150,,,0,150,150,1.0,1.0,0.46775658321742875,0.07562035721229554,2.0836615941756698,0.11334385269979132,-0.0264979477752465,0.3357700773620054,12.940597468475389,16.811265576949864,evaluated
aer_azizov_core_q9,predictive-runtime-aggregate-v1,warm_execution,predicted_noisy_aer_warm_execution_seconds,azizov_common_core_adaptation,azizov_gnn_transpiled_median_three_seeds,azizov_gnn_transpiled_median_three_seeds,all_finite_targets,150,150,,,0,150,150,1.0,1.0,0.30076412231978206,0.06303894395017645,1.4239491589004714,0.07400228997618578,0.5206059070665272,0.29487853207777015,4.566320681026082,15.409484561635793,evaluated
aer_azizov_core_q9,predictive-runtime-aggregate-v1,warm_execution,predicted_noisy_aer_warm_execution_seconds,azizov_common_core_adaptation,azizov_gnn_transpiled_seed_1234,azizov_gnn_transpiled_seed_1234,all_finite_targets,150,150,,,0,150,150,1.0,1.0,0.3804197833257157,0.07295443545730412,1.691833863896477,0.09098282908965798,0.32326422017751655,0.2914582503587467,8.295138519344126,16.065662243189465,evaluated
aer_azizov_core_q9,predictive-runtime-aggregate-v1,warm_execution,predicted_noisy_aer_warm_execution_seconds,azizov_common_core_adaptation,azizov_gnn_transpiled_seed_31415,azizov_gnn_transpiled_seed_31415,all_finite_targets,150,150,,,0,150,150,1.0,1.0,0.24035474221078934,0.07130580064533443,1.2407340035742074,0.07332300862564237,0.6360337777985565,0.28729507159495155,1.6734303218197843,14.786787077409311,evaluated
aer_azizov_core_q9,predictive-runtime-aggregate-v1,warm_execution,predicted_noisy_aer_warm_execution_seconds,azizov_common_core_adaptation,azizov_gnn_transpiled_seed_42,azizov_gnn_transpiled_seed_42,all_finite_targets,150,150,,,0,150,150,1.0,1.0,0.33115454302043335,0.06233707933091537,1.5675833733411233,0.07624383377965101,0.4190148813661366,0.2579616350048018,6.940753100200247,15.409484561635793,evaluated
aer_azizov_core_q9,predictive-runtime-aggregate-v1,warm_execution,predicted_noisy_aer_warm_execution_seconds,azizov_common_core_adaptation,classical_linear_regression_hybrid,classical_linear_regression_hybrid,all_finite_targets,150,150,,,0,150,150,1.0,1.0,3.0608417513298565,0.08978461789615028,24.297135121828877,0.16511589799208135,-138.57699672386372,0.42742283384873464,73.3392339226786,266.8195550130054,evaluated
aer_azizov_core_q9,predictive-runtime-aggregate-v1,warm_execution,predicted_noisy_aer_warm_execution_seconds,azizov_common_core_adaptation,classical_linear_regression_source,classical_linear_regression_source,all_finite_targets,150,150,,,0,150,150,1.0,1.0,0.7803369014608925,0.0856282833902201,4.800953077945335,0.14506536176425386,-4.449524813571222,0.9783357410171876,12.524082297823735,55.328068263127065,evaluated
aer_azizov_core_q9,predictive-runtime-aggregate-v1,warm_execution,predicted_noisy_aer_warm_execution_seconds,azizov_common_core_adaptation,classical_linear_regression_transpiled,classical_linear_regression_transpiled,all_finite_targets,150,150,,,0,150,150,1.0,1.0,0.45843592112331094,0.12714373796944778,2.142272546281259,0.12347974850383442,-0.08505850659582359,0.43650768714114485,9.782715786967966,19.816906298410544,evaluated
aer_azizov_core_q9,predictive-runtime-aggregate-v1,warm_execution,predicted_noisy_aer_warm_execution_seconds,azizov_common_core_adaptation,classical_random_forest_hybrid,classical_random_forest_hybrid,all_finite_targets,150,150,,,0,150,150,1.0,1.0,0.34162903001614636,0.035567056527648744,1.8962984988095593,0.07869012646952948,0.14980780430128393,0.20968547042173116,9.504856721775763,16.615910824457764,evaluated
aer_azizov_core_q9,predictive-runtime-aggregate-v1,warm_execution,predicted_noisy_aer_warm_execution_seconds,azizov_common_core_adaptation,classical_random_forest_source,classical_random_forest_source,all_finite_targets,150,150,,,0,150,150,1.0,1.0,0.3929727450144681,0.03680963632046341,1.896282155161844,0.10338695852445672,0.14982245935887728,0.4829552049223484,9.491047851849505,16.513511146076453,evaluated
aer_azizov_core_q9,predictive-runtime-aggregate-v1,warm_execution,predicted_noisy_aer_warm_execution_seconds,azizov_common_core_adaptation,classical_random_forest_transpiled,classical_random_forest_transpiled,all_finite_targets,150,150,,,0,150,150,1.0,1.0,0.34124077879517656,0.03217879614998154,1.9093498477818787,0.07778850766097337,0.13806456882622264,0.2487908341474767,9.511460140450268,16.76359474966736,evaluated
aer_azizov_core_q9,predictive-runtime-aggregate-v1,warm_execution,predicted_noisy_aer_warm_execution_seconds,azizov_common_core_adaptation,classical_ridge_hybrid,classical_ridge_hybrid,all_finite_targets,150,150,,,0,150,150,1.0,1.0,0.41028952604635127,0.07487098438619172,1.8333555155756975,0.10054913230311692,0.20531120334309794,0.4518234353482813,10.404088346533175,15.827897149853957,evaluated
aer_azizov_core_q9,predictive-runtime-aggregate-v1,warm_execution,predicted_noisy_aer_warm_execution_seconds,azizov_common_core_adaptation,classical_ridge_source,classical_ridge_source,all_finite_targets,150,150,,,0,150,150,1.0,1.0,0.471672048838736,0.08144345907168582,1.936863769280288,0.12421916460605525,0.1130444362545886,0.5957416399117681,10.75793258890782,16.868013093856074,evaluated
aer_azizov_core_q9,predictive-runtime-aggregate-v1,warm_execution,predicted_noisy_aer_warm_execution_seconds,azizov_common_core_adaptation,classical_ridge_transpiled,classical_ridge_transpiled,all_finite_targets,150,150,,,0,150,150,1.0,1.0,0.3622030680476491,0.11272103092659591,1.450128092699016,0.11975858328891849,0.5028168018556549,0.5174261567022089,3.1616006619145653,16.51786980951769,evaluated
aer_azizov_core_q9,predictive-runtime-aggregate-v1,warm_execution,predicted_noisy_aer_warm_execution_seconds,azizov_common_core_adaptation,classical_svr_rbf_hybrid,classical_svr_rbf_hybrid,all_finite_targets,150,150,,,0,150,150,1.0,1.0,0.3922274916483668,0.052305867982496035,1.9543089610059317,0.10096375196561252,0.09699499313085769,0.5508885239710196,9.393368381980697,16.996929038594143,evaluated
aer_azizov_core_q9,predictive-runtime-aggregate-v1,warm_execution,predicted_noisy_aer_warm_execution_seconds,azizov_common_core_adaptation,classical_svr_rbf_source,classical_svr_rbf_source,all_finite_targets,150,150,,,0,150,150,1.0,1.0,0.420456956308528,0.05347101501043472,2.0145272894468467,0.11278783231296678,0.040488859989624926,0.6175317801462341,10.242943031825028,17.054705222537645,evaluated
aer_azizov_core_q9,predictive-runtime-aggregate-v1,warm_execution,predicted_noisy_aer_warm_execution_seconds,azizov_common_core_adaptation,classical_svr_rbf_transpiled,classical_svr_rbf_transpiled,all_finite_targets,150,150,,,0,150,150,1.0,1.0,0.3221773366134133,0.03844332143440732,1.8753562302334053,0.0702474093439244,0.16848275076655994,0.17058473586832792,8.991344875356116,16.611702248649202,evaluated
aer_azizov_core_q9,predictive-runtime-aggregate-v1,warm_execution,predicted_noisy_aer_warm_execution_seconds,azizov_common_core_adaptation,classical_xgboost_hybrid,classical_xgboost_hybrid,all_finite_targets,150,150,,,0,150,150,1.0,1.0,0.3915101621825539,0.03391180934990745,1.968020675855082,0.07708785986437632,0.08427931359854113,0.21143231256256861,13.001458318102205,14.747327339109713,evaluated
aer_azizov_core_q9,predictive-runtime-aggregate-v1,warm_execution,predicted_noisy_aer_warm_execution_seconds,azizov_common_core_adaptation,classical_xgboost_source,classical_xgboost_source,all_finite_targets,150,150,,,0,150,150,1.0,1.0,0.3884395074570966,0.031069033383573808,1.9522815943170826,0.0866373846969288,0.09886754524755426,0.23442119307082476,10.994379580772385,16.539258702494273,evaluated
aer_azizov_core_q9,predictive-runtime-aggregate-v1,warm_execution,predicted_noisy_aer_warm_execution_seconds,azizov_common_core_adaptation,classical_xgboost_transpiled,classical_xgboost_transpiled,all_finite_targets,150,150,,,0,150,150,1.0,1.0,0.29703532248021886,0.030457694291842252,1.7343081703734617,0.061182469950593905,0.28885812620979,0.16510050878155016,8.70894888013769,15.062761472016792,evaluated
