domain_id,artifact_id,evaluation_target_clock,method_output_clock,population,comparison_label,candidate_method_id,reference_method_id,assigned_hashes,candidate_predicted_hashes,reference_predicted_hashes,shared_hashes,shared_hash_set_sha256,observed_mae_difference_seconds,bootstrap_mean_mae_difference_seconds,bootstrap_ci_low_seconds,bootstrap_ci_high_seconds,bootstrap_replicates_requested,bootstrap_replicates_completed,bootstrap_seed,bootstrap_stream,bootstrap_group_column,percentile_rule,coverage_asymmetric,status
mps_fixed_chi16,predictive-runtime-aggregate-v1,cudaq_mps_fp64_bond16_warm_state_execution_seconds,predicted_cudaq_mps_fp64_bond16_warm_state_execution_seconds,all_finite_targets,mps_fixed_chi16|family_residual_vs_family_agnostic|all_finite_targets,e5_family_residual_median_three_seeds,e5_family_agnostic_median_three_seeds,150,144,144,144,41a0fe74aca595475b44b5787970e9094cbb181ae84cd10e5f3b4d38f3f17245,-0.08041294626232443,-0.0810737300495377,-0.28515610262529195,0.08042363509880357,10000,10000,3256319995,20260925-bootstrap,source_sha256,"numpy.quantile(method='linear', q=[0.025,0.975])",False,evaluated
mps_fixed_chi16,predictive-runtime-aggregate-v1,cudaq_mps_fp64_bond16_warm_state_execution_seconds,predicted_cudaq_mps_fp64_bond16_warm_state_execution_seconds,quality_pass_only,mps_fixed_chi16|family_residual_vs_family_agnostic|quality_pass_only,e5_family_residual_median_three_seeds,e5_family_agnostic_median_three_seeds,150,142,142,142,567a85894b908b00e3be32abb883f44e8b35bf9ec2bfd5f1ac648636086e7cca,-0.08438901394208465,-0.0844920752679722,-0.29196205199461656,0.08262993899110314,10000,10000,885673909,20260925-bootstrap,source_sha256,"numpy.quantile(method='linear', q=[0.025,0.975])",False,evaluated
mps_fixed_chi16,predictive-runtime-aggregate-v1,cudaq_mps_fp64_bond16_warm_state_execution_seconds,predicted_cudaq_mps_fp64_bond16_warm_state_execution_seconds,all_finite_targets,mps_fixed_chi16|family_residual_vs_e3_s85_graph|all_finite_targets,e5_family_residual_median_three_seeds,e3_fixed_mps_graph_median_three_seeds,150,144,144,144,41a0fe74aca595475b44b5787970e9094cbb181ae84cd10e5f3b4d38f3f17245,0.6984387440791062,0.6974508163952582,0.18778569564641198,1.4255690338185534,10000,10000,2521383333,20260925-bootstrap,source_sha256,"numpy.quantile(method='linear', q=[0.025,0.975])",False,evaluated
mps_fixed_chi16,predictive-runtime-aggregate-v1,cudaq_mps_fp64_bond16_warm_state_execution_seconds,predicted_cudaq_mps_fp64_bond16_warm_state_execution_seconds,quality_pass_only,mps_fixed_chi16|family_residual_vs_e3_s85_graph|quality_pass_only,e5_family_residual_median_three_seeds,e3_fixed_mps_graph_median_three_seeds,150,142,142,142,567a85894b908b00e3be32abb883f44e8b35bf9ec2bfd5f1ac648636086e7cca,0.7044438149340271,0.7028363058679823,0.188538945600647,1.44101412908208,10000,10000,38192548,20260925-bootstrap,source_sha256,"numpy.quantile(method='linear', q=[0.025,0.975])",False,evaluated
mps_fixed_chi16,predictive-runtime-aggregate-v1,cudaq_mps_fp64_bond16_warm_state_execution_seconds,predicted_cudaq_mps_fp64_bond16_warm_state_execution_seconds,all_finite_targets,mps_fixed_chi16|family_residual_vs_e3_s85_ridge|all_finite_targets,e5_family_residual_median_three_seeds,e3_fixed_mps_ridge_alpha_1,150,144,144,144,41a0fe74aca595475b44b5787970e9094cbb181ae84cd10e5f3b4d38f3f17245,-0.22779272815122598,-0.22757722428398838,-0.47622105160891454,-0.02228906378657055,10000,10000,1861871748,20260925-bootstrap,source_sha256,"numpy.quantile(method='linear', q=[0.025,0.975])",False,evaluated
mps_fixed_chi16,predictive-runtime-aggregate-v1,cudaq_mps_fp64_bond16_warm_state_execution_seconds,predicted_cudaq_mps_fp64_bond16_warm_state_execution_seconds,quality_pass_only,mps_fixed_chi16|family_residual_vs_e3_s85_ridge|quality_pass_only,e5_family_residual_median_three_seeds,e3_fixed_mps_ridge_alpha_1,150,142,142,142,567a85894b908b00e3be32abb883f44e8b35bf9ec2bfd5f1ac648636086e7cca,-0.2272143667848614,-0.22617481368447953,-0.47382744940075816,-0.024520598136830947,10000,10000,1623662114,20260925-bootstrap,source_sha256,"numpy.quantile(method='linear', q=[0.025,0.975])",False,evaluated
mps_fixed_chi16,predictive-runtime-aggregate-v1,cudaq_mps_fp64_bond16_warm_state_execution_seconds,predicted_cudaq_mps_fp64_bond16_warm_state_execution_seconds,all_finite_targets,mps_fixed_chi16|family_agnostic_vs_e3_s85_graph|all_finite_targets,e5_family_agnostic_median_three_seeds,e3_fixed_mps_graph_median_three_seeds,150,144,144,144,41a0fe74aca595475b44b5787970e9094cbb181ae84cd10e5f3b4d38f3f17245,0.7788516903414306,0.7743001281471547,0.21633568558439945,1.5530395954810536,10000,10000,2128390117,20260925-bootstrap,source_sha256,"numpy.quantile(method='linear', q=[0.025,0.975])",False,evaluated
mps_fixed_chi16,predictive-runtime-aggregate-v1,cudaq_mps_fp64_bond16_warm_state_execution_seconds,predicted_cudaq_mps_fp64_bond16_warm_state_execution_seconds,quality_pass_only,mps_fixed_chi16|family_agnostic_vs_e3_s85_graph|quality_pass_only,e5_family_agnostic_median_three_seeds,e3_fixed_mps_graph_median_three_seeds,150,142,142,142,567a85894b908b00e3be32abb883f44e8b35bf9ec2bfd5f1ac648636086e7cca,0.7888328288761117,0.7922389026613995,0.21959265778738918,1.592769783296788,10000,10000,2427688512,20260925-bootstrap,source_sha256,"numpy.quantile(method='linear', q=[0.025,0.975])",False,evaluated
mps_fixed_chi16,predictive-runtime-aggregate-v1,cudaq_mps_fp64_bond16_warm_state_execution_seconds,predicted_cudaq_mps_fp64_bond16_warm_state_execution_seconds,all_finite_targets,mps_fixed_chi16|family_agnostic_vs_e3_s85_ridge|all_finite_targets,e5_family_agnostic_median_three_seeds,e3_fixed_mps_ridge_alpha_1,150,144,144,144,41a0fe74aca595475b44b5787970e9094cbb181ae84cd10e5f3b4d38f3f17245,-0.14737978188890155,-0.1471143983400205,-0.2775086610208063,-0.04430924635649502,10000,10000,2632152563,20260925-bootstrap,source_sha256,"numpy.quantile(method='linear', q=[0.025,0.975])",False,evaluated
mps_fixed_chi16,predictive-runtime-aggregate-v1,cudaq_mps_fp64_bond16_warm_state_execution_seconds,predicted_cudaq_mps_fp64_bond16_warm_state_execution_seconds,quality_pass_only,mps_fixed_chi16|family_agnostic_vs_e3_s85_ridge|quality_pass_only,e5_family_agnostic_median_three_seeds,e3_fixed_mps_ridge_alpha_1,150,142,142,142,567a85894b908b00e3be32abb883f44e8b35bf9ec2bfd5f1ac648636086e7cca,-0.14282535284277675,-0.1428257538244759,-0.26846218591417026,-0.04143375358867203,10000,10000,112845092,20260925-bootstrap,source_sha256,"numpy.quantile(method='linear', q=[0.025,0.975])",False,evaluated
