assigned_rows,bootstrap_ci95_high_seconds,bootstrap_ci95_low_seconds,bootstrap_mean_delta_a_minus_b_seconds,bootstrap_source_balanced_ci95_high_seconds,bootstrap_source_balanced_ci95_low_seconds,bootstrap_source_balanced_mean_delta_seconds,bootstrap_source_balanced_valid_replicates,bootstrap_valid_replicates,common_id_set_sha256,common_predicted_rows,comparison,distinct_groups,intersection_coverage,interval_status,mae_a_seconds,mae_b_seconds,method_a,method_b,observed_delta_a_minus_b_seconds,observed_source_balanced_delta_seconds,population,r2_a_seconds,r2_b_seconds,reference_set,sign,source_scope,support_kind,support_status
7350,-0.1748345272702401,-0.907428926902646,-0.5025701815526629,-0.20793131345175184,-0.715860854196925,-0.43089739128932125,9982,10000,855a070ca17d43f6e106e802ba5831befcf7a38581adb028077c54a2c8c82ae4,7350,focused_pair,206,1.0,exploratory_group_bootstrap_conditional_on_oof,1.2186442125069736,1.7322404503584152,mali_logical_graph,mali_global_mlp,-0.5135962378514416,-0.4351471049774212,common_panel,0.4290509228944682,0.18733111960584203,,method_a_minus_method_b,,,
7350,0.19682592886935857,-0.48831186320229997,-0.17426118688291187,0.17111997952835323,-0.3400060465084208,-0.07071895925693952,9975,10000,855a070ca17d43f6e106e802ba5831befcf7a38581adb028077c54a2c8c82ae4,7350,focused_pair,206,1.0,exploratory_group_bootstrap_conditional_on_oof,1.2186442125069736,1.4005780431042896,mali_logical_graph,qonductor_feature_polynomial_common_panel,-0.1819338305973159,-0.057612346268657515,common_panel,0.4290509228944682,-0.5867239922183121,,method_a_minus_method_b,,,
7350,0.8210045806307927,-0.11321217677289659,0.3292951172197636,0.7277073970389647,-0.0014678432110145773,0.36092991343829817,9976,10000,855a070ca17d43f6e106e802ba5831befcf7a38581adb028077c54a2c8c82ae4,7350,focused_pair,206,1.0,exploratory_group_bootstrap_conditional_on_oof,1.7322404503584152,1.4005780431042896,mali_global_mlp,qonductor_feature_polynomial_common_panel,0.33166240725412566,0.3775347587087637,common_panel,0.18733111960584203,-0.5867239922183121,,method_a_minus_method_b,,,
7350,0.10913150735334845,-0.1416674729060523,-0.0034937957104111063,0.23207583079902558,-0.0014508037214104011,0.1346174584544661,9974,10000,855a070ca17d43f6e106e802ba5831befcf7a38581adb028077c54a2c8c82ae4,7350,focused_pair,206,1.0,exploratory_group_bootstrap_conditional_on_oof,1.3690637934782375,1.3705127820974863,hyb_kyoto_composite_r2_log_cost_ridge_v1,hyb_kyoto_composite_r2_gate_time_ridge_v1,-0.0014489886192486671,0.1424306007315597,common_panel,0.3552707187027646,0.416090366351781,,method_a_minus_method_b,,,
7350,0.014791361372946394,-0.0017020687962736117,0.005256036974688822,0.05888307407070352,0.03204735454356206,0.04537632454015328,9988,10000,d3c63dd0702cff12be38cd23f3b23a87e2d44804b56b0867aec5a9286754a540,7202,focused_pair,206,0.9798639455782313,exploratory_group_bootstrap_conditional_on_oof,1.3699728645474931,1.3653246138222233,hyb_nominal_r2_log_cost_ridge_v1,hyb_kyoto_composite_r2_log_cost_ridge_v1,0.004648250725269803,0.04490717381789391,common_panel,0.3417556429561244,0.34782885993465207,,method_a_minus_method_b,,,
7350,0.614510114819686,0.01311231071987234,0.3352568367208374,0.7182169048648388,0.23462859456654359,0.47465986460053256,9976,10000,855a070ca17d43f6e106e802ba5831befcf7a38581adb028077c54a2c8c82ae4,7350,focused_pair,206,1.0,exploratory_group_bootstrap_conditional_on_oof,1.55497111919842,1.2186442125069736,qcre_shot_scaled_schedule_seconds__outer_train_affine,mali_logical_graph,0.3363269066914465,0.46316081513667856,common_panel,0.6752425187712496,0.4290509228944682,,method_a_minus_method_b,,,
7350,0.32692303024105646,-0.24649798028449113,0.06313635471171275,0.31335417496769347,-0.11906603402096816,0.10157328887327227,9985,10000,6f6be00da9c3df775478c160617bf04117617a2d89448e1bcd36f85b87c2442a,5199,focused_pair,204,0.7073469387755102,exploratory_group_bootstrap_conditional_on_oof,1.3641868897674816,1.2987012407183638,scholten_unified_nominal_throughput__outer_train_affine,mali_logical_graph,0.0654856490491179,0.08991831429566143,common_panel,0.7077504622197863,0.36200764355209736,,method_a_minus_method_b,,,
7350,,,,,,,,,855a070ca17d43f6e106e802ba5831befcf7a38581adb028077c54a2c8c82ae4,7350,input_support_same_ids,206,1.0,descriptive_point_estimates_only,1.2186442125069736,1.7322404503584152,mali_logical_graph,mali_global_mlp,-0.5135962378514416,,common_panel,0.4290509228944682,0.18733111960584203,fit,method_a_minus_method_b,all,global_tensor,unseen
7350,,,,,,,,,c57e54484bb5cd594bc1dfb9b7a567d437f7f9adc14d06b77fec824dbaba71d2,340,input_support_same_ids,148,0.04625850340136054,descriptive_point_estimates_only,0.76141190570786,1.0653186744912506,mali_logical_graph,mali_global_mlp,-0.3039067687833906,,common_panel,0.6976828324168407,0.3105513646777168,fit,method_a_minus_method_b,mali_real_qpu,global_tensor,unseen
7350,,,,,,,,,2a79f048e7539b196ec61eae3d6e0d4fd63af2e19392629334cbd8bce8387f53,3065,input_support_same_ids,52,0.4170068027210884,descriptive_point_estimates_only,1.968813782325529,2.2863703024795754,mali_logical_graph,mali_global_mlp,-0.31755652015404645,,common_panel,0.39232107123077753,0.2637439652564664,fit,method_a_minus_method_b,qonductor_single_circuit_ibm,global_tensor,unseen
7350,,,,,,,,,9af84a809a08133468604973963c29b2b756daf274b28d18a096530170626963,3945,input_support_same_ids,6,0.536734693877551,descriptive_point_estimates_only,0.6752194350209979,1.3591974610158246,mali_logical_graph,mali_global_mlp,-0.6839780259948267,,common_panel,0.3337060813487768,-1.8050308631317824,fit,method_a_minus_method_b,qpack_mcp,global_tensor,unseen
7350,,,,,,,,,855a070ca17d43f6e106e802ba5831befcf7a38581adb028077c54a2c8c82ae4,7350,input_support_same_ids,206,1.0,descriptive_point_estimates_only,1.2186442125069736,1.7322404503584152,mali_logical_graph,mali_global_mlp,-0.5135962378514416,,common_panel,0.4290509228944682,0.18733111960584203,fit_plus_validation,method_a_minus_method_b,all,global_tensor,unseen
7350,,,,,,,,,c57e54484bb5cd594bc1dfb9b7a567d437f7f9adc14d06b77fec824dbaba71d2,340,input_support_same_ids,148,0.04625850340136054,descriptive_point_estimates_only,0.76141190570786,1.0653186744912506,mali_logical_graph,mali_global_mlp,-0.3039067687833906,,common_panel,0.6976828324168407,0.3105513646777168,fit_plus_validation,method_a_minus_method_b,mali_real_qpu,global_tensor,unseen
7350,,,,,,,,,2a79f048e7539b196ec61eae3d6e0d4fd63af2e19392629334cbd8bce8387f53,3065,input_support_same_ids,52,0.4170068027210884,descriptive_point_estimates_only,1.968813782325529,2.2863703024795754,mali_logical_graph,mali_global_mlp,-0.31755652015404645,,common_panel,0.39232107123077753,0.2637439652564664,fit_plus_validation,method_a_minus_method_b,qonductor_single_circuit_ibm,global_tensor,unseen
7350,,,,,,,,,9af84a809a08133468604973963c29b2b756daf274b28d18a096530170626963,3945,input_support_same_ids,6,0.536734693877551,descriptive_point_estimates_only,0.6752194350209979,1.3591974610158246,mali_logical_graph,mali_global_mlp,-0.6839780259948267,,common_panel,0.3337060813487768,-1.8050308631317824,fit_plus_validation,method_a_minus_method_b,qpack_mcp,global_tensor,unseen
7350,,,,,,,,,855a070ca17d43f6e106e802ba5831befcf7a38581adb028077c54a2c8c82ae4,7350,input_support_same_ids,206,1.0,descriptive_point_estimates_only,1.2186442125069736,1.7322404503584152,mali_logical_graph,mali_global_mlp,-0.5135962378514416,,common_panel,0.4290509228944682,0.18733111960584203,fit,method_a_minus_method_b,all,graph_tensor,unseen
7350,,,,,,,,,c57e54484bb5cd594bc1dfb9b7a567d437f7f9adc14d06b77fec824dbaba71d2,340,input_support_same_ids,148,0.04625850340136054,descriptive_point_estimates_only,0.76141190570786,1.0653186744912506,mali_logical_graph,mali_global_mlp,-0.3039067687833906,,common_panel,0.6976828324168407,0.3105513646777168,fit,method_a_minus_method_b,mali_real_qpu,graph_tensor,unseen
7350,,,,,,,,,2a79f048e7539b196ec61eae3d6e0d4fd63af2e19392629334cbd8bce8387f53,3065,input_support_same_ids,52,0.4170068027210884,descriptive_point_estimates_only,1.968813782325529,2.2863703024795754,mali_logical_graph,mali_global_mlp,-0.31755652015404645,,common_panel,0.39232107123077753,0.2637439652564664,fit,method_a_minus_method_b,qonductor_single_circuit_ibm,graph_tensor,unseen
7350,,,,,,,,,9af84a809a08133468604973963c29b2b756daf274b28d18a096530170626963,3945,input_support_same_ids,6,0.536734693877551,descriptive_point_estimates_only,0.6752194350209979,1.3591974610158246,mali_logical_graph,mali_global_mlp,-0.6839780259948267,,common_panel,0.3337060813487768,-1.8050308631317824,fit,method_a_minus_method_b,qpack_mcp,graph_tensor,unseen
7350,,,,,,,,,855a070ca17d43f6e106e802ba5831befcf7a38581adb028077c54a2c8c82ae4,7350,input_support_same_ids,206,1.0,descriptive_point_estimates_only,1.2186442125069736,1.7322404503584152,mali_logical_graph,mali_global_mlp,-0.5135962378514416,,common_panel,0.4290509228944682,0.18733111960584203,fit_plus_validation,method_a_minus_method_b,all,graph_tensor,unseen
7350,,,,,,,,,c57e54484bb5cd594bc1dfb9b7a567d437f7f9adc14d06b77fec824dbaba71d2,340,input_support_same_ids,148,0.04625850340136054,descriptive_point_estimates_only,0.76141190570786,1.0653186744912506,mali_logical_graph,mali_global_mlp,-0.3039067687833906,,common_panel,0.6976828324168407,0.3105513646777168,fit_plus_validation,method_a_minus_method_b,mali_real_qpu,graph_tensor,unseen
7350,,,,,,,,,2a79f048e7539b196ec61eae3d6e0d4fd63af2e19392629334cbd8bce8387f53,3065,input_support_same_ids,52,0.4170068027210884,descriptive_point_estimates_only,1.968813782325529,2.2863703024795754,mali_logical_graph,mali_global_mlp,-0.31755652015404645,,common_panel,0.39232107123077753,0.2637439652564664,fit_plus_validation,method_a_minus_method_b,qonductor_single_circuit_ibm,graph_tensor,unseen
7350,,,,,,,,,9af84a809a08133468604973963c29b2b756daf274b28d18a096530170626963,3945,input_support_same_ids,6,0.536734693877551,descriptive_point_estimates_only,0.6752194350209979,1.3591974610158246,mali_logical_graph,mali_global_mlp,-0.6839780259948267,,common_panel,0.3337060813487768,-1.8050308631317824,fit_plus_validation,method_a_minus_method_b,qpack_mcp,graph_tensor,unseen
7350,,,,,,,,,855a070ca17d43f6e106e802ba5831befcf7a38581adb028077c54a2c8c82ae4,7350,input_support_same_ids,206,1.0,descriptive_point_estimates_only,1.2186442125069736,1.7322404503584152,mali_logical_graph,mali_global_mlp,-0.5135962378514416,,common_panel,0.4290509228944682,0.18733111960584203,fit,method_a_minus_method_b,all,graph_plus_global_tensor,unseen
7350,,,,,,,,,c57e54484bb5cd594bc1dfb9b7a567d437f7f9adc14d06b77fec824dbaba71d2,340,input_support_same_ids,148,0.04625850340136054,descriptive_point_estimates_only,0.76141190570786,1.0653186744912506,mali_logical_graph,mali_global_mlp,-0.3039067687833906,,common_panel,0.6976828324168407,0.3105513646777168,fit,method_a_minus_method_b,mali_real_qpu,graph_plus_global_tensor,unseen
7350,,,,,,,,,2a79f048e7539b196ec61eae3d6e0d4fd63af2e19392629334cbd8bce8387f53,3065,input_support_same_ids,52,0.4170068027210884,descriptive_point_estimates_only,1.968813782325529,2.2863703024795754,mali_logical_graph,mali_global_mlp,-0.31755652015404645,,common_panel,0.39232107123077753,0.2637439652564664,fit,method_a_minus_method_b,qonductor_single_circuit_ibm,graph_plus_global_tensor,unseen
7350,,,,,,,,,9af84a809a08133468604973963c29b2b756daf274b28d18a096530170626963,3945,input_support_same_ids,6,0.536734693877551,descriptive_point_estimates_only,0.6752194350209979,1.3591974610158246,mali_logical_graph,mali_global_mlp,-0.6839780259948267,,common_panel,0.3337060813487768,-1.8050308631317824,fit,method_a_minus_method_b,qpack_mcp,graph_plus_global_tensor,unseen
7350,,,,,,,,,855a070ca17d43f6e106e802ba5831befcf7a38581adb028077c54a2c8c82ae4,7350,input_support_same_ids,206,1.0,descriptive_point_estimates_only,1.2186442125069736,1.7322404503584152,mali_logical_graph,mali_global_mlp,-0.5135962378514416,,common_panel,0.4290509228944682,0.18733111960584203,fit_plus_validation,method_a_minus_method_b,all,graph_plus_global_tensor,unseen
7350,,,,,,,,,c57e54484bb5cd594bc1dfb9b7a567d437f7f9adc14d06b77fec824dbaba71d2,340,input_support_same_ids,148,0.04625850340136054,descriptive_point_estimates_only,0.76141190570786,1.0653186744912506,mali_logical_graph,mali_global_mlp,-0.3039067687833906,,common_panel,0.6976828324168407,0.3105513646777168,fit_plus_validation,method_a_minus_method_b,mali_real_qpu,graph_plus_global_tensor,unseen
7350,,,,,,,,,2a79f048e7539b196ec61eae3d6e0d4fd63af2e19392629334cbd8bce8387f53,3065,input_support_same_ids,52,0.4170068027210884,descriptive_point_estimates_only,1.968813782325529,2.2863703024795754,mali_logical_graph,mali_global_mlp,-0.31755652015404645,,common_panel,0.39232107123077753,0.2637439652564664,fit_plus_validation,method_a_minus_method_b,qonductor_single_circuit_ibm,graph_plus_global_tensor,unseen
7350,,,,,,,,,9af84a809a08133468604973963c29b2b756daf274b28d18a096530170626963,3945,input_support_same_ids,6,0.536734693877551,descriptive_point_estimates_only,0.6752194350209979,1.3591974610158246,mali_logical_graph,mali_global_mlp,-0.6839780259948267,,common_panel,0.3337060813487768,-1.8050308631317824,fit_plus_validation,method_a_minus_method_b,qpack_mcp,graph_plus_global_tensor,unseen
4515,-0.3117985756307912,-1.2293434032627961,-0.6428048819178798,-0.31251075653921906,-0.8522791446440848,-0.5704876341548948,9978,10000,ee7bf39a459ba533d1b47b20d4cac98629e348af2ee9ff4ae605044e11f3827d,4515,focused_pair,165,1.0,exploratory_group_bootstrap_conditional_on_oof,0.7157623009511077,1.3756271640971798,mali_logical_graph,mali_global_mlp,-0.6598648631460721,-0.5867851390834223,qualified_input_evaluation_subset_models_fit_on_7350,0.5924605958360951,-0.5175936960955572,,method_a_minus_method_b,,,
4515,-0.17069554454967795,-0.8035055417305902,-0.45889326380462364,0.0073627128807527776,-0.5155895033090618,-0.2657127499076909,9978,10000,ee7bf39a459ba533d1b47b20d4cac98629e348af2ee9ff4ae605044e11f3827d,4515,focused_pair,165,1.0,exploratory_group_bootstrap_conditional_on_oof,0.7157623009511077,1.163564722763133,mali_logical_graph,qonductor_feature_polynomial_common_panel,-0.4478024218120252,-0.25924129361127896,qualified_input_evaluation_subset_models_fit_on_7350,0.5924605958360951,0.1966697098106578,,method_a_minus_method_b,,,
4515,0.8843842079219121,-0.42643765817274537,0.18625019979159374,0.7306135669367954,-0.11869085677611377,0.3063383501699579,9976,10000,ee7bf39a459ba533d1b47b20d4cac98629e348af2ee9ff4ae605044e11f3827d,4515,focused_pair,165,1.0,exploratory_group_bootstrap_conditional_on_oof,1.3756271640971798,1.163564722763133,mali_global_mlp,qonductor_feature_polynomial_common_panel,0.2120624413340469,0.3275438454721434,qualified_input_evaluation_subset_models_fit_on_7350,-0.5175936960955572,0.1966697098106578,,method_a_minus_method_b,,,
4515,0.16243395278377676,-0.23803100022560955,-0.0010573322578582786,0.2076325266301351,-0.013337222582007867,0.11968454867664441,9976,10000,ee7bf39a459ba533d1b47b20d4cac98629e348af2ee9ff4ae605044e11f3827d,4515,focused_pair,165,1.0,exploratory_group_bootstrap_conditional_on_oof,1.1205125498377926,1.1144833592865757,hyb_kyoto_composite_r2_log_cost_ridge_v1,hyb_kyoto_composite_r2_gate_time_ridge_v1,0.00602919055121671,0.12867945781942783,qualified_input_evaluation_subset_models_fit_on_7350,0.1715417886693651,0.23424977309447104,,method_a_minus_method_b,,,
4515,0.02605481819166421,-0.0011139213338840202,0.0077399245040887165,0.058625742051166094,0.03313036527457178,0.04587719597769731,9980,10000,271cacd43d7f2bec1bbb55eddff18a75c9b5ad02d479eea7b47e0a172b37c06b,4367,focused_pair,165,0.9672203765227021,exploratory_group_bootstrap_conditional_on_oof,1.1114607270792929,1.105922406503375,hyb_nominal_r2_log_cost_ridge_v1,hyb_kyoto_composite_r2_log_cost_ridge_v1,0.005538320575918171,0.0455444856469179,qualified_input_evaluation_subset_models_fit_on_7350,0.09090074950758364,0.09450252220805555,,method_a_minus_method_b,,,
4515,0.9390260286897444,0.2969203278358812,0.5659988958246961,0.9596651922478633,0.42591115677568875,0.7077329397069327,9984,10000,ee7bf39a459ba533d1b47b20d4cac98629e348af2ee9ff4ae605044e11f3827d,4515,focused_pair,165,1.0,exploratory_group_bootstrap_conditional_on_oof,1.2584390628356972,0.7157623009511077,qcre_shot_scaled_schedule_seconds__outer_train_affine,mali_logical_graph,0.5426767618845895,0.7059178121186006,qualified_input_evaluation_subset_models_fit_on_7350,0.052001999590559844,0.5924605958360951,,method_a_minus_method_b,,,
4515,0.5957758061434562,-0.02136801075440067,0.2948984055089085,0.7849875150079364,0.1655561625201529,0.45080598682043566,9979,10000,5b7068d9b9d6ff97736bc6f28f619cb26edcb9577a97fd3ed202784fa24d17a6,3399,focused_pair,164,0.7528239202657807,exploratory_group_bootstrap_conditional_on_oof,0.9627335284245333,0.6865746494081529,scholten_unified_nominal_throughput__outer_train_affine,mali_logical_graph,0.27615887901638053,0.40904450934953834,qualified_input_evaluation_subset_models_fit_on_7350,0.2336380566776064,0.4932444070145964,,method_a_minus_method_b,,,
4515,,,,,,,,,ee7bf39a459ba533d1b47b20d4cac98629e348af2ee9ff4ae605044e11f3827d,4515,input_support_same_ids,165,1.0,descriptive_point_estimates_only,0.7157623009511077,1.3756271640971798,mali_logical_graph,mali_global_mlp,-0.6598648631460721,,qualified_input_evaluation_subset_models_fit_on_7350,0.5924605958360951,-0.5175936960955572,fit,method_a_minus_method_b,all,global_tensor,unseen
4515,,,,,,,,,c57e54484bb5cd594bc1dfb9b7a567d437f7f9adc14d06b77fec824dbaba71d2,340,input_support_same_ids,148,0.0753045404208195,descriptive_point_estimates_only,0.76141190570786,1.0653186744912506,mali_logical_graph,mali_global_mlp,-0.3039067687833906,,qualified_input_evaluation_subset_models_fit_on_7350,0.6976828324168407,0.3105513646777168,fit,method_a_minus_method_b,mali_real_qpu,global_tensor,unseen
4515,,,,,,,,,ce416a6616d4ecc47d66b3c003d531b3bf5415f5c64389bf60f9e4932f6aa022,230,input_support_same_ids,11,0.05094130675526024,descriptive_point_estimates_only,1.3436785638945308,2.1161491863665804,mali_logical_graph,mali_global_mlp,-0.7724706224720497,,qualified_input_evaluation_subset_models_fit_on_7350,0.060588741038872684,-1.1204779952050523,fit,method_a_minus_method_b,qonductor_single_circuit_ibm,global_tensor,unseen
4515,,,,,,,,,9af84a809a08133468604973963c29b2b756daf274b28d18a096530170626963,3945,input_support_same_ids,6,0.8737541528239202,descriptive_point_estimates_only,0.6752194350209979,1.3591974610158246,mali_logical_graph,mali_global_mlp,-0.6839780259948267,,qualified_input_evaluation_subset_models_fit_on_7350,0.3337060813487768,-1.8050308631317824,fit,method_a_minus_method_b,qpack_mcp,global_tensor,unseen
4515,,,,,,,,,ee7bf39a459ba533d1b47b20d4cac98629e348af2ee9ff4ae605044e11f3827d,4515,input_support_same_ids,165,1.0,descriptive_point_estimates_only,0.7157623009511077,1.3756271640971798,mali_logical_graph,mali_global_mlp,-0.6598648631460721,,qualified_input_evaluation_subset_models_fit_on_7350,0.5924605958360951,-0.5175936960955572,fit_plus_validation,method_a_minus_method_b,all,global_tensor,unseen
4515,,,,,,,,,c57e54484bb5cd594bc1dfb9b7a567d437f7f9adc14d06b77fec824dbaba71d2,340,input_support_same_ids,148,0.0753045404208195,descriptive_point_estimates_only,0.76141190570786,1.0653186744912506,mali_logical_graph,mali_global_mlp,-0.3039067687833906,,qualified_input_evaluation_subset_models_fit_on_7350,0.6976828324168407,0.3105513646777168,fit_plus_validation,method_a_minus_method_b,mali_real_qpu,global_tensor,unseen
4515,,,,,,,,,ce416a6616d4ecc47d66b3c003d531b3bf5415f5c64389bf60f9e4932f6aa022,230,input_support_same_ids,11,0.05094130675526024,descriptive_point_estimates_only,1.3436785638945308,2.1161491863665804,mali_logical_graph,mali_global_mlp,-0.7724706224720497,,qualified_input_evaluation_subset_models_fit_on_7350,0.060588741038872684,-1.1204779952050523,fit_plus_validation,method_a_minus_method_b,qonductor_single_circuit_ibm,global_tensor,unseen
4515,,,,,,,,,9af84a809a08133468604973963c29b2b756daf274b28d18a096530170626963,3945,input_support_same_ids,6,0.8737541528239202,descriptive_point_estimates_only,0.6752194350209979,1.3591974610158246,mali_logical_graph,mali_global_mlp,-0.6839780259948267,,qualified_input_evaluation_subset_models_fit_on_7350,0.3337060813487768,-1.8050308631317824,fit_plus_validation,method_a_minus_method_b,qpack_mcp,global_tensor,unseen
4515,,,,,,,,,ee7bf39a459ba533d1b47b20d4cac98629e348af2ee9ff4ae605044e11f3827d,4515,input_support_same_ids,165,1.0,descriptive_point_estimates_only,0.7157623009511077,1.3756271640971798,mali_logical_graph,mali_global_mlp,-0.6598648631460721,,qualified_input_evaluation_subset_models_fit_on_7350,0.5924605958360951,-0.5175936960955572,fit,method_a_minus_method_b,all,graph_tensor,unseen
4515,,,,,,,,,c57e54484bb5cd594bc1dfb9b7a567d437f7f9adc14d06b77fec824dbaba71d2,340,input_support_same_ids,148,0.0753045404208195,descriptive_point_estimates_only,0.76141190570786,1.0653186744912506,mali_logical_graph,mali_global_mlp,-0.3039067687833906,,qualified_input_evaluation_subset_models_fit_on_7350,0.6976828324168407,0.3105513646777168,fit,method_a_minus_method_b,mali_real_qpu,graph_tensor,unseen
4515,,,,,,,,,ce416a6616d4ecc47d66b3c003d531b3bf5415f5c64389bf60f9e4932f6aa022,230,input_support_same_ids,11,0.05094130675526024,descriptive_point_estimates_only,1.3436785638945308,2.1161491863665804,mali_logical_graph,mali_global_mlp,-0.7724706224720497,,qualified_input_evaluation_subset_models_fit_on_7350,0.060588741038872684,-1.1204779952050523,fit,method_a_minus_method_b,qonductor_single_circuit_ibm,graph_tensor,unseen
4515,,,,,,,,,9af84a809a08133468604973963c29b2b756daf274b28d18a096530170626963,3945,input_support_same_ids,6,0.8737541528239202,descriptive_point_estimates_only,0.6752194350209979,1.3591974610158246,mali_logical_graph,mali_global_mlp,-0.6839780259948267,,qualified_input_evaluation_subset_models_fit_on_7350,0.3337060813487768,-1.8050308631317824,fit,method_a_minus_method_b,qpack_mcp,graph_tensor,unseen
4515,,,,,,,,,ee7bf39a459ba533d1b47b20d4cac98629e348af2ee9ff4ae605044e11f3827d,4515,input_support_same_ids,165,1.0,descriptive_point_estimates_only,0.7157623009511077,1.3756271640971798,mali_logical_graph,mali_global_mlp,-0.6598648631460721,,qualified_input_evaluation_subset_models_fit_on_7350,0.5924605958360951,-0.5175936960955572,fit_plus_validation,method_a_minus_method_b,all,graph_tensor,unseen
4515,,,,,,,,,c57e54484bb5cd594bc1dfb9b7a567d437f7f9adc14d06b77fec824dbaba71d2,340,input_support_same_ids,148,0.0753045404208195,descriptive_point_estimates_only,0.76141190570786,1.0653186744912506,mali_logical_graph,mali_global_mlp,-0.3039067687833906,,qualified_input_evaluation_subset_models_fit_on_7350,0.6976828324168407,0.3105513646777168,fit_plus_validation,method_a_minus_method_b,mali_real_qpu,graph_tensor,unseen
4515,,,,,,,,,ce416a6616d4ecc47d66b3c003d531b3bf5415f5c64389bf60f9e4932f6aa022,230,input_support_same_ids,11,0.05094130675526024,descriptive_point_estimates_only,1.3436785638945308,2.1161491863665804,mali_logical_graph,mali_global_mlp,-0.7724706224720497,,qualified_input_evaluation_subset_models_fit_on_7350,0.060588741038872684,-1.1204779952050523,fit_plus_validation,method_a_minus_method_b,qonductor_single_circuit_ibm,graph_tensor,unseen
4515,,,,,,,,,9af84a809a08133468604973963c29b2b756daf274b28d18a096530170626963,3945,input_support_same_ids,6,0.8737541528239202,descriptive_point_estimates_only,0.6752194350209979,1.3591974610158246,mali_logical_graph,mali_global_mlp,-0.6839780259948267,,qualified_input_evaluation_subset_models_fit_on_7350,0.3337060813487768,-1.8050308631317824,fit_plus_validation,method_a_minus_method_b,qpack_mcp,graph_tensor,unseen
4515,,,,,,,,,ee7bf39a459ba533d1b47b20d4cac98629e348af2ee9ff4ae605044e11f3827d,4515,input_support_same_ids,165,1.0,descriptive_point_estimates_only,0.7157623009511077,1.3756271640971798,mali_logical_graph,mali_global_mlp,-0.6598648631460721,,qualified_input_evaluation_subset_models_fit_on_7350,0.5924605958360951,-0.5175936960955572,fit,method_a_minus_method_b,all,graph_plus_global_tensor,unseen
4515,,,,,,,,,c57e54484bb5cd594bc1dfb9b7a567d437f7f9adc14d06b77fec824dbaba71d2,340,input_support_same_ids,148,0.0753045404208195,descriptive_point_estimates_only,0.76141190570786,1.0653186744912506,mali_logical_graph,mali_global_mlp,-0.3039067687833906,,qualified_input_evaluation_subset_models_fit_on_7350,0.6976828324168407,0.3105513646777168,fit,method_a_minus_method_b,mali_real_qpu,graph_plus_global_tensor,unseen
4515,,,,,,,,,ce416a6616d4ecc47d66b3c003d531b3bf5415f5c64389bf60f9e4932f6aa022,230,input_support_same_ids,11,0.05094130675526024,descriptive_point_estimates_only,1.3436785638945308,2.1161491863665804,mali_logical_graph,mali_global_mlp,-0.7724706224720497,,qualified_input_evaluation_subset_models_fit_on_7350,0.060588741038872684,-1.1204779952050523,fit,method_a_minus_method_b,qonductor_single_circuit_ibm,graph_plus_global_tensor,unseen
4515,,,,,,,,,9af84a809a08133468604973963c29b2b756daf274b28d18a096530170626963,3945,input_support_same_ids,6,0.8737541528239202,descriptive_point_estimates_only,0.6752194350209979,1.3591974610158246,mali_logical_graph,mali_global_mlp,-0.6839780259948267,,qualified_input_evaluation_subset_models_fit_on_7350,0.3337060813487768,-1.8050308631317824,fit,method_a_minus_method_b,qpack_mcp,graph_plus_global_tensor,unseen
4515,,,,,,,,,ee7bf39a459ba533d1b47b20d4cac98629e348af2ee9ff4ae605044e11f3827d,4515,input_support_same_ids,165,1.0,descriptive_point_estimates_only,0.7157623009511077,1.3756271640971798,mali_logical_graph,mali_global_mlp,-0.6598648631460721,,qualified_input_evaluation_subset_models_fit_on_7350,0.5924605958360951,-0.5175936960955572,fit_plus_validation,method_a_minus_method_b,all,graph_plus_global_tensor,unseen
4515,,,,,,,,,c57e54484bb5cd594bc1dfb9b7a567d437f7f9adc14d06b77fec824dbaba71d2,340,input_support_same_ids,148,0.0753045404208195,descriptive_point_estimates_only,0.76141190570786,1.0653186744912506,mali_logical_graph,mali_global_mlp,-0.3039067687833906,,qualified_input_evaluation_subset_models_fit_on_7350,0.6976828324168407,0.3105513646777168,fit_plus_validation,method_a_minus_method_b,mali_real_qpu,graph_plus_global_tensor,unseen
4515,,,,,,,,,ce416a6616d4ecc47d66b3c003d531b3bf5415f5c64389bf60f9e4932f6aa022,230,input_support_same_ids,11,0.05094130675526024,descriptive_point_estimates_only,1.3436785638945308,2.1161491863665804,mali_logical_graph,mali_global_mlp,-0.7724706224720497,,qualified_input_evaluation_subset_models_fit_on_7350,0.060588741038872684,-1.1204779952050523,fit_plus_validation,method_a_minus_method_b,qonductor_single_circuit_ibm,graph_plus_global_tensor,unseen
4515,,,,,,,,,9af84a809a08133468604973963c29b2b756daf274b28d18a096530170626963,3945,input_support_same_ids,6,0.8737541528239202,descriptive_point_estimates_only,0.6752194350209979,1.3591974610158246,mali_logical_graph,mali_global_mlp,-0.6839780259948267,,qualified_input_evaluation_subset_models_fit_on_7350,0.3337060813487768,-1.8050308631317824,fit_plus_validation,method_a_minus_method_b,qpack_mcp,graph_plus_global_tensor,unseen
