source_qasm_sha256,fold,target_status,target_seconds,quality_status_separate_audit_only,pred_train_fold_median_seconds,pred_ridge_alpha_1_seconds,pred_graph_seed_42_seconds,pred_graph_seed_1234_seconds,pred_graph_seed_31415_seconds,pred_graph_median_three_seeds_seconds
01de4bb89da48a3fc09c31d41d509c1446c6a4a3b329612c5baf0d39c56a922e,1,runtime_observed,0.14818447300058324,quality_pass,0.09164552399306558,0.36313146352767944,0.14107756316661835,0.12574416399002075,0.1349431872367859,0.1349431872367859
1dab21c93a580f711efff03a0f4a1d82985cf201219e886ab246e03a9011735c,1,runtime_observed,0.030614501010859385,quality_pass,0.09164552399306558,0.18742211163043976,0.03923729807138443,0.027247805148363113,0.03015010617673397,0.03015010617673397
2372d3228c3e3e38e3351feb553380bce5a543c936f73a400de0e54ab470599a,1,runtime_observed,3.311648521994357,quality_pass,0.09164552399306558,1.5138936042785645,3.0551862716674805,3.050367593765259,3.27490496635437,3.0551862716674805
31f7b2533d8a3c05d59b44a9b2d93f44bc48da630d1884cf9df0012199e10a74,1,runtime_observed,0.28342929399514105,quality_pass,0.09164552399306558,0.3756398856639862,0.4733833074569702,0.5030746459960938,0.5407127141952515,0.5030746459960938
3d37464cf8c53831d2867c0c111a83e03a820e90fa26f77d01a4a85f4f9d6875,1,unavailable_adapter_error,,quality_unavailable,0.09164552399306558,5.754764080047607,2.607577085494995,4.081307411193848,5.877135753631592,4.081307411193848
3e4560adf43b5c5102bf22f235abcb9dd2ed5e34930cdb929a128226f96e4ea5,1,runtime_observed,0.02327988899196498,quality_pass,0.09164552399306558,0.0,0.01970706880092621,0.01946527510881424,0.019723165780305862,0.01970706880092621
433844fca892218b1218ca028aafb0eddf1929d5ca52fdea53b3cb324e4055bd,1,runtime_observed,0.020949395999195985,quality_pass,0.09164552399306558,0.02457640878856182,0.019952716305851936,0.014738605357706547,0.014598339796066284,0.014738605357706547
451bd8177acaca0301a8bb4d61cb192f26dce1f81d8ab04ca0aded562d525c58,1,runtime_observed,0.13949821100686677,quality_pass,0.09164552399306558,0.8609421849250793,0.12599998712539673,0.14849768579006195,0.14005406200885773,0.14005406200885773
47e6743e95c380a13dc5947d9e9b3db26e541efabd4a27134ff26aa14c00ba7d,1,runtime_observed,0.0563912090001395,quality_pass,0.09164552399306558,0.22434186935424805,0.05887071043252945,0.05614234879612923,0.055650219321250916,0.05614234879612923
4df5b36e58378649053c461bf5ee1478fa114ac65c0c14551536b820ce8eafc7,1,runtime_observed,3.2815998400037643,quality_pass,0.09164552399306558,1.8897210359573364,3.1055641174316406,3.3348209857940674,3.333278179168701,3.333278179168701
551dfe6ad672d4157a761610fc4c1061ea844868f2106407374764552251d63a,1,runtime_observed,0.03428567500668578,quality_pass,0.09164552399306558,0.0,0.027201609686017036,0.023337004706263542,0.03515021130442619,0.027201609686017036
55746e6a2fd8d9c4b8c813443f2db46b072f75db1632dd252298c735fbc72bf0,1,runtime_observed,0.00960345049679745,quality_pass,0.09164552399306558,0.0,0.00791151076555252,0.002767615718767047,0.00510244257748127,0.00510244257748127
6a475a20ac3d09839e2b43104ca187037db5ff813b811e0d7356adac93d25244,1,runtime_observed,0.25500052400457207,quality_pass,0.09164552399306558,0.0,0.12812842428684235,0.13772054016590118,0.16788288950920105,0.13772054016590118
6cf91acdbcfc0321d1ffcee7c2197fec29f2b9dd83e7c3b56dbe8d583332ccdb,1,runtime_observed,1.1965577070077416,quality_pass,0.09164552399306558,1.5516005754470825,1.125173568725586,1.1758373975753784,1.2781469821929932,1.1758373975753784
720a3cec5f9b39a53aa0d59f0ecc24f42f2948fbe56164a033262c628e2ba875,1,runtime_observed,0.6676088839885779,quality_pass,0.09164552399306558,1.352980613708496,0.6125504970550537,0.5866340398788452,0.7404131889343262,0.6125504970550537
75b1db396e34d1f1b234ea8dcdc253203a770cecce7f48bb8a126860723c43df,1,runtime_observed,0.013813976998790167,quality_pass,0.09164552399306558,0.0,0.011837300844490528,0.008702480234205723,0.006335746962577105,0.008702480234205723
7b944ad7e38d98fae66177b6c014ae2878d62bcd1765103c19941653817e7996,1,runtime_observed,0.028299986995989457,quality_pass,0.09164552399306558,0.0,0.026791652664542198,0.024451734498143196,0.028205789625644684,0.026791652664542198
806f1844d225682cd7d5d0b276b5567caa23697f73064d8a20347024bb03fe40,1,runtime_observed,0.01652392249525292,quality_pass,0.09164552399306558,0.0,0.013503788970410824,0.009864024817943573,0.009401531890034676,0.009864024817943573
8e4821df72704634cb81ea4d738477a8d596a49cba641e6198fdc9970e1d5d2f,1,runtime_observed,0.10458056299830787,quality_pass,0.09164552399306558,0.4231930077075958,0.08311627805233002,0.09584888815879822,0.09895072132349014,0.09584888815879822
8f11cd416ae9672f06a39e5ee3a27a70bcbf31d7177cb47270c0cd8512c95381,1,runtime_observed,0.13935058600327466,quality_pass,0.09164552399306558,0.17940932512283325,0.13657096028327942,0.10081054270267487,0.1740703284740448,0.13657096028327942
93eff191c23e0c3d13a127f38595909e7092290f5119c9be24a1ccc61fff5767,1,runtime_observed,1.6046517960057827,quality_failed,0.09164552399306558,0.23602749407291412,1.0138721466064453,1.3180758953094482,1.2456051111221313,1.2456051111221313
9649572da691c86252b1620cba73350902b9ba3cf4dbdb3fb2e3531588da98c4,1,runtime_observed,0.07614758700947277,quality_pass,0.09164552399306558,0.0,0.05919025093317032,0.06268534809350967,0.06425397098064423,0.06268534809350967
a4a7b8b8d556570de9ea2db286aaa4245fa50f4619f25f0f7414b16d503458d8,1,runtime_observed,0.953442771002301,quality_pass,0.09164552399306558,0.0,0.5595656037330627,0.6274430751800537,0.6469403505325317,0.6274430751800537
acacd76111e7f23e4224342ca0ab5340b1bdaad3b6eba8893e4036ba14896362,1,runtime_observed,0.012050335993990302,quality_pass,0.09164552399306558,0.0,0.010661082342267036,0.007710797246545553,0.006282262969762087,0.007710797246545553
bc8cb33a3a242fb3ab35191a36313674faaca8fe1839cfa05d79788052424d1d,1,runtime_observed,0.016875350003829226,quality_pass,0.09164552399306558,0.0,0.014593890868127346,0.014164700172841549,0.013652483001351357,0.014164700172841549
cbe1ca5505b485bd87b2e68f2b38ecae377e29f823c30e4c44d3f5f87d4266f7,1,runtime_observed,0.09876574200461619,quality_pass,0.09164552399306558,0.2436244636774063,0.09451508522033691,0.09158427268266678,0.09387921541929245,0.09387921541929245
dc97062e3adcbcaf813cae5e970c8a0357a239b8d4a09e77a4e3e4625532d209,1,runtime_observed,0.022582220000913367,quality_pass,0.09164552399306558,0.0833510085940361,0.030779188498854637,0.019132960587739944,0.018622715026140213,0.019132960587739944
f37f599f25c5024b4069e866a31563a6daf0b1495d17d25343f7b3cfac1169ee,1,runtime_observed,0.06516375900537241,quality_pass,0.09164552399306558,0.07483614981174469,0.047681283205747604,0.05376512184739113,0.06412790715694427,0.05376512184739113
