qasm_sha256,normalized_ir_sha256,unitary_sha256,normalized_qasm_sha256,legacy_dense_ir_sha256,original_rccx_count,lowered_rccx_count,rccx_lowering_noop,num_qubits,num_clbits,measurement_count,canonical_panel_member_id
01bfdd8291d6badf1219dd3bf6d7e12559976b8ccb3e67d2548e729dc0c0dc82,157fc72988ba764f88a307b3682fd03691574842bce8b810e890df7a20d722b3,8913e49b0b59ff60a3f7cd8e90dd8d57aae14c5fabde1eaa15cc47a0d95d7bc2,76d0619dae493f2d95aa05127112bd8b0aa48c85cd11ab34f0325dba5b3239fe,4e6bad19fad01cb709940c9bf5198bd3b3cacf8513ed801892c979a22cf11ec3,0,0,True,4,4,4,sim_common_q16_v1::ghz_indep_qiskit_4
01de4bb89da48a3fc09c31d41d509c1446c6a4a3b329612c5baf0d39c56a922e,2f7d2b4027808e682fc75993b1594ad1afd26f44c8e4f7043a39f1caf69492a7,820330d24ed6091dcb3d3ee72d1853ad7259738b2a3d24c74bf14580d971f159,67698c098365b6124b01fba148168274f492e05237fcdc50b1fe7eb641e60e41,76cfbd38412b0540b07983d7fa7c55ef3e137b01ec007553221f583a85e92826,0,0,True,7,14,7,sim_common_q16_v1::qft_indep_qiskit_7
0285fd21a0dd1ca29cd386de85a1a8af49cc7d71f5c86f6451b55a11c68864a8,b07bdfb52dd77d2ae838a5ccc5ea3d7a042b022daf2c364e35a82e2952bbcb0f,832e3593332e24feae7fee492b5a4958bbcc3f76de4eb284ad04ccaa29f66c0f,2c012490fd615fb1e7e4acf57feed484c927908bb455c61ceff57949bd021943,64c3ba7ee240e0dd40b087c6095714e0e4f664295075f794aa38ba2be030b60d,0,0,True,5,10,5,sim_common_q16_v1::qft_indep_qiskit_5
02d66e8b66849fdd0f0581b84924adbd1bd2d7603e25e5e9faa447ac2a6708d0,667de18edc88a0f8a0c65f68630d2b6c0ba4561eddd14b83840fc024e4e38e26,5b3304f6cc98d6ddbc645c5ef3f17428bfc14e1d4abbfa3b22d99e726543df60,2b517fb31e058c0e22bc95123bb7da654e38331a9453efcf2e45619cec518093,3013099cc8c31e4ff8760d6da695afff37cf468a2bb7df143c9901f0fa62a5c0,0,0,True,2,2,2,sim_common_q16_v1::qftentangled_indep_qiskit_2
040a287609a78a55ab6148ad1a3cc6aa2fcee8b0871b077a9c1a37bee49f69fe,47320e6aaf3d2b0832c5e77a2b416b3bad38a861e05c839f4ccf331ebeccce7e,38949b6cf7a91283be371a5eeba95faa839474cb57a28d8bb182e1f6c3450e64,b3249384eb22075e173572fa92b5ff618d65bd490fa82870a2e4b997ef8a6046,e7e17b4a088ed2d2053483cbbe22bca2efbc1d7bfceffced151e1e6b3ffa4716,0,0,True,9,9,9,sim_common_q16_v1::graphstate_indep_qiskit_9
093af0605e834bf0a4f2aef0b46600d12c6b1c913e791fb13e2513048a6b1c70,4bf7d8ba8d84cd65588e876601cec4a77e8362a723efe8d85fd37a571e6ccbaa,337ab89a38601b8a59b5b028284a5564baae1c125c9b3b1f72834ef8b445b589,d453cf7e560b8f29126f11fbd973593366328de6cfeb73a4906b86372b674d4e,b52857a79a5dee4b6006f5be3a99e64eb04f93f32b5a7aa84e8e9ddd9f3461dd,0,0,True,7,6,6,sim_common_q16_v1::qpeinexact_indep_qiskit_7
0a43a3dbe4a4294a007fa7ec167a24ea300d3762489b98245c2f80ad29727075,6d5ea57c40454dd43ba011f5a0342b38c85c77b89a181a07a27ee2f256b1aacc,393233fd44a756b4945d01c775dd51f05e9c3acb820f9970ff8b5279e7ce2f8e,8902d21395e2ff8ef9899f8db614b28f06e590d603d3646f6c9dfde263f89a0a,05179d26592f8f7c51ee0f3e075b195136f9d8761c9baf60f0d822d039fcb265,0,0,True,2,1,1,sim_common_q16_v1::qpeexact_indep_qiskit_2
0a43c652a1c92c83389d952438c22aa0d890a611333da29499d6ff1733925b21,d46429120e395c4914b3176c294c79f750cb369de87a2bbe88a96f4f7e73c9d5,97de22c5740388ea1b8d30b22800abc66f16b78719415a2672db629edde963e3,2a4656198986071060c0c595fb0b20c7ac324e3ee7e15bab9c615006cb505759,3f22e9650bba19482d496d6df04308170794a5a025d0cc6a8291feebf0c2ab80,0,0,True,8,8,8,sim_common_q16_v1::qaoa_indep_qiskit_8
0e4fbafbbca55457fe41251b3997e13aad5d63634419c2ae740b8deb461f712e,2b0d7c5669a7dca893ecb26132267c4e628c4bda81a2da1250595114a600278a,24ebd7e9bf6274ca00f1dad9faabf2eae398f267da5229284b94939875db8156,bd69f1fdc170708303baf3a759168e95ee695efc2ceed316b15fe83ec9a09afe,ed9735dea86f740eb77c99141a696a04625a7a2e9e9fd2e92a7285f09f23e387,0,0,True,10,10,10,sim_common_q16_v1::qftentangled_indep_qiskit_10
0eb1a3e99b4972f52a5646728385bd23d77ad5dc72b95ba21009d46142c8b064,6240ebeea53d74003e003ef7e59a9880fa18b6006c931dea13fc46c702df442b,40ffd81fd6acb769ed81d68b192811b45c3e7a56acac8c8e67e838835e64d658,35f1b9abe5f375b78f12814dde4681de8cb2a217e0053d893e4b88ebc0a2cead,f13c5bcfd9420b2a684f4e8781c7f3344d5ec8b313e9a12cae4f5cc154586152,0,0,True,11,11,11,sim_common_q16_v1::wstate_indep_qiskit_11
0f7836c0a3a429dd9b4f2b55a4fab5d6d112458814cb34efb22309ec614c801f,c92539031b95c2832708ed3e523a0d02a6dd04287baf1e6262bd8454f98021e6,141342cc3bebad2f14d8335ae123353f18085d28575a338c8f1c79b14f969fa3,ed5791de3715a47e67cfde1309688b563f90d3c61e406b0a7c4c6ec27a11f322,78bc7aa5f58e28b14f6bb492c11fc9f89da03600dcdf541af03a69b5cd9b859b,0,0,True,5,10,10,sim_common_q16_v1::portfolioqaoa_indep_qiskit_5
1297f276e1b6215dc5fac758a54c8194c91bbc9e9636be96a430344adc975e82,cb614d5727756a3d7f421a2ed3901738b91b1dcae3910a562a540d369badd66d,9b4ccaa236edaffac3d4e924d043e00c593e5102d6a7fd263102c008b640f849,80afac007deab80c51a077457bbdd7acedc56811a8390b7b500103cedaa960f1,8c749ba0f3c049ec04b8d48c02b2bfa542757df6827c7c4800afd3101dada419,0,0,True,14,14,14,sim_common_q16_v1::wstate_indep_qiskit_14
13721ab5a328b17bf3f8c3692cda844a7e538a8c92530d0c1236f43d3ad5a884,fddd84b25b60e5f63aaecaaea1b9ae9120f121453dc557f1227b27849060da48,4d80e47e3ef7546fe0ab55162f3d09452f2887fa073880511d0eefdc81cbddc6,2a8f1091fab6c97fb08d2e37e9171401b0b6eb3fae4a74bd12c9e94f6b4dfed7,c45d56764f8867c19b9f97ea8701cc2ebbbfd0521d50addd7906bc90db5b6f3e,0,0,True,4,4,4,sim_common_q16_v1::graphstate_indep_qiskit_4
15e80264fdff1398ab38bbd9144f853a3a2317e95163fda15a1e9ec2657beecb,bdfda23259c917c45863c634bf7c2c364d73ff36e9aa6a83a88bdd1d0c92d449,bfd26a754e0b001822316af943d0f9f20a4db09c219480b0b9689a0babc03a19,0f9e34b553937b6afb035f16af56b92ed1fa390a98ef2bf3706ce0a4506d82fe,33971ff962f11f9d36a9fed9bf7e2c9bddc4baddd9b1e0adea507b909157199f,0,0,True,3,3,3,sim_common_q16_v1::qnn_indep_qiskit_3
1773a4a57ac31fe2f1c0bcea14b29942df986d30d6462c1fd1d3c755b5f0ffa6,55d524857021a09319ed031e4ea984fd211aa040dbc32ef91806f03a05946381,1a603eb0efe87aefcaebcac170f831013c8b13b4064a49f3ee951e6f3bbab5c6,074f142932ee9b23f0861dd312dbe604bf0a3cbc98e7ca21b75f1fd33ad67d49,cdc90cabd57761b15fce8da1191f9b6f20a3d46d0fd1834b901142951a376acc,0,0,True,10,20,20,sim_common_q16_v1::portfolioqaoa_indep_qiskit_10
187d76ac82884dc3202418b0e06077eec26afed0c625b228d76b4416e6bfa480,f7c4162c0a097c0e2e4f9b4a4df4c672e2deea17784fe81549fd48f361b093a6,be412a1198ff92717e723af522cb7a6bfe1a6bbf5428d800d8603c2355b77e3b,938634a261060db25d9633486a79bb41e189edd9822c98cf22a07798d1190654,d64f0936bb0d3b8510477a800eb2798b535540c2f9aa521176fcd5c90b1dd322,0,0,True,4,4,4,sim_common_q16_v1::realamprandom_indep_qiskit_4
199431a4857b8fbb9718e3d71bc013a086f63629c373dead484e88d12497540c,6cb9be66fa682c7f20b65fd08c505eb376dbcd6b147e6db2a0cdab62fc9011ab,ef439241964ec4edff203bb18a47f90fc225ce1a55973683f6a0e7f8ada68a7a,8896641c728b66ff0cb5580f953b773cf3f38dfb220ea97786ad07d1955e2d15,962f404dc72480507cf62c054e32f7d3b08d699035d0dac177b7b5d7a67f900a,0,0,True,14,14,14,sim_common_q16_v1::vqe_indep_qiskit_14
1abbc12fb71bb059e596c3ab15f22ded21b0bd81b8649eb1171c30fb92979be5,2d920eb496418c67f0951fb8cc86ad023780dc6731319aade0fb087ee822dc74,fbb1bdeec5e6abc6b1c8c9b39def8dd24a2d0addc6ad19adc439df86bdf19eb9,c3efd972247570883fc119163647bc8fb15557b690bc6aa07610b977fe1c9899,c2fa1e5eb104b24cfa63441d561b8f04bb1a0c16a126a9ea8d12a308857abfb2,0,0,True,16,15,15,sim_common_q16_v1::dj_indep_qiskit_16
1d76cd981622e5ca02125654d00534f3aec623bbb2b95b7ea894049f76916577,f0b62871c25c24ac1e6be62070f6353b445dbdc3cc0dfb527e52fba34aa89374,f7a01abbb9486e3adbe60a67ef9d54a91d1f4c864c1a5be9eaa534d8b6bd0bcf,c22b59289b90b2b9bf8cc8d361d8cb9bb4bd83b65cf77984b266985ef7e72c8f,660e9a542d1880cca8f3272886c32a1319ca44821d59784352a5aed2b9335d72,0,0,True,4,3,3,sim_common_q16_v1::qpeinexact_indep_qiskit_4
1dab21c93a580f711efff03a0f4a1d82985cf201219e886ab246e03a9011735c,ea9eca3173c2bfb57bf13714d71fa239a7b7e4a15772a7de3bf927d3c084953e,feb0ce79c4a11562a3343bc4fa3c35b085023a841dc209646bbb863984c4945d,2000cd00d4f7eea13c211522819851c59289beebbb08b483a3a99e5fb575f1b9,303c1cc7fd6354e8c4b610f27cba40e7adc4a300ffd2f85f0ff23a14deca09d6,0,0,True,7,7,7,sim_common_q16_v1::wstate_indep_qiskit_7
1db01bf182e569acda250b7c869e328cf6dba008d3fbcdc910f9214efd2145c3,c07d9cb3e76edec141a51eb1debf3960aa7fa93a820cb7b8c87abe9d1c66d91a,3eda557e388a09c18d28cb21efdd1c1ede292d3ff17b2d90a57b90e69664ac58,3175209881bd17d3d9a2cb409dd651b89b03121f9d97e63bf08b8c86a2590e74,b11a18d9e6aa8604296f494494ea3422b90adcdd63fd4bf94b5a03209253322b,0,0,True,10,10,10,sim_common_q16_v1::wstate_indep_qiskit_10
208274074e215b97ca52a3b0600322684e4c1f0f1747faf2eafb43563f485722,b56fcc133120019f13091e7dde5d45bed08098dfedf937aedd0c15547140befb,5a53456768acc380db6810a941ea915aa0e67b13979ca85c555ae9657c4b893f,eae7e10e2dec128bbf8b03a2aa52fc69fca908c372c2c561289b5fa46e61667a,495749d08ca37471f097e1dea0e63927f013ca1871298ace4901a0d2dd1d3b8f,0,0,True,10,9,9,sim_common_q16_v1::dj_indep_qiskit_10
212e0f8a693a745c9fc792b876e7be6ddb0ba051c1b0f558e0819e1437a8a2fb,c51b0f5b88109e68850604e403c21ce89383c651fda790edf53ebb5431d2e9ac,f3b72d1c82f844a9396285b2cca68afd6c130d4213ffa0acc0c48932d259625b,18298d207e8caaaf4ede5e10e8430af07d760fe62c95e8ffcca0e800e2b2b7b4,1b44aa16da220b2ae7760410083e7be8cde69de250e05873f0b5969ca260a077,0,0,True,4,4,4,sim_common_q16_v1::random_indep_qiskit_4
235c1ff57ea2af091db7a774bbdc7ff2907728d533dc4507dead759718c53711,cc02922a285f027222b88f60c4c4023a41b71211d13fb074ecfd821f7acb2992,14cf289f8293b1924606d8fbdcd174366ddd6b9dc0eb6ac9423fc759699b0b6c,4b23c4246b3749ce8ce98944b930c53e89c75167402e8be7113db88fb6a88880,d0d17d65d9f8e51c91a6472963c363c7b4d18c4e48f2f70637dcab1e08efc777,0,0,True,12,12,12,sim_common_q16_v1::vqe_indep_qiskit_12
2372d3228c3e3e38e3351feb553380bce5a543c936f73a400de0e54ab470599a,088afb6820e17a1260052d4558cb8bf0d7994412d922f7069e901cbee2896831,cae39df3b8ea084b8d8b5d42b82787545f61f8b5bfe44027da3c721d5baf5116,45776601123b3e45f41939ba94fd04d76e516802f32a92b9959445a60d02c7be,f8a031253a31829c6f62e178fa8f8d7e11e385fe9cb241ee0110915f052e207a,0,0,True,8,16,16,sim_common_q16_v1::portfolioqaoa_indep_qiskit_8
23a9403cafedb94bbd2f39d4d9106aca7f890047719b80231d86ac9fb8382383,f38dfcede37918845107dc5462520d006e61e493af94e105d17307f5c2cb152c,fe0bb767f0aefc0070f7e2560f63cdd7e1594c8a5c483277e8a12a2af9c83057,3990a63677aee96a53a5423e559671d1d3e8c10f2373a65fdcf94304f78e0f9e,21181531166eaa81b746ef53b2fc81d835a4fe6e593df8f785a7783f2db17b43,0,0,True,4,4,4,sim_common_q16_v1::vqe_indep_qiskit_4
242786b0f7d73c715a317cbdc0725596836f08d98ecd6eb06b3b4ac4f3f563fb,053e9056fc194548201fbe7993168e5eaa5e89ad20e6243d3fed3eb56caa4711,c29b8a6e79a8908bc1c829e889125de8a781343b97950fff49329f1966a450a2,c6a407bf71e63f66bdbd6533eb3828030240f61827cd59f6d749a9650c5af430,6faec4c1e4d4b70af415af737bedb52bc42397a927ba7033a9842b655dbe278e,0,0,True,2,1,1,sim_common_q16_v1::dj_indep_qiskit_2
28b9eac87132bbff64970708737a94c408cfa435ce16cd395a57ab6fbfe5a6f7,ad87e7d274adea98cb9ae8d9df22e342be0511d265e86daf6d7aa6651aeaf375,fc03771242d876d736657ce1d8f611ff06234d88934290e32b9ea28f103342d8,07cd6a3474672e897928b49ac15ec5a0cbf84b39b54b0832868a0ddb4a2c2013,ffa42a99bbf7c0897873251508e2855da1e68639cd8e7b5564448722b1bbce05,0,0,True,5,5,5,sim_common_q16_v1::portfoliovqe_indep_qiskit_5
2df018ddcd5f44fd33cd5d80af349db5f84e36d6a5f905ef4611e5e5cc0d03f4,3f10c38c57d6a4a0ab5b7037a14460d411b4ea64bbe912e7b8ff9b7bf0b97404,e9a67196422d12454d937a7afeba508d7cd2f699c14111cf53ec0e548e29dba4,bc207b612919825a6eea263a208d8139c6ad8ecb1a24957d5c18fdc76667abf4,eba03192ecec7cb61ff97385bf7d8d0a4d3277c58ddf15d848513b4ac9f4a9dc,0,0,True,4,4,4,sim_common_q16_v1::qwalk-noancilla_indep_qiskit_4
2e57556a1b12802c7368ef21e0eb8e5c9863f768a48a9a4d0771725e60b8a616,156feb0118c7c33882b99b174b46157571173e247b7044d378a730127e358e30,84a04295d0a57acb215ea31f066dd31b938d056275353d445629b326bf2817a6,75eeec3f616e5ec4de16719fdfb2c254f2902bf7bb01369bfaaead2670044751,2381c9fa2c3acae9fea955d9bbbc38535f51cc23bf8b1969bd65bed09fb8d1bf,0,0,True,8,8,8,sim_common_q16_v1::ghz_indep_qiskit_8
2ee0520922c4008b4c86376eec21c0c913975b3ef3325dffb48d796ef79c436c,c44f4830aa053f79e3244fff6d1b36bfbb61d188c278a9adcdedaf3cef96f727,63743c8b8c58c19b8b79a943f7689a0981a20804c03503f661faa58c3997d67f,280b9a72e784c704fd898d4d1eca6aee12323f6b7a0e99e918f4f4d4ff3b92f1,094f8289ba081e7305d696a8e8c82a1cbdf4bd6a717ea94123da581d1b8217e5,0,0,True,12,12,12,sim_common_q16_v1::graphstate_indep_qiskit_12
2f497b92b87e3e9f44c1ae23dfbffc7309c1550756e6829eb694d42dd4f2ed03,c0dca1f7b88270d226bded321472c06d4887aea0505ff74a34c213337364fed2,1d33cdebe6bdb88d10396970d67018e12570a819925baed16b55b3de16edc49e,b75126eecca0bc36319544e2597f7bed3d28a459d36c6a82ffd857a7915c9273,bf117892ca11e51cf6689e1355636516a1283e1f8d77bcfbc51bca5d5f58e1f7,0,0,True,6,6,6,sim_common_q16_v1::su2random_indep_qiskit_6
3157278e31c54e80e45de35bfb793aac89eb413e21aabe08b2e0e140de8c0d39,252caad453b97d6f0481bc6137fe1fd78563527cdef7313119c0b72e4d6a23ec,9462ebe643cad5208030eec8960aef2d6dc9b7dab1bc88814de5fc708f48c128,d1ccd5238dc6b1dbab3f0ba1e2939c2ae337f7e2c627c8caf1d33edde368ae8a,60e72b1722e0b12deaf4a783b12a86f5c1f09a2cd4e3585f857d7072f562fe05,0,0,True,8,8,8,sim_common_q16_v1::su2random_indep_qiskit_8
31f7b2533d8a3c05d59b44a9b2d93f44bc48da630d1884cf9df0012199e10a74,2a6bebad3beb7b090dd27340dab14c6114843477ae51e36375b9d4a871f1afa2,3b21de13f3bb69a86a47b7825d4a332c733cb536e01addf33f1a79e4d5bdb0ec,df74d3cd530169c702cffba07cb44bf148ce695d50581aae89e9f322795a11ec,b40a89382b5a60ff375898cc74a7e6a6686d641716194c1098e231f5c599a2bf,0,0,True,9,8,8,sim_common_q16_v1::qpeexact_indep_qiskit_9
35548785a9c99b0ad9409f18dfbfc3baed0e1dcbb1d95eae8c8510dcda120410,53280e372911f1afb7df8c475967eec76af2d45a1927eef13c60583a7ec3e291,7992e0404944ee99d04d95108e1d77df7b0576c140b01ec6ea4fe834df5ca39b,c99aea4ae7a929360052bad20d4e570b8a32b2de340dfab8aeda42a205c5770e,7a9bfe142877aeb81c3eaf6420e2362a8219015b028f5b4af8ba245f9806c8d2,0,0,True,7,7,7,sim_common_q16_v1::grover-noancilla_indep_qiskit_7
36bb1354ff108648bc8c9c529a2002a53a68e4bfa9bf3529edce11e5d47f851f,946fd58e1002d0f520232a015cd811720b76a8ba5f6a8d2600e700da2bfc6290,8d441eccf5e453c754a1d014d05b935a678d6990c2fbb51c88caa8f5368c42b3,56b918795d6bb1ba39c6e1813ff98fb96af2841bfd08bf3fdaca345b758cc9fd,2bef14411a86960ece335e5fe60909e7a8e32d5a5a03c3792fd1418866356bf4,0,0,True,4,4,4,sim_common_q16_v1::portfoliovqe_indep_qiskit_4
387f2f6f12a10e034ae5b68c11336a9874e87f20871579eec585bfd7311f38c8,9edbe74b97d58bc24cbf5404772d2f766b25aae689cc5c51d512f07c19587e19,289c50c33a58de0ee786aa2f2fe4eefab63180a7d3d87ed6d46dbde9df229367,d1601fa9517277d8f89e4cd1560e226144189efd395ab7f44a54c395f60a917b,fb82f0868e24e880a3648c62a00942af7a66a0193368668aa46c811e09f414e8,0,0,True,4,4,4,sim_common_q16_v1::wstate_indep_qiskit_4
3ad0b753301ca6cabb4c6907263f2156d395ddfc86bd3c0815f38beeab37e41b,afdf8b7d68f388ff5c90d81a9ba1de3a1a3b5c522f1f5546ea0afbd09a4be011,88bc10ebc52d57bc65ee2fb901ddda164b1d3f12e3eea8fbea5b19d85a36e451,847ffa531fc25dda579d82182462a0ad203ccad5d3effb1af3236a9f33174059,3553b7b01bc48eb913220377a87117c5e365a266b5817d7ccc2ba3a86ddb3768,0,0,True,15,15,15,sim_common_q16_v1::ghz_indep_qiskit_15
3c0ed99f7e5a0409bdadc636b8b7a5dd911304ccbe2e87b32589b91dd44a6a5a,a11af2b7e1ba3e11f8e027088d09ca2b2dace9d458932d541071c7df0e004902,810cd55d9e038d2db1a6cb6a7cb7b90471439a8c33f746382af9e26a08f11b7c,91f0876c0c4807115eb768f587476ea1cca9dba6629aaed8d4b754b5b56f9949,221b0aa24b5da4f095fda77e47ce5b57a18fd3f6788f8a5c32dc2a96ccd3f44e,0,0,True,2,2,2,sim_common_q16_v1::qnn_indep_qiskit_2
3d37464cf8c53831d2867c0c111a83e03a820e90fa26f77d01a4a85f4f9d6875,2f76d0a1c501f6000a6d59b60ba4fa8c70f4a060bcef833be1eb1a704ed69e54,123678203483bd0177534cd296439cdb08617c59e5e0c904c906d8bf8cc7fcbe,2409cd20e528dc9170998023f9e6faa10fba24f5c4a5b915d5d6f7dd5bba665d,f57e6e6ec033a7b861d1aa999e70f05fd06eee28495061dd4321e6c68df0b360,36,36,False,9,9,9,sim_common_q16_v1::grover-v-chain_indep_qiskit_9
3d8107599f669ba102c734a8796433a6a348197dd98a74c63f172d7790b5c9a2,dfd7ef0efd9a3032ce2090d2b3fb108b29a5698c3c57fb63e67ea7b5eeb5e93a,c869ed7664337f520c3f0930bde2efae8163f59aff91d22b4a0e450f4b3f1c9c,480cdd787da8ca279caa76d51241f926564a3697153c78c5a9aa2c4fdfdeb13a,49825e86ba594d46ad37dc51c25e46bba5b1d3ed389e63055b8300243bf85864,36,36,False,7,7,7,sim_common_q16_v1::qwalk-v-chain_indep_qiskit_7
3e0cc209ed4239d53520cfc4716f906e73341c480b4f7c966c0962cb8528fc90,6665ba21400392c472e9e1ff91047b5f70fcd54f3a6c41f33740e6980859b796,f9d813b58e03f525e820da7990ebcbd094698e4767d09d02f206cda76eef33af,70c01976bcc4d8da1a3c8817cf702a144c5e3f48287f533664816909d3dd3f46,808041a1cd7f59a4c66fe5c3ddfd006310a0b2efab4ebd16b9522db32cb64362,0,0,True,12,12,12,sim_common_q16_v1::wstate_indep_qiskit_12
3e4560adf43b5c5102bf22f235abcb9dd2ed5e34930cdb929a128226f96e4ea5,1a9e2c1232b53785a232b884a8f2023a537b03895580b45ca6dbecaec0672b4b,bfd3889eb8c9aa803549fbd0ed91712ceae55b779650937017a7e75d0808dfaa,28ce5958c3105b2b9eb723a84ca71058f03936aadc56b0f6f1f87102f43ad1d8,39c9c18f92788700d897f599f9be230af7e12dbd2761036e2710c41d70a3b2e5,0,0,True,4,3,3,sim_common_q16_v1::dj_indep_qiskit_4
433844fca892218b1218ca028aafb0eddf1929d5ca52fdea53b3cb324e4055bd,a5d377bb1c4987eb944be946fdc55a5539209a6fdc868d074186a0b94a768ba2,00c29b21d991ce718151cd8d856abdb39dc6b8d091ba03e13e79f93b197c448b,7df1a9a58e980c3923052c622c5bdfca36b498395b9ed42e466bef95e6b85f15,9a36ea022f9c77d987a3acba9a91254cc55e8cae7801b6b8c2f2d06049ed6d03,0,0,True,2,2,2,sim_common_q16_v1::random_indep_qiskit_2
451bd8177acaca0301a8bb4d61cb192f26dce1f81d8ab04ca0aded562d525c58,026bb6be00d9dd384fbf80ecb4e90a877b7b2b41bac97b7f0aa23af764c026eb,d330efec98247385d2f212647fe9b1f4d855513ec62dfaba0de4e3741e56013c,1121fbd9286ed1be92a58a9581d2a792581012a1d825f6badc457cd8683d5781,3f43ab4f1fec76dd14a3cd66aa0dd91a88ed6a40ee55938246d53ae357e31a2e,0,0,True,4,4,4,sim_common_q16_v1::qnn_indep_qiskit_4
45ca196e391297302c92dc6ea0fd119efa62b2ee88e3b85260561e5fbafa7400,afb622ea30fa662b4e57d6ba49658a323a68f947295033e434fedc832e4cfe89,a78cb010d42422f1c8be9eec960b8adeb7b1b6f2e471b469371de94014e0f3d7,a1513553a7f96b86645023e700ae124a1bd0a0aaf8a4d242443703ced050fca3,d40b3b807063dbb12799ad31131d24acc2fc88f664dcd35d32cdfa374e985239,0,0,True,3,3,3,sim_common_q16_v1::qaoa_indep_qiskit_3
4742bc45e20427beb9c5c36210c57b57d7b7c4d8b624f7cc44d2f897c9652baf,22389e29cf8d35387d49d8636304dd171abed341fd75d7af2bcc5acd528f1afc,b5c3707162653693baed38043b91f9d86efcfb523145b75f66054e3b74daf8fa,026731d00c26f4b3132ed57abba72e291c4adf95c95b9e7caeb5edc446c9f79d,ffa23d4822549d5e562d968c8bfee88cd9077e9a5e3fe827fa390a31a8f879bb,0,0,True,10,10,10,sim_common_q16_v1::portfoliovqe_indep_qiskit_10
47e6743e95c380a13dc5947d9e9b3db26e541efabd4a27134ff26aa14c00ba7d,876299b6516ef6647206dce082be97d05061d40a714d58651df2a88a8681d4d2,a154aae4873a15bcc2c8402386146532c062767660b8dd70d2f83bedcf631720,86fdf6574a1b0fbba9eca3d9d7e73b8d899a292c082ba5c7813dec9e70b325fb,5476a4da76e043fc517ab39a78001590cd0187f8d2fc3245a9b9fcb24f97bdf0,0,0,True,3,6,6,sim_common_q16_v1::portfolioqaoa_indep_qiskit_3
48933820741b5cee2b9219784648a46db097371d96c60d0c64977315d1f30f78,7e909be0e141cbe12fcf4f1781d301956696f6aa2d9c59be54c11d4d14a572be,0128ecc9dce476b4890837a5b130b58eb678c67301097e523f36102b8eba578a,e1481f793c838f3ccee05fc05e9f5eaf2a45618d216a9297fb00773559f1c60a,0c7e5f4a58bf109ac7cd1f88912991570f2c86df12ab1a39899bc9a9f2810f62,0,0,True,13,13,13,sim_common_q16_v1::vqe_indep_qiskit_13
49a5caaa90a7d3dfb1f6ce952db7291d926e28a14f7591b1d38a3e82b2874776,b5c1ac87fb58d6064854c02c8b5ba39e78c6a4afe1078d373ec0edf18587c5d8,a99134782d005dde8825236ac78605e0751e8a575756ed45ad52829839c7b386,e41fba2e9ca8bbe278da5a9444368554992b818f89f529f6205625fbbde494b7,47277430e1da28f60886852409e41184336e2ee6bb7ccd9fc7d35eea3caf475d,0,0,True,13,13,13,sim_common_q16_v1::ghz_indep_qiskit_13
4b24f68f78c4499a295ab28caa04282d174b7ab2a6b0f5333d3bfe630df72f71,ddbb498e61c6c3322e95460ffeb84648c567e34be919a44a97fdb290985508bd,e6224b2ccc76ed97602bd12f202b0a21cf9b6695e4a0fd9a215806a4b0c69e49,4e762901f28dbd5c938465f94d6b9cf62bbcc9d232ece8ddb8031ad4fb571a05,110fcd73c82bccdd084366809dee8a6bbaf63f220895a2c1155cf655b0b60ebb,0,0,True,7,7,7,sim_common_q16_v1::ghz_indep_qiskit_7
4b5542071ea595cd62184de26c4f1dac3f6afa86f6450f50a28dbe8e1f865257,be8704759e0c7557ad59309cd6330a51500333e07be0754c0ff9aa8367130511,f86ecac2b4de5c19e73ad24bca5952219d73386d258064571a98cd30dde89ab7,35c8757fd8701b219683be62896742dbbf06ae104af6cd8538b0da3f59f5c76c,b52e42fcec657c95a0eb2c8b43b5d108578aac8af9bebbf58b0b3ae3924ca428,0,0,True,3,3,3,sim_common_q16_v1::portfoliovqe_indep_qiskit_3
4d5b55eb4b8a0aea0af4bde721618cbe79ed66e0636398ffddc79ace483672a6,c39d1084d76ae1773cf506e8bbbe2d1496a12437a7c4aef82e8cc5f53903d745,2d4bf79fdfbea75cbeeac5b85ed21a159b17ee5c7201b6c1a0217465f0273ff3,b5381c6e28bab51654452c97f6635c13225c9d25f57869302a174b6a9eb7e7f5,185d1e19e46a15eed9cb6b275a099341b6fd329e7b9a6621e4813dc74cd59fb8,0,0,True,6,6,6,sim_common_q16_v1::random_indep_qiskit_6
4dd5e72918722dff3c88e277e20e3ecc1e06dfd0601343e784eeb454470800b7,6b63bd200c29747c294d34caa24b8430159a91bc0b2d04bcad769a88ccb21b7e,c7910b16aebb9fcb581c5d51fc506d4b9e360e21f22c374a7da361ba73379998,76e554b1e422e714cc32abfdcd8a0c044c0af34aa6ed3438e854319750bee72b,93046be6a6421d8255f4ba498209b557cd0114d531dab7d0338e95eff563b49c,0,0,True,6,12,12,sim_common_q16_v1::portfolioqaoa_indep_qiskit_6
4df5b36e58378649053c461bf5ee1478fa114ac65c0c14551536b820ce8eafc7,887cffb2427e17bf5621976aef959dde48980675e601a3a95ca66fdd4c7158a2,32bb854876c5b72f99a3f3eaa1abe374659932ff8ab2f95f044e1ef55d93a52a,81027d6e6ddfee201b57f010fd9d1e72d2095e37842868b8a3a89428a1c1fc8a,f2cec9c4557b46960746afdaecbac3529033ec3fff2ce1679e65584e491084a8,0,0,True,9,9,9,sim_common_q16_v1::qnn_indep_qiskit_9
4ee5846eef239e2b0e0d3f950f78b5b4b8af213f0063eb50be6bf50bdbb4385d,67a2d2d52151562eaf225031db5bd7ba4a4361b2f6f07bf241639576bc29d7c9,d52a0416f5193ef1ff3071ec0098b65058a3ed08bee260c1cbe5c41abb7bb601,b012c60034b5d56d6833c3a3e6f2f847d41be508eab520e54988a14c6c9c1226,1df6f7fb87e37cb6ca43843e21c54ec381d77b2fe6cddf2ff24bc64f289de1bb,0,0,True,5,5,5,sim_common_q16_v1::qftentangled_indep_qiskit_5
4f2368cad1a087f01b7598f13a9afa3b7cea2d6f9e96f79eb390f62213c97af7,d684beb4054e5de087d2ed83ce4e3cc030a08216a610fe4788d7e659df979d00,4edfd156c7f8429e5aa2f1f5e0ac03f508207ed0014509a2d31b8cea967e9a70,1d65bc6b44198ce66369ce2f1dfceb0167118c3e9420e0f9ef6099556d562bb9,23d9ff5fbddb19c1fea5434c9ef9a37688141dfebe3c2ecdea1cf05781c0f012,0,0,True,7,7,7,sim_common_q16_v1::su2random_indep_qiskit_7
5042c6dd513b1366c0a145850de9e534b0e38aabc818b994ab8c4b6cad7ad5c8,8ac121db12757a62d9da99bc8a735925e7b298f7f80cd15914e0b3d27828e98d,4921bf5c9108cb39f45a8580437241817a615c10690e1567c8c78f5b23dd492b,0d8e42d33b7909d3ad0e6b99678ea61220583222d68c8c04deacd3792fe58556,d23f5788ddb091ea79549a789c3d0a1b4d27d1572b94bf9af391b0279672a075,6,6,False,5,5,5,sim_common_q16_v1::grover-v-chain_indep_qiskit_5
50a5fc62010017f60b77f8c81e9ddf9bd95419be272d2ec5ed1445aae0c7ac92,3fea1793c180a6c600d5bbb43f7d24eb5b9fe6e5f32fe8f53eee019450834ea8,981c1d9aca88e76cd54d8465a03c8a860e98e17bab733fffa004be72c58cdd18,62e85afed2ca1d6d83c74857d89abccb69bae5431f2e494fe1b42598c34753c3,657a8385f52d71d50bc8c20310829015d43e2f458069bb92c2a6520ddf5c6638,0,0,True,3,3,3,sim_common_q16_v1::wstate_indep_qiskit_3
51e3c5bc60da502bf92a6ed65a7c728a8b957b427652ac8fdaa002b9afc50d40,0433f247e9a28c2e3452143b50504648ccaa7e6a071400786b0c81dbe7801cdd,197883f85a0d54bdb28389c0652e9545f7b583608011aeab34902c33ce424166,d73ffae3671a3f3e435da6f40a1f51573162d51725dee0f4940e5b00fba9ec1d,5c29126852b88ea0a4d38376cc015411dadee343c90b9490d3688c05d308eeaa,0,0,True,3,3,3,sim_common_q16_v1::graphstate_indep_qiskit_3
551dfe6ad672d4157a761610fc4c1061ea844868f2106407374764552251d63a,ca9d2c88861e264c9edb2f6507419330b221110b9f25326777d897e193c7157b,02610d5935cde6b50302660e47d13e91a06e3f5dd04ff75005ffe7c0811bd421,c43b77ae10a269074ffc7ad256b5c510defd1ea6ab7b8d26d7bddaad46abc77a,baab099856c6342191d783194271ce5c2b5a25579d267c41e87a6d2364d6dddb,0,0,True,7,7,7,sim_common_q16_v1::graphstate_indep_qiskit_7
55746e6a2fd8d9c4b8c813443f2db46b072f75db1632dd252298c735fbc72bf0,d6530bc7b27009887ae8f41ff5a613df9ece4f33440aac463ad6cbf264ef9348,85ea6b1f06fc3fa5acdf432cd0734f10ccca2416bc1ab488d03a458333815eae,25b7661b728c74d2f2bfac2fdf7c41f770d9197f929ead2e2726e140533c8b22,417735bb8a23af06754886cf8da88b0506bdbb5b65a4b006fb65ddf8ed8288c6,0,0,True,2,2,2,sim_common_q16_v1::grover-noancilla_indep_qiskit_2
56289d5fdefe63c89244b0849f2e22753ce30832776d74b79de4603006db32f4,475fd726359a93da78bf8ee5d6f1210874472b046850b66260957ab40a2f63bb,69a2862009e52c5ad80d9b9c3edfa3678da40bc288be273344d87ba5b95eddd7,ab9b109be9c521dbbca2bf10eedfd762990fa16aba839f67dd5a4eba8c69f1f9,7d1ba08959f040e4110a54ff78c7a6df24560a64372e3dcab614ef27ae536c76,0,0,True,3,2,2,sim_common_q16_v1::qpeexact_indep_qiskit_3
568570a69663949a1aaac2fe16e74d3d065c7a8e6013e21368a9d8add886d6dc,b046f68010fc0d59c68a4172ac95240be2a47235cd213396f06cbeabb8f63d3d,2e64df87e2891399b63232f33de6d8072b8b39365a80abde493dce993bbc9772,efb35e9ee849af29d8d67144bedcd3949bd3b74e4dc312402704141e9fde1f8a,94c3598c7283e760e99a2595494148c92f0ce75be4c3aed565b8849ce03ef093,0,0,True,4,8,8,sim_common_q16_v1::portfolioqaoa_indep_qiskit_4
58501be4f197f4efd57535977a245f6adb39216116363b46836664cd6ca29e10,862393996ee3e6f807ed222123fda4454a61495daebf7dc581d4525da9a0d30c,2089d98052cd81047cc7d556a7062d64c7441f13e4a980cb795fe4c33354a7c5,dd6881054031f506a4390b6799b3a1486054ce7965194a2608a7cfefc21822d1,d3e344bb1e465ddc94a7b17da02d1a9d9aa5d37e866bc1ad65696812d8ff5754,0,0,True,6,6,6,sim_common_q16_v1::vqe_indep_qiskit_6
585424315575b559a664523f6ce6236189739069b3872eea4ccdb995a29f8701,90f532d7bc4b3e37c8623f558488c66bfe4f2caf013b928317857052cfca6d2c,26b22f53561e76acb4774ec205e1b259616a869f7484d3bc983cc57ad0b6e345,7f15f55fe18399e34b1aa6801b206ef1fd4294905e81e575bc1a37b7acf3e1c3,2668cca911591281ba1ab39109dafa4a68aee36102bb7d41f0c73c8d7d864c38,0,0,True,6,6,6,sim_common_q16_v1::ae_indep_qiskit_6
5ab4253ed51b729f331c9f3cc78bfecd3ecb2fed2e98818816bf3f64e22f1bfe,7e316b485b4e2aaf18aa61414caa588e90c72964ea5b88d5fa6d5a9d7c1083dc,3dfbfc6dafcd7a9e0b39951c885847789d46f55b5214e525750453a95aa035d9,39a53df374ac9f7dd1316dc06e684f6e09efae3671bbdadb6533235d6da5b0cb,06bf1fcdf82c8496176faa1b86c1db11ca10b866b8bfdb7e23f6ec3d881c1c7b,0,0,True,3,3,3,sim_common_q16_v1::qftentangled_indep_qiskit_3
5be3ebd4e478958d8e836b0efa546ad3a2fc3f0b113f495f81495e901778ee8f,88a065a2e6a534626dd0003c99ef995c0e8d49322236686c2a84ef8e9a352d56,8ff4f462ced3fbda6ab7bf55ae65a24c5010339977463fbebcee80aa57fb6373,bbeece41377ca16a7cf70effe6027ba6f5349f20ec01119fb970f8f48ac84082,05ff4f0f58a5625f47fff68bd4cc380d652dbd90c85668f95be250a868bff39b,0,0,True,13,13,13,sim_common_q16_v1::graphstate_indep_qiskit_13
5d3cc38ff0e2b9054c927b6309c6a8dfaba491733eab08b06cc06f2d333da23d,1cc6749e3c8c0098e1ac86bebd52e6314f69191dfc075ba6bb134539bedcce4b,cac000163d0a261ac1ef0afb3699de052c2e04bf0bc020cf50fe248ab24a0359,dc315a590b3bf04841b66fce8270a6f86eb63f62550d14424a156c116a9b577f,d81b1e34d636d35169475b25b696d6bef7afbc317929928298eb21063d1332a2,0,0,True,8,7,7,sim_common_q16_v1::qpeexact_indep_qiskit_8
5f9b5fd6cdab5be5699c0700197dcdad1f4c09772ac436ccfccae3e45e9f240e,694be78177f979b0d2410282fba5eb90952db9e6a0961013697d2fb8a4e64a20,1007234323853451c681f95f2e5599c42b6c32195d41e8831392ce7f33661240,e5c6ac67afce69773eb9def59aa83ce453705f842eb3dea4475e4529504ed9af,54760007951aece284f1537d83315a7cae9634f669ca2059955f3dcb1fdd4172,0,0,True,10,9,9,sim_common_q16_v1::qpeinexact_indep_qiskit_10
615d076a941f3eec9d225a20b894c8d30a0c90d4834d03fa0ebd5d13e4b46ded,055fc4a447d2e9d86fb626e5115500123e6815f624a611b5c4853ed3cfee3baa,0c2d0c2cd9fe384a6f431b03164f299620ce082c0c7a0c4f594bf91165cba41d,12ac215460e305d6b1eb50a90687703eec41e7e433ae8cf4ca6cc580debe81d9,fb58026a5d966fda21e86427ac4e96eee3ab91efe0938a7fadf76a4600b88bfb,0,0,True,9,9,9,sim_common_q16_v1::portfoliovqe_indep_qiskit_9
624202a633f5257d888bc1f452bb286d74cedb1d44403d8d9a0b722d72845e65,855509079363e05cf24d74b3d0c39190991cd71f229802623d5038b9b3c35042,81a3769cfeb99b310fe5ecbb05b1876c94756381754e8029ff407f30773ff087,3847ea5b33264212aa49b6acb162e14a0544cf1895989363940e7d13d0fb6e5c,0d6dea6af97474925d5123f26e38cd615d40cba06048bbda157ad1f1309f3d51,0,0,True,10,9,9,sim_common_q16_v1::qpeexact_indep_qiskit_10
63b92ee6c5b54da107e9016de97e2cb7768bfb970ebc025650706533e47d3caf,4cc9c9c4cf44375b9a72dfce5c3033bb15ded822949ed148901b587d4225f76c,aeaec941ede7580ea622ffb475b92471259b970c9e9801856f419f647dc31ebe,2a094ac535edde2efe64b5b2155f1456836c522dd34ee77500afdc61f3469dff,733ee38a29c89c3db3dbd87c5d25f7a965f96c15e833a252c84ce551ec4490a3,0,0,True,7,7,7,sim_common_q16_v1::vqe_indep_qiskit_7
66c9180a271ec04f728ab259ed86a24fe52676e6f40a7614b02f79fd13536c91,d2d90752f58cafb75ad5bf596d89f820f4060979d84e2ce4fdf3694c4b3814fb,66eb7a55982686aec6e1bd74a168ad029d22d54d51a07ce6a9c3e683f074ae2b,607015aaeb01d35d564c0972c8ddb542196e9f1ea0f09a2dfc5a2014f7dd9a03,f3a8cad7810b6370c48b2ba093536afdf8d65b513c0fc498f8d2906272665ceb,0,0,True,2,2,2,sim_common_q16_v1::su2random_indep_qiskit_2
6a475a20ac3d09839e2b43104ca187037db5ff813b811e0d7356adac93d25244,e1c5a41cc677cbee42ccf2da4a34540778a602aa6692664300e5b4e6361ea5b7,c08fc783678fc580fc82f6665ef58b59938ac4afa3031b40ca86bd976a8247f8,c96df1307c4f28a30c0e2577d231d30d500b946390fbfa9c7e82407dd8ff1587,e5e589784b610f8b0d1f19e01897d3aabe51f95c4ea98a302e7c006eadb7dad0,0,0,True,6,6,6,sim_common_q16_v1::qaoa_indep_qiskit_6
6b2f9fea850557b40ca9b69341ec300b1c4fe1f4bf53e94436af2ba1586bac62,dde4143aae64a3e4df4fd10ab965279b0d8c26f05d6c4601f809639f4aa8ebab,1148285f9ebc12a6782b6dedebb4950f53c5c2ce858dd3d4f265cb11e5d5abe1,66baa9020fde078c6116e3ff212137d6b95c010d6da97ca1e21d6132a1fee49e,11642d1322c138bbca51f774592b90910fa9ecaf786d77fc1728b1e6807355d8,0,0,True,3,3,3,sim_common_q16_v1::ae_indep_qiskit_3
6cf91acdbcfc0321d1ffcee7c2197fec29f2b9dd83e7c3b56dbe8d583332ccdb,7acfd2a1bd1d4b3da909d0190cc8149d1d4cd163b64e1c1555fef9684213904b,cfa1de4aa9b5ab4671b121e99440ba0142dc1c2e69d8073ed36a506c49befc4c,b64e79f0bed978f43750f3e9d0f1ed9758096d6b2f964265a55037b5b0261618,1a6a53813117ac5a45bf1f3ad248bc4a1aae6616234ef6d075021c367b55ccbe,0,0,True,7,7,7,sim_common_q16_v1::qnn_indep_qiskit_7
6e066adb38de82d96650b3f806e398374e88912fd4688ab9c98f3c94dcd33e16,c99c1419ddbed70ce0fc9baa9e11a31cc503503f35626dd955c9f768e317033d,ae6d75aea3536673c72e90d6632d4bbe62e8f07f931a0a6c108d14f1a2103774,bc301afa3cbd9359adc99da89e7adc10eac8793ac7b412665dc6010fc9ed63b9,43d70f441dc09adb1f2d78f10969e410efd6af13082ec10010ef83f38e72fe77,0,0,True,8,8,8,sim_common_q16_v1::vqe_indep_qiskit_8
6e22631a790ecf6a720317aa23c214e4bbaddc0f2e61cca48625d9888af42a4d,252a364425375f88faeedbfe04a8686b8c00d4833d7dbb709921d8678a98309a,9170ac112ee3176409ed44cd401276a0c656500aea0a8ab038b437e3d3321344,9e6f9ff794775c30860dfa76c47a360c21f1636eee832845de60023fbba60ccf,82dc3dffadb2374adb4f3907ae3ca6a4eca99c631751fea1b78654b13801bda6,0,0,True,16,16,16,sim_common_q16_v1::vqe_indep_qiskit_16
6f9d9f5585790845aaa71003b1c884eb68b73d3ac0cceb08ef61045cb15d9de4,20da868fd82f944edcf46f6a1e7bdb32b28a38d4496c56b068b7e9687298e1b2,52ee3c44578dcf9fa5ec878ff73fd24b8d211a36da34a3a7f238c42d460400cc,b562aa7d00700a300b3084a4d5baa760a744e5d6ab926b2762d2cd8bc8b08720,6c5c755ff427b8b56717f31d748cd1504b61e52406ac401ea27d0f8942f5d2b9,0,0,True,10,10,10,sim_common_q16_v1::vqe_indep_qiskit_10
7141eb937a5e6954319a9592f1db6b86b342339331afed26642ca653266f3b3d,7b449d67feca09678cef63a5784d1875ad7a43d7ebb604c31fc41aec05b1d951,2e7841ccf8941be7ea56a9c5a7c3cbf3c7416f549640183ff342b029e3929807,1b5a76fd1adafe88e651b89e62d210566088309936751e93a68db213ee178195,a2b571d5bbbfdbfa29b484852dd9cccd78362cac92a55d9d20cbf2ad91c2783d,0,0,True,12,12,12,sim_common_q16_v1::ghz_indep_qiskit_12
720a3cec5f9b39a53aa0d59f0ecc24f42f2948fbe56164a033262c628e2ba875,89d4c500ef3565504f5710067ede3e5d971ef0b2c8601f9564d897dec8fafe43,45671a2aa4f37a626591917c05e63d09a3da93fd573bad4b76e2e44cdb722663,dad90fc9d1d56835daf3c40d85c6aa51dfdba4088aa4fb788bf190f0a9a7f40b,1455c5434f8ab25a48748d73d6bd04bafb33af79e59196c50f44d4d9be3a2dc3,0,0,True,6,6,6,sim_common_q16_v1::qnn_indep_qiskit_6
72fb5f837aaa2bec862c3a477efd166f351b72903612c32d444704a431457f4d,6d86b53f5ad37d4d4467cc05c73924ad24991f0653fa2b92f940da5dab56ce13,9749ab86efe1ceb7a7700bcab3106cfd3ad61409afd010adf0b90a467c358e24,6d051eb416bf50196032f83c5e51a62e9219bb05ebcfee9b26879989aa20cbcb,8dc7dc3f529d8a97a788bf8056fd769464a6d014f0fcc47c5b860903e42e709a,12,12,False,5,5,5,sim_common_q16_v1::qwalk-v-chain_indep_qiskit_5
7344fd4d264c475e52edca02e3426225c78af7ed0bdaae137741a04685725a5d,934ac5766a7ef5e6e1f3e5a5f31a09a2947d1a046d28f683cde441ea1ebd1cae,2062a4e55b16094c5ffafc192514eaa9515e6bdfb8152f3b112c96ff55015bf3,d4a2fb1bc5262f3e91ced42368d994d32d6cfc6c63218e9ccd1d0cf2010bc7a7,f393e00d4317dbc25dce137be60fbcaf5fa1273a7582c153a42b43d57f63774d,0,0,True,3,3,3,sim_common_q16_v1::ghz_indep_qiskit_3
73abe6179f1e84e36777e1d953028143ee3ff00662ddb793d55022d9344b4940,7072326fa650a824d586c402c765a48341d839e81c79a8161ccb2bc01d8c86b3,e8eb7a247daea57effce57de404dc625d8095d6ddaf5d1432dfcfc7642d54695,bb472356381dbc657dd1e84786810912c5c730f9692f18b8017cf9ada8df5a26,42904953d2072983a08529cefbdf17265736387a4475b25b2d782e1e37766ab3,0,0,True,7,7,7,sim_common_q16_v1::qwalk-noancilla_indep_qiskit_7
7414458d71273481eb7ed51d3d6509bb08b5303685a00976814ff618fd6af25b,8a7447b22788170626f38ee42ef48d9b564c061f5d617c70ed0936dc068d7aed,ebec47c75b691cde44d3ee84eab668423aa6994598464b8cfef01b59b5583b76,75a6f82d3a5644eff38cd81378be8875f3dc334b6bae44ac193504d2e9e84066,7e5f25f3b0e94159a72c0be792af9f8e44837ba7577e0ce7d4947b979d969c37,0,0,True,11,11,11,sim_common_q16_v1::ghz_indep_qiskit_11
7478da09664f4489c33c18a6ea1974cc9dea86d1adda1f912c3eaeff27c2d5fa,8331fab55384387361b6d38a58df227210a27d49775f5b617a9691318eb12895,ee54b2a67538997f132a1da98203d3a90950a793eda8f9327da4f064250e5c4c,19471ebdc6df973b261c1611cc1c846121ee9a7d2f2f0b7b2cc2f4e382b541cd,2b6f3f010d53366ecee1138429dc69def28d3098abe50cdba98d8fea8923b89e,0,0,True,5,4,4,sim_common_q16_v1::qpeexact_indep_qiskit_5
75b1db396e34d1f1b234ea8dcdc253203a770cecce7f48bb8a126860723c43df,b20f370ad28adb170f46fa801340c2ab624dbfa288065ecd1dd8f19a3eb76258,28e42549bf765655925da2a0916c1b37b45c1a4df1dd83ab9a6f7c6986a0c6e2,f59a61ae67bdcbc89e2b061a109202f4b6e7c35dfd9bbad3b57fd0c19c52778f,73f507a792d090f864cffb2cce271c03a32fe65ca07c58fa5a4c64336a8acf5a,0,0,True,2,2,2,sim_common_q16_v1::wstate_indep_qiskit_2
76a18b31a378632c587f2bf5fcc23b64e57d9593addd983067ad5df3647649d3,783931f8df3c9dbcc192d9b6488a31ee1d250dace145ca1e3d29f224ab491581,7e0314ffe38b81a015e01a7b1e6ae437a367e8ef9e9a38db1132e46213c35495,ccd0366aaef4188fb3e5fdf555256e6d584ef1a6b40fc0f3e171b40497fdf18b,01c807f2c4855b1e2868732bdb77b0361b868922b9074faade52261cea722d47,0,0,True,13,13,13,sim_common_q16_v1::qaoa_indep_qiskit_13
78937efadee977d915df27843787e46517b6d5d7711b20514d5e854611fcc6c9,42ba252a996da35bd2662c6c2d73cd93e06f71a67a58d8b5232bfaf9ef98d5fa,8a9488f9d6c75ca504c0e5490c35eb42eb002a5b22ae7eb27075a318f4596897,ca43cb2acce4e702f9ecd2c0550eb7467a5fd7f7800bcbf689a531c6af0c00d6,b3a0cb1d25082378a6564068bd7252c0f678686dca1a16f6798119f3f6f689c4,0,0,True,10,10,10,sim_common_q16_v1::qaoa_indep_qiskit_10
78ad3c5b3703b2eab8229c1bb5133f438fc458f489ff650fdca1fff38fe922f2,beb607bb450bf3307c0d19b891bd598768035cf39c29291c58ba36080119d9ff,93255db09f4446d507a57af50cab2a4b89ab2400cff40efa0e0a19b17f3f90d6,aad9ca1a9eb0e24b436ec95d24d70e315a2b96d8854645128b8c6a31d48c3ee3,aaa026bf786790b0b598dce03c5d69b8fea1415e95a97b9cd28cde776bcb9b36,0,0,True,10,10,10,sim_common_q16_v1::ae_indep_qiskit_10
78d3420407751ab52a65abe926510d585ebd3a5d1934ac31c13b28eca5c5ee8a,31510040864f17e1f8f5bc91fd8cae0992412fc26c85a9bf98f0049f63594911,dee51507606e6038f840328f309fff4a7094ac71340fdffbff24c7a2508f6eac,9078f22736e1ff0f64f50d1a46a7f26f615023781d1621aefca0cf9ccb7b1011,ae4e86bbc5f79047ff639bcd042a3c1d1920f232c4e74d8b1a77c26ea80aab63,0,0,True,8,8,8,sim_common_q16_v1::ae_indep_qiskit_8
78ecec267502f433ab148452979221600becf679520b50ad454009e0ca097af5,6a1e9ad4d0eb7eadf5866fdb0f7336b910d2f9f3db7bd92077c74ee0eabc5e1d,53bbdd2811bba40b3877710d43b410edef994bccfa4dd34910fb707b16449384,0307854cf503791081e35e009e1d5cec32443e22dee2c95ed6b6da62322b3955,dcb6034395716495bc2943953b78e8137fbee2e4a10090da6de732fe76a22b14,0,0,True,9,9,9,sim_common_q16_v1::ae_indep_qiskit_9
79b8fdfbfe6897a226612f9b9e27a4533aac4b48258335fb7746c5f10989cedc,c64875c1495389cbbeb0c8f5be8cc10630a307b57ea2f28e8dbc2ed624265924,6310a2395bdea9b3a496c33af5d7aad8ee1d2227fc399f427b1843c535ae441f,d4752c0ebbc746c6ade2e68feb909def6fda18f31b9f1a0f3175b3ba19b05c9a,b52fbc4a0970d80bf357f08fa7a30179e88106fe0cf8d70a48f6c196edf27772,0,0,True,3,3,3,sim_common_q16_v1::realamprandom_indep_qiskit_3
7b944ad7e38d98fae66177b6c014ae2878d62bcd1765103c19941653817e7996,af7629effe848c8640276a90488cc0742e77184643c2b6d4384d619757633d84,2081e6d60afcfe6b0e0411f438f7614e697fbb620761411507217a8e022b341b,90731c421921a0816f41d73f970db2baa9947f012a83da742d87701cf7f78ecd,81857973907b418b69c99d1e9b7e3ef73fdf83083a9ca4e63a7e56b63403ed60,0,0,True,6,6,6,sim_common_q16_v1::graphstate_indep_qiskit_6
7c8832728feaaf34fac1fda49dfcbfbf655902b5b4eb3f1b11e43f21d15de5bf,abce7249d67cad30e318bbe036190dca95605f89c261b4915b4f9bd3b30c0258,babb990c16d43086d4d07c81a74c4fc6566305b65c5ecdd57fb820dea6a2ae3f,5639de480bfef149450807759fec2a8aa37388a4a25209608a497a7071aac367,ca4f9121297c9cb86b5208c101c73be49d0fd6c9b7bcd83b92d9183b8841881b,0,0,True,6,6,6,sim_common_q16_v1::qftentangled_indep_qiskit_6
7dafebd46e73b9b279f1ef96da32f7d563de3721b856b4570375ab81951e06fc,3ed8bea555bbebddd46017e7825a68e654ccfdb556f7d749b751871377d9d216,5b2b81e200d2bfc00aaa825ef905b740bcaa09c732ffd8eadfc88d32c0c97434,69fc1800626d56e8c89e1f12fbf09d6c96ddae24f3e22cd30551019e7514f940,29892816f904eeac5f467cd7ca78f9c647ebf3d1f6173444ddb23d2fcdb00f47,0,0,True,6,6,6,sim_common_q16_v1::portfoliovqe_indep_qiskit_6
7e02b8d5bbea94c5e0eabb2edd6a74e15949ae6b737fabb55e66a61d47181912,c77f628ce9057c215ebad9d1fc5f838169a1bb7dc4d39da36b8f4deab8738fea,7fc43392b609fc7e29d987f5593f10dfbe77a6b59dfd800f8b633e2dd2d07675,3880c2ecf776dce6b8c8ebd3d4b2612b368afbf55aadbcfa0384198742766fa6,6944719cb9d3e025345b7d0408657e1a7f020fe8e55e5894278d89f6f64f75a0,0,0,True,5,5,5,sim_common_q16_v1::qwalk-noancilla_indep_qiskit_5
7e4c1e587caab49b2f603082271087b5927debc711cf4cd8f79bc09210709e72,82f551ac6e138d93d75a96408ecd39cc1057e2d0fb8810f8108e4bb7bcbe74bf,c1c0dbe3c7d053ef9ddad3dd152cb1d5f5d10d21c4da19bee4455c16874fb951,767c4d4c8d25490c8a65736215e3e0bde944cb5c4a00014962ee5acb459928e8,6f1709a1d276747dd6fb9e1623428f317e477525074af1981bbbfab5594ccddb,0,0,True,15,15,15,sim_common_q16_v1::wstate_indep_qiskit_15
7f613ccae98ac8124d086ee9a39d94b1ed019520da8c3277395b109fd22d7d4d,a432b34b2b58343697e308372c940728055e1a0f399caaf5f4a8618a82b15ed3,71161fa9f0c56f311f4bf7443f41031077d1d4a354556189367086506c53fa34,a9c92240f372f604704a229bed9de3c216afab08abc25d2d604a03ceacc54ef6,e6e8d70eb495aaedb504ec629b6e6462047f5f4064e086345ac8f93006a50791,0,0,True,3,6,3,sim_common_q16_v1::qft_indep_qiskit_3
7fabc879bc998db5c05d7cc5b83db2d1704d7587139b714da9cf82639f4f093e,03787a43b8d66f070ea273ba005a6493416a954da2e78e0a456909dbe0f08ea7,be8656cadf38e8458ed6561036e022516292797ecb85ee5034108a2c6c2df0e8,c048e9a7d31bf6e6b807b07c2876986d52ee48941ca7ceeb87d643e83863a186,67ac45c46c39a2ab0525cacd5982a58938b5f9736605dcb5405c3a25f5e4732e,0,0,True,4,4,4,sim_common_q16_v1::su2random_indep_qiskit_4
806f1844d225682cd7d5d0b276b5567caa23697f73064d8a20347024bb03fe40,e2317a8ee5a2f9f7b4697f7be226b34047bdbf52e8c0fd5ff44fc70cb4ac35cf,92a76ba109b128589939bad6f7cfdc94c698d5506e7edf4394709308678cc90b,16416f0fe2fc62081fbbe485ebf34667030797026620629862a6c5ab51c4c8f7,6b8d4797abdf88aff8c33be62fc60a71463d89a235e6245bf9d6a2d1a6e1e239,0,0,True,2,2,2,sim_common_q16_v1::realamprandom_indep_qiskit_2
81a66b1daaf97d148a8a075515daf8702349d257883a1dd88e26993c1622351f,3c2498f35d2efbc5b404401bd188e81a105e10bf887b59dd36c434d7711d780e,a8400ada4e40265612768dc9166ce583b25c86be68d3d3706b85e73f22d80bf0,40028a014644f1ad192a856954fb33c61f0647762e6f34023724b488e62993b8,2d3493f371b10f3008e51d313f0a3463798e26030e0cefffd55898d5e0a56b9b,0,0,True,9,8,8,sim_common_q16_v1::qpeinexact_indep_qiskit_9
82da8e687716ed31c95e72560edb07e7f6073a5be0f5ebffb17d22aff22c81fd,a19c19e1bebb8f989cca00ee6c5396ba4546d784fb9337626481d2ccb5709a04,380a65377e5fb8a80691957992d6b99d7bf247736ce422f351683e5c907c25ce,6d659478ba93df233fb3c9b7e22cc278481dff53dbb08ccbca424f66347253ba,829a18a6613ea4e559f6b61416fdffc54842732b93415da1d18ad5a1a0f406e8,0,0,True,8,7,7,sim_common_q16_v1::qpeinexact_indep_qiskit_8
84056291d9ff227b3c615cc378349fa1154f5a122bcd0eb6bc04045bbf3affa0,e4aabcd3c5294405a52d405bf7fa70d8c31488a5aa598878cf73c4b9077c8e54,1b8f2834b794637d50d8991963c6a2d35d0bf9e5e3123d1103d3965cc243d058,1630ed7ed003caa88e60f04794d9ec9549ef49c20a5a5f15f784014e9213d8ce,f827b98d0ba8bb66e93b298916c249d422396739b677dd05a13637fc6bcbc58b,16,16,False,7,7,7,sim_common_q16_v1::grover-v-chain_indep_qiskit_7
84c07c56eef046e3c72823b20fb674075b1ab68a85dc6a06baf7f35983e2bd17,4a8c5c07ca897b4ca93cc410218293e60aefc27130707d29b215b16292272130,0401ee2b8dcd7894438621b8a82f0acf31d72fd9efb68fef2ac047eb5a812108,e487fd854f34394cf9990b9353fb2cdd157f9d41c0d682bf6866f85076b1e14a,9d79c481e5ec3721eca8b2bade97cdce10533d4af661000438fe299b03cda40e,0,0,True,9,9,9,sim_common_q16_v1::wstate_indep_qiskit_9
85da3a04e13bf1cda14e99178457e3885f7d5eb863e0fd9e82da70af82e99d20,338dee6f621494987354778b8e1b595132e6b8372f9cd93125806f01ae014c28,7689d03be34e9b276302ab0b4dd7fc2a3e5b3f0d742751ffe17a391f920f8998,8bcde389f5480469ab8c4f9e78b9026dbf590d7f72c6033a8fb43a58a40d8733,073c0314c629bf117e3557a36568f3d460b3322905bc25075ab27b949e3184bd,0,0,True,11,10,10,sim_common_q16_v1::dj_indep_qiskit_11
8650fb4f2d0816cd59c97df1ed4051936ecb3b5c31d39ba97cdc5cd2af374a8a,72571c5104165ef0f55517d849632d842254feff0a5de8fe58d3e757f30d6ce9,fdb16a3a2c268020ed9df1efd66d9f3ded3d76c11b2954bdfb0f287638ac52fd,47e64585ace32c48a67c4ea5ff4564466bacf35eeaba9ad0e0ccc929921d83fd,226ea2e21c8e840751d0fa92740b7388be50a861dde45b58bc6caa6b8b55d94b,72,72,False,9,9,9,sim_common_q16_v1::qwalk-v-chain_indep_qiskit_9
8711737782301f568af1980707e62c989655488357aa858d6c63bb8e206ae4fc,1e60dfaf74c6c29fb5b83d1c065f91dad31c332cf7fe60b1fe1868fb96580762,e12ac4308afd2c5ee14f63795178a06f140bb2e36c71a98836f309b4431af6ef,9c3eb182cce303c51ff20b9a96a3af226341eb72d425fb624870ba26eec7b478,ebb0fe09352bbec9df172e29586df3082a00bbb86cb798b2a2507a12c1c1dcc0,0,0,True,8,8,8,sim_common_q16_v1::qftentangled_indep_qiskit_8
8c7594c05053bb7af0015bd637170a669e9d39c1da6edce6a769992b6ef5c9cb,2c0e7c33789b44a6b46043c8ea2955c74c6ea692bdcd97057924749b1921b9fe,dcb0d9eda86d04f67ce650d0cc9e4d281ecf119505895b37634fc31cc9fbf5e3,41d2a3e5da8511dd377bd7405b40f1333422b78574805d89b50e7c7d2c2bb1f2,971fad9141c7855dab62694c5da68edd82ec57da51291e7f7a0e41bdef58608d,0,0,True,5,5,5,sim_common_q16_v1::vqe_indep_qiskit_5
8d3b3ff10a3a80d0dda4e7043cce2b222aaf9e3cc19caa194b8e87da40266ac5,09a0cd80cc4d1b2b4ff16609e949bfb70a4c10aef4c0f6c85be2159f9a2d3df0,0af7e2b910dbf43870872986328f3bdc94faf52d1fe24a180bc14ea98378973e,e5605793df2afc40f08976ae350015fddcf639ff8379fd70615b40665a0516e5,d7d0f5ec5082ba361c38a01ba1364d5f2cd71aeb1c3d3d2d669a89b55ac83222,0,0,True,5,5,5,sim_common_q16_v1::realamprandom_indep_qiskit_5
8e1c1014680274215f87d97c833f99474ed19b3393b2b8eea20a36bde517708b,b447b0f2e6bb0e92b79de7a824ec2316d4a102fbb6f46386c19e749b0dc1a670,f256240ac5c91a18a705a9f50cd83cac1d5a6ec223ff0c63369e7d5e12389897,724efe250079794cfa6a9c5a9ab0a815a0290bbec6ba55d2a137befb59aca201,192cbec0e44b97d306a81ad62e90ab328f209a067cc277381f9e5f0485750eec,0,0,True,7,7,7,sim_common_q16_v1::qaoa_indep_qiskit_7
8e4821df72704634cb81ea4d738477a8d596a49cba641e6198fdc9970e1d5d2f,8dc14e9df44151ab56dc2e0f2b838ac279824f4754774118223cb9ef20936172,316b304de447122f3a020687055c2dde7722e31a7873a450a7b701b10b844085,1d0a096c6f3d08cbd5fd4be64d163da0c33d1a4c826471af57fbcdf47298bd71,88fe81085874b04732dadd5cb607ec822c30c330ee0e9bbd33b12c82b0e9139d,0,0,True,5,5,5,sim_common_q16_v1::ae_indep_qiskit_5
8ea085ea0c0185c560746ab5988221e203c457e2afbb475976fb99f718e2dad1,39d55e32872a3dc4de90e7dfa3f63856398bcd077381140c3ff0ed7d8516555a,3543d10537594d1b4ed1f28de64bc32f9ffd4f5350f24f9b9e4b505b4c4b4868,dfbb231ff16db1971fca2afcd3d6580f5cbebc9e25eae7fac6c0f7f102f64266,eabce2fbb8d7700442b9b354c2e2644e12ff5925857705479577ee3d1b2836fb,0,0,True,8,8,8,sim_common_q16_v1::realamprandom_indep_qiskit_8
8f11cd416ae9672f06a39e5ee3a27a70bcbf31d7177cb47270c0cd8512c95381,9957b1fe42736b18bd839838f301958ae3505ce132b408a633a4e199a889b385,3e4417700eb55498eaa97905200a494736f7ad85b3f8f2ce627254ede04d3604,757da183a9de90a24b3ad7148f596a95fa3cf39996535c76e3757befc12c5990,44046559ba9da75bf429e44facb32482165a091855b98b410aeca86b90118d31,0,0,True,5,5,5,sim_common_q16_v1::random_indep_qiskit_5
8ffee9c3a3af1aeaa766f38df57fcb62de5efa16d7f328d60a8977cb0da39e22,4e3e9f380860c881042228370eff64ad08eec0891dea5cfc6f08121b2a611cbe,751b52f2b95e5df827b563519c1e5a6e703ac99b9df4e39a7b68d9e24097d88d,7b6ca31867dfec8bac4f19557e50199c1c6a17a14c90036b563fd12247785d6c,96a9fc87305e3fc80f5f4da7b30c6bad5642ab0f90bdfe2a40cb7e5cc4804d07,0,0,True,7,7,7,sim_common_q16_v1::random_indep_qiskit_7
9110b8773ad1c544b5ec91feaaa99c96975f7577fe6966b0f0df52dab84bef92,5ffaf63d5301825ba641802295a7f84a707f970ed57cbde5ec2f5f86cf95b12d,c4f4ee7b3716ed274760b701123b4126831cc2a932f774267316051d6c396a24,2000d4b4ae74e88926a3ec14d8a76800c38b16cae656edd32e51a47b95b428dc,93a0a4ac11dfb1cb8b215ed24d9197c7c3258b649af041ffca1ecc238d78d88d,0,0,True,3,3,3,sim_common_q16_v1::qwalk-noancilla_indep_qiskit_3
92c02520f591e3d46218c6839b62acb2a1d5fbcc2ceba197b9265653f1737b24,550b2b19b31ae19414bed23c01ce1f08fac02fc03e87f735ba34993f937d13a6,09d3e9ede47bb6dc6799d1565fd778a7a9572a79c073b492657756283ec8efcd,81c3e8ec315b33c0aff94ff617c3c4d1611a486e42472566d27b488b21764595,3cd0415e58c7910de685e618e3e0e72003ea881ee18b2687a2e603a7655f59ee,0,0,True,3,3,3,sim_common_q16_v1::vqe_indep_qiskit_3
93eff191c23e0c3d13a127f38595909e7092290f5119c9be24a1ccc61fff5767,8768a6109dadad7b9f6ddbd07ae795c7c33b08c4da4d578b9d026464cb10c880,8f5b366633ed2345f1176f07c7d347d62d37fff27de6749852245b473ee4fd2b,f4aa7e9dfb587ee38882df98e89dc0ed18153b4d986cc59482e22385c480b493,741cb88b3c3e7adff617ba827df85f21caeb4ea216c5c726fb528658256604b1,0,0,True,9,9,9,sim_common_q16_v1::random_indep_qiskit_9
9649572da691c86252b1620cba73350902b9ba3cf4dbdb3fb2e3531588da98c4,1b306d713d7fa0a08aca8063b7a7f01a91075881f5174a50f2a59a1bbb1515ec,27ec6a34acafcb19931a9ff703b2d0fbd95c8a0d079e3b347e146d12e76ab0ba,fab8b11e1813753b202b029b8982988fa222ae0962d4891d47b0277201a12b3c,666b79b7a24ca33d1a83bddb81a1731d22d25bf58aa94a1aa2a01892fd3d740b,0,0,True,4,4,4,sim_common_q16_v1::qaoa_indep_qiskit_4
9781bcd91fbe25a6f45c35466b0dee3c99a8602e4f035feca31661701119ee8d,3ce0bc8c25d6f75d49ecb8401b4cf985148a610c1c4b121ad89f873fafb88465,f3285e560437a52469db16096565239cc77f2fb5f4638843ad0e89d860dfa1f4,b2c22fbbec2a28fcaa32c799136674a30cbbca508424dcd23676740605064176,317b722e52015f80eb90fa40e063153fc7fdbd7516ddcea3eec1ae32f39eb41a,0,0,True,14,14,14,sim_common_q16_v1::ghz_indep_qiskit_14
97bdbd3569346cfa4a289ced5de0f3280a495266d423a3af48650bf01484b9be,beb04aeb75c46eddfee7a37d1996fddcba055e4b10a2a9ab1d7bfe96c00d3e08,7d921661de07413011400281c38942affcf9e87b9940e66c0b1666e6e93e8115,81753a09a9568aab0cffa3393a38fcedccf6d2e6ec32202405532db180e4a5da,83b88e8fc679253e016565c2aed532c11321b75469d875a78004ed8b8c3730a4,0,0,True,6,6,6,sim_common_q16_v1::qwalk-noancilla_indep_qiskit_6
99e0865dc3fced630c02b5b2710b24fd9257ba31d54112cde08a769e974f53c4,44957142a2140900c9c92322a5bf681d4eb35a104ede3c5ceb46ce5eef434803,880284df13918925616cd2abbf3fdb99ad957c1664a6ee5b56a7a520a375127f,fe88c6356cc135bb6f41d99a2f64b55bf466b85f70a91b88aa2324e17f2e549a,a95d0d507d1f086ce4fd47800f6e09710990f99f3088e0073614797bfe94be6c,0,0,True,7,7,7,sim_common_q16_v1::portfoliovqe_indep_qiskit_7
9b4261e2d98678946a9aefea16ba9b8abcae8409f8589f8fb3daa941694f88c6,a3576e9894168a06622fe8f27f7c6e1a6b74b14f2fa3b29073f46c86d9764394,f410edc21dc2d5a49d7866d9272bface000a05d7c2f1e8453385c37edcf13850,f2265e583d15b4e82e1cfc7b769e4555bda810cec475b0a220d910734304829f,ec495f3c39d7aefbb684b86be22d0ff469aa61cf7ee39cdbd457d19924de86d1,0,0,True,4,4,4,sim_common_q16_v1::ae_indep_qiskit_4
9fc54c185186ff8c504ebdac4e3fa109beb4cf46f86196a3376b3153a7f72962,02a9d3621246cef26d22fdeb16d81d354b10a05651dcde259d1b61a958006671,7335fada37e5cbf3057cb667a636c26714de64570ee10df24256f0d4b21bfbc4,9d2fa1b01d466b2806cede34a8eea335659e23ae275729bf33c825b052ca3cbf,a6a947fadab5ff78e411e4759bab3cfaa34bc600024d6033e1eea6ef39f50598,0,0,True,7,6,6,sim_common_q16_v1::dj_indep_qiskit_7
a26109b660d959607852fdea7fd497cf798048938c8da93d966accbd85d3a79a,df52003fc4951144a82a1de63e9b298520a6487883fb4d1f442a78a86aab8557,65c128ba819d523cb036bc108180ee0cf0dfb5691ccc0982946e30a8708535fd,c77146d03c33cb0b213a3e4bf07205282f3029be7e2261dd59b6bf49b105d2e4,634f1fc5caef0d309d6481552b18f51a758f2e71cbda18e9ca04ac70af2e557e,0,0,True,10,10,10,sim_common_q16_v1::su2random_indep_qiskit_10
a3b7d67bad6cd47cb522addfaf763294b1ea99017f443c03052055a2f0074009,de2c38aded4139c5c039a4bbf4719f2d507c431b72db7d8f48dc2d0ff1a2b968,61917cadcffb29f6a1b7886b562ccf9f94d382a4eeec518b24f4c6dbccacd4cf,2f44cd949e40581d5f00ac842298af5e695643a20e5057287ce032f4ca75c794,97d71142ffd1534a8880a3e8154a051ab503c6334226cc8014edca03634ff0d7,0,0,True,8,8,8,sim_common_q16_v1::grover-noancilla_indep_qiskit_8
a4a7b8b8d556570de9ea2db286aaa4245fa50f4619f25f0f7414b16d503458d8,4af04f343671939fedf5bf558636c3e79a470af1b88432bf809a78ae7b0d7bc4,f5bb5b5a00ebb8c62a9112b261f410cba5f726ba9d7893fea2ee551f0c50b0d9,34af040c0b87b70c1b30370fe7afb30420617bc7631f1cd5ca499aacb1b56f3b,a27c80372a632998423c2a8ff824026aa428e5b8e4bdf638e7939754bc97476f,0,0,True,9,9,9,sim_common_q16_v1::qaoa_indep_qiskit_9
a53b2a3a1ba8397a96b487c44f825f3cab2e0c714b69298f2ab0a839975b173c,bfd8cbf2f6231ed114b692443bf34b131a05be16160d505585af69b0583d7eca,8a46d29091cdad442090c56bf2b51a8ea19701f6668173a7a75a7a287b790bf1,3343c17cb88dd6535e1808111fa5dd370726a09e61496b6a7a9aed27b9c83e58,268a6454e3388b5f7a11befc647a24a2a776b98eb871f6fd6ffb3353057c4581,0,0,True,9,18,18,sim_common_q16_v1::portfolioqaoa_indep_qiskit_9
a6e3ed16a902dd99ab60b5acae9c0885447aef078ef0a5d9acfcf8219dc19c57,d3eabb3ef8e85049562de57fde91e1dec4c15956866096f97bb46523cbe21a05,13a7ac4c204a24e596ee98b3474e019313ab8e8deb6ddfb6f51ff20f4ce0e727,a9ca319ea141f2c3222cdd9bd80e73161dfc5c8cd9da0e8d869e74477f719a84,6e8bd47e0735fb5432b82e7ee66b85ae206ce23e36a4b080c73137ecf3fc4a12,0,0,True,12,12,12,sim_common_q16_v1::qaoa_indep_qiskit_12
a70c5b796698f145c5992d324b3a0b5e28eb7301e6f306652a316a55c68f1ae8,fc04a46411f7c2bb7731ed0c5d83dc018a30881a6d60661b2e772a3d506e96b1,d732b1a42b5bf60726840809d9001dc15bda7e62f57e8eb38980d5d7b6664d55,76784ced1c7e1d75d9bd5399b6200fa21575791a566515368919159f396f9408,76ebab64985cb59467102808b509a0ff89db368fb82d25e12d1f872dcd619a2c,0,0,True,7,7,7,sim_common_q16_v1::ae_indep_qiskit_7
aa91238ec5978b739b87b3a657746a8786de113397a5abeadf726d1dd9c836b3,b0a3076cd86887b952689ed24b74d596ac48361fdffc9b4b63f6afee7214ffa2,e2ef6f30c61a72d37d4d41623150929b4441e640a878d1508896880fc0612054,4a8f3bd5f08b9607911071f4310461747d347b7ebdf1421eb7f60bd6e000e064,01ebc3fd1398b128cc12c78861350c89874f58ce0a05c4723d502bda55da6fa4,0,0,True,2,4,2,sim_common_q16_v1::qft_indep_qiskit_2
abe368f160ce73db792b3af14a6e120eda4838b15f01376daa204a680d07c5bc,8586d67f90510df02539c3b83a7337db21e15badec59a44b8acec7cd1cf331f2,1bbbeaf6a9deedd0c25feb640bbe2ec38e9e1b1ac4f38767d2eaa6f7a4548158,e09e98150a98a65548595df1135b5bdc7166287cbdda5f952e2b6e47203d9344,45afe616dc62b123dd2f2211942e2fe788ce343180f00a158c1e4a3677e946d7,0,0,True,6,5,5,sim_common_q16_v1::qpeexact_indep_qiskit_6
acacd76111e7f23e4224342ca0ab5340b1bdaad3b6eba8893e4036ba14896362,671e47d3785a77a9314f6133ead5599e2cd1cb33e3b751f10104fbcbd6b7e90c,cb6136010c8c979d8a06ba2c416f83785b29c8241d587737963e6eecfc89823c,a1675e068cb119f572f80da0f15438c87ab1a43d61f1ef9bbbb426cf54c456bc,e3997035474bec8262e87ac15adb3db88ef31a7ffb975e9e880aa009885e80ae,0,0,True,2,1,1,sim_common_q16_v1::qpeinexact_indep_qiskit_2
af19d23c83544c8b7f6be5c42e0254336c9902c1ef454c06b9d45c4582d2fd3d,470d42254647cf68ff4beaade68d667752aef3c01b5323a3c9f9521566caabcf,4796a87864343657d404547d1047f2db1d202d8ac8befab8574c671f8fd5deb2,f106dbed8e48416be35384be8156279bf53268ce2208efd63d33c94064250122,399ce0a04594ac97920a66eb6e6fddde5b17e4744714e33694a2c5778b1e7547,0,0,True,7,7,7,sim_common_q16_v1::realamprandom_indep_qiskit_7
af7e7c49ba06f5c554580173d3dcd73bc9d5a9dd9c6e3d3cd8c94d494fa4b969,5a8ace89363a3d641542b15186e53db58a7bf91557ef5e66714527dd599de63d,fbeb6081c728d1b508efacd41342ad57b5e0c2f5438aea36934356adb3813fa7,f23780059d43cfe3021c09d2a5b6987d482999b90a7806eda002fa2fdfc6d2ef,56b91b5faff02894eefa8afed981e10860cecff9115b3495479acac95a354777,0,0,True,4,3,3,sim_common_q16_v1::qpeexact_indep_qiskit_4
afa0cd93480bae81feca2afdcb909ab13c2934f76b139c27872b18658e5c1f28,9dabb47857aac48b9ec5ac4cd666492a8bc01c4c9bbc6f4604303438377088dd,52f04c2d4dcbbdd28830016f40ab509d9966d642b9105ed769754e1b35a9ed66,63edf9d4e65fdb6a909f66d83de61502569ed80cc698c0c30686f75891d82b3a,26d14d337ac2d90e4b531e7f77c74383a4956f5a3c4790715b61dde4448e254d,0,0,True,3,2,2,sim_common_q16_v1::qpeinexact_indep_qiskit_3
b05ffaafc37537706601b825b24163c1ecdc04da78ef6dcae93060862405862f,3a7a03d18e1312044473a29f6b308b1bd7854f837065380ce11656e00a9de5df,57e601261f1f02bb85f8f19f6489db6a4bac509a44f626d5bd482dad7c34c859,c468f41cf85af9b0fc007eff25830da970c3e832e8aa20b4c9f37bd42a5a3ae5,599a70f20be2831a1a073a85f40b21598aabd50c2a1409a3b3e88f9ce7a569f4,0,0,True,11,11,11,sim_common_q16_v1::qftentangled_indep_qiskit_11
b14a4eaa1efc4b4eb9f8fe643e30a3508ba615ede75614adaefc091cd33c3d76,e4cbc8d4cf1597f043659b3b636f438d750428366037145585615ce04a7b565d,0920daecb7d0b94c6ab00f64924054cf112d4071dfb337cbdaea7ff3617c4cba,a3d70ad8d4bcce8db8e527f5ae5c13ddfa81b1c31d881f5117724b43b4a487df,0552e79cc457a953b259dd992f95ca6a50ddb9d3d292143995710735e52e64b1,0,0,True,12,12,12,sim_common_q16_v1::ae_indep_qiskit_12
b23a0318d268fcffc78b4f6ce920c98f33487ec34a71cf7b6225b9b6eb93f1bb,355dd839ef86da45c5d6b18fd7ed8edaf3c7cd2aa4d3c3440b92e610dbd8d000,2dddbda530abea5746957d21ffccd9da30f09339bc2d9f544bc5fc050bf13ad0,9ec79527df9675899975a1dd87e0f500df03a1166120d971bce3512ee5563eb4,0754317c5e2ad5d5661f2fbbb9553afdc047787006b305e65efd8c62d5af318e,0,0,True,8,8,8,sim_common_q16_v1::qwalk-noancilla_indep_qiskit_8
b485c48b0b5fc6870af7f2bb61445df988b75adff60082b8461eb51e24ac3682,04f1094ac4935cb4223a615f4392c78ec0f416b9fe7ae8009dd2f484b53246b3,92b88060be96932c59dfa7e531693eae327f0a83b818fb17a5284dd15a7f0fb5,6d29d9ce9e560be61d0dca6a81aadedac3693373e98500ce6efcc1673f5f6cec,dfff75f17f3a1068bc0e0ae26bf61ca45c48277061109f206dfedaaf3b7d9325,0,0,True,13,13,13,sim_common_q16_v1::wstate_indep_qiskit_13
b4f4db7b6b8beaef59a917c03dc8f8f69bf464ddb18398c3289bf2d03386c686,430f8255007ace71adbef6cf18f8124c7e75cbd99c6909cad71e72a7773a9f78,974634cc03c6eae356523a01fccde7936100948eccb256a2ee39b8075e6ca5ac,849b2276b8e88f2e9cb2abc0941a9be7139b31d49df524db64e6d682952c26ac,b5136ff39748ec69e81013cab0f92e98132f88f8e2d2b67ea96eda1b4f7cb6fa,0,0,True,10,10,10,sim_common_q16_v1::random_indep_qiskit_10
b5736e26e119a619b687dcc0cf8065475e3805bc0c6180b480e0e36badc289db,b7db64c64ca3e8e5878cce3aab4b35da6375720c6903b87968f443c81109a5b8,a95028b7c748c2dca617c03b4f825e09641465a5cd0ea34eca58004805d1c263,a169700ba71e8580631d73e0eab71e8a9c89781e7434bddebbbb4f0c4f09a006,1e58f5c2c62e66e176760355393d5c8529b98ef18628a08c95f3ec35cfd11d08,0,0,True,6,5,5,sim_common_q16_v1::dj_indep_qiskit_6
b5f6ad96b1eb0fc9087c079e22e8a91398b460e24d616ed0d8829247aee24f18,894dca80a0a8a76dbc1e96bba471700eb95b0770d46869916719f2d620bd0190,7b9557a854d8fb2bce05192de6566401db5c3a9b80d78ecc0556983742bc359e,8081749eaac4b061775b2c0a3d935785983ae0d8920c6fb2c22482d8bfcf1fd7,cd9bd54fa45b3155ac0778d7a8606905654a6a43e6dd0234d0d44b7633b3b5af,0,0,True,9,9,9,sim_common_q16_v1::ghz_indep_qiskit_9
b6a15d3507225e442ed02c90df5179f09c529df7bf5ee38a8005cc265f4203a6,55787776fe1f44f8b5ea8d6040ff3f014624ae3766cdf70927335f924dc34288,44c1c24145e97f320fd2383f02c6874d17092224f9d1708225b28babe938318b,8ab24dcfc965f54e9aa42fc1205e30338bf6b04b9493bd419ece6fa45f0114f4,f4518096b153b0c4aee6677d4c90be1be44beccaebab5bd71fc48db7d03468da,0,0,True,6,6,6,sim_common_q16_v1::grover-noancilla_indep_qiskit_6
b6afb1122e1baece13144a1d0da78738759129107f453e9579e99e8789e057fe,9429e93defb820d795a157b4e1ddcd2788c5e17bf897df4b68763fbbf61f4fbb,e4dfa3f6b3210dcdb9678c1f92046344ddb1b7ebf55adfc13c5076764e6bd7ef,9f30637626b2767aa1be38f5410ef22fd1f59149f9c2205848a6d8651f5f0e52,69ab551dea0adc1be52a994a5eb4a07fda8163a7011df7845eed7372aa8bf60c,0,0,True,8,8,8,sim_common_q16_v1::graphstate_indep_qiskit_8
b7dde4b8f943884e6d45a8dd478ae658a1cf2044fa860ace66a53f61be53f779,73fa5cc288e2e89bf89eef7c83627541039ad8410025642543e735d70f9c4a01,352ab31376124658530c33d972ffbfdd7c117fa9732514524516187c3039104f,61f7af0cfe5b98b366436297aba9c6f7cfc007b4292e875bd435d42ce031a043,558d434f09e5933de2b17838c42aaf79b0b1b16dfb873b44b2331339dc991b96,0,0,True,10,20,10,sim_common_q16_v1::qft_indep_qiskit_10
bbafe35368c1a915635c383f6aaa4ec709a7c6e055550875d4de11ca0983dbb5,a0a2dd95c89f24c24bdf116c2ecc032237e8fa51f809d83ce77410e995edd317,3d85155e0cb02df2876487f278259840b68eece598f461e652658b361d0f315c,74f182fed2d4d7cba46dedbc052159efb325e0c7f25d65caac051e497d6d36b9,19a674038e229b88219b69cd5fc665d22e48ce653a7794e25bd87f6c477dc558,0,0,True,9,9,9,sim_common_q16_v1::vqe_indep_qiskit_9
bc77f4afad8bbb19a6b320c11bc8f8110a330e395e5c509895e0b6c566cab5e9,1e89bb76c37da947a1c532d13d8f4d8351c981a3e3748cc493fb40f9e5234190,bdc2492b5befb9369c3c84ccd0a12dd6d2463f6506b8cc88342e76683476d65b,3235b7233d6eb679781d9f96ec010341955104b116ce8f32d721ab386934dc25,25ba4c756633fcc37d549963ae8911dd1e8606da9073b3d03bbb2d306dcc5407,0,0,True,3,3,3,sim_common_q16_v1::grover-noancilla_indep_qiskit_3
bc8cb33a3a242fb3ab35191a36313674faaca8fe1839cfa05d79788052424d1d,76a24f3db6ef0e5bb2aa688d58ef57c836a6f7589b310523371d46bb4acd9af4,9e50347e76d0f8b21ec3445600e62bc343fb577a0668bbce6f6d130a3e2a2936,a054208054e2bb3d696b8ac074c6e6fe650bec690dfbadfa1e4c4a0546a93e11,501a28cc60dfb15d86aa760179ae34438404a069afd0232830dbc8f824b7ef9a,0,0,True,3,2,2,sim_common_q16_v1::dj_indep_qiskit_3
bdd8a427e9747bbc01ad8e77a22d61f0314fe8db0de17786839f2193ab0928bd,500ad3d7e2e1840876780cb2705862b85fc37ffb4a77473ff0d405e2b9ba9416,9eb2a5f64d9f6f29eeb97adbd62dab688f96d5b39bba839d7f0163c570bcf615,a95bc63c8324667dad70015757d6040aa749f9441c09cea92f4b41ec7a3c3850,0eca39a749679c14ff9dcc55edb23f971e2a0a80350d5c7d6ad9dee90e2f5040,0,0,True,9,9,9,sim_common_q16_v1::realamprandom_indep_qiskit_9
c1572e3b6e41c965a5943c21ceacdbad56fc868b4ee02ff4ef8af2d2054a0602,8dbcac6340c448110bf1ea53c5c1ecadafe9596eba49d261dd074d3c659948d6,e663e4a83cfe4adb02bb6a074703af1da89f2c0ddba7d81405b139c0cbb2d56d,75237166f78f9b6bc4321fa6efd14505ff809e8758d07786a920794b441a5311,d6bb06acbf07929f52cd0a1cb16b1d0cd2bb1470e4d9571e53f56221f8f4377a,0,0,True,5,5,5,sim_common_q16_v1::su2random_indep_qiskit_5
c658b0f6c564cc6b7d6d48105e5567caf0660181ca2dbad8b9bdbdd353962fd6,53f18729a616899aacb25618c8d896e595940a4c8f731a10d7d1a4bf41b4d545,18fdbb5f5980593fffbd840a56336366b0c2b1e408c3b732f7125fd85842971b,60afc17d83f3f7fc57962367a7c589d17993eb00f50b207aab3e64207cf94eff,ee6d7c1ffe475ccb815968a955a08ab9779299ffa502587050e147d4f9e5a222,0,0,True,6,5,5,sim_common_q16_v1::qpeinexact_indep_qiskit_6
c67a77f55c658ad1270fd52c8cbc66319b72ceaa5ca5d4015d775b44e8edd85a,6ddeb960fc7cceff204caf51aac19c2894c7d40d910ce16e4c0bc7974bd92f70,b07c4c916ede0acc64378b21a4444e4d5f296fefb6316aa926ff3e6c5edb1aed,4f647c84452717ff27f9a92d3c67d5b8655184774284f72d1914fc7c09ca3b92,ba76eb4fd8fd7afcc21943818cd8a028812bdf1ae25724c36ffd15733cf43073,0,0,True,6,6,6,sim_common_q16_v1::ghz_indep_qiskit_6
c69c35c09a4dcfe7dd09af0b73be8e5f608531bf0baadd794f6861bcf237e40c,1bc0402e1abe3a580cb4d32e44a4f84b1df63fd8e2c538846740cf6c05e27650,c8f8faa511eae623be56ef0d79832fc4a07ffb36a0d49c5f510e5d4c219fca15,29cb5358477ee4a31ef31a476213d734a61d9101acad18aac7247ea90e83af02,3acbde74b6ff3072c1d47f1099851604ced621f53f127b12a66bd20378a61e3e,0,0,True,3,3,3,sim_common_q16_v1::su2random_indep_qiskit_3
c6ee0cb7c958cecf010796ce2ad0bb148b9fd660dd52393972c541d9ae422eca,30548a4bf0940e4cc2404f1c4f89ac5abac29f5069688a7d00f352b04c9545b2,3b7ba9ade80b9437681bf1e529844c3e9b5010200e0ffabe5e0daf80be0ccdea,bdc795398a52f8edd5aacf1989914db299ab9e73aa96655d62ddee39eeb32254,1237ca687b15923c71ce880de611d35be50e357844a044c93e5064c71fcee09f,0,0,True,9,9,9,sim_common_q16_v1::su2random_indep_qiskit_9
c9931425f0767057491a7e6ab8f1ed937fde917a862097440f57606892bddde9,614148d8f4be6ed0f42f3d377da9b742f16e95134a0f0c1548acc3de639f3026,0a80c3649694fa541dd9ad837836783218a0c2798b05be8a1bfc2964795fe27f,0f17bb9d3bcf7a6fbbfe18bc75bbc2c0f88e20c4a11922d63d13dcee07f3dc79,e76ec7f2630aa70f5c1d21b28552185dc5de6066df7a96a0380c32e61ddb71dd,0,0,True,6,6,6,sim_common_q16_v1::realamprandom_indep_qiskit_6
cb84095399fd46cc242ca61e19a731b8c36280eb6539c955d55e37edd1042c2a,3717b20133a87a8480c38112574064b3da2f27750c6f0d29382c2e65daa18df4,611283db5b23ba25ad8c8ef0c90900684ea2b79d5952c777dac20ed8a474c4e9,4cbd3a3bf9d14ebadd717962d168694a2cf4d144591f181762a832178dcf73ea,0aad22f752dde513177e33f3f8faacda8a5dee7dbcd4af0601bbe11a15c3cf8b,0,0,True,15,15,15,sim_common_q16_v1::vqe_indep_qiskit_15
cbe1ca5505b485bd87b2e68f2b38ecae377e29f823c30e4c44d3f5f87d4266f7,f8148201a696cad980a58958da802f31fd62ee1cc7986a59ab0c9029a5781a68,16c2f1890374ae121a28b35cb4dcfd81abaa3c282066af66b2c62ff2a67c7992,036882dae2c41adb8926ce01e58e435c8edc3b464f27c4ccd18153e6df1ca536,2e2b2c25155c5ccd420d6f7fc758102e5fd5dd1b809bc417f3de8d6dc38272be,0,0,True,6,12,6,sim_common_q16_v1::qft_indep_qiskit_6
cd04a8461708627e497ca58669fcaf9e81bbb271f69ba81f69f25f8a2dd9ca40,63d195ed07540aac57cd7bebad348b75362f240bf5e324f4c9ec60ea07fdb2bd,69c2fe0bf20dc48880372b606b1c0c5cacf31be1edd35cc757045ae8f3c1cef0,b4a930d41951add1c94d1444c8760d0b6cc9e6a341196f14f0344f5279e74e7d,b2c062ed46979ddefa8343b7b194686678859f92f952a615eaec2a55205c554c,0,0,True,10,10,10,sim_common_q16_v1::realamprandom_indep_qiskit_10
cfadb6828c07bfc2fac00ca0c9c03935e927b88961597b69936fc199a094b9ea,420a2b23eeef72e27a7d603043e1fef521ead1e37a6a3f201faa732e85988e8e,fa2a8fe2e68dfc5f7d223a75181ba94e033f46a53229174e738c191b340e21b0,fd13dc1d0948711ba6579532dffe84803b27f54facee46b0eada9d7801567eab,0c079ad47ef871cd7e1b91f445dab8b41413c20b4e1c1a4286de6f1cba3950c8,0,0,True,5,5,5,sim_common_q16_v1::graphstate_indep_qiskit_5
d06936015124a75ae15e1f94eeb54cc51ab24596726b8110765a69ba66d0e80a,62d3745d9b1679dbfcae6597dea5253036fa840f1edb80c5347a5ae955e823e7,5a269a6eef541f30335130f226380eb166531d9e988d0ec919fa422edb9fe7ee,599ffde7f581814586f3531e0afd34dbd1b077d402f696ce1b15ec1114449565,77e7463b12f5f6022211970052e8c590134ef5134a431db130ea1ce40e7194a5,0,0,True,7,6,6,sim_common_q16_v1::qpeexact_indep_qiskit_7
d506e52d304853cd9e55834d3112505279aa22e89e70aa7c00dfc57caad3c72c,d9449ece7d850f7221cd7f289cb3e2c107c0b8de8113f20bfbb8367ca118144a,52526a7ed978c51a07cc75433b7041bf103ccd434d3ac9677bd712c350248371,d559b3ffb50c78e6f61d3c12da7c9b41b80436ebd555c27670a44cd642294440,6a528c73912939ba6c9d0ba752d1ab9e7f52fa7318093f0807d5012b8843aa49,0,0,True,5,5,5,sim_common_q16_v1::qnn_indep_qiskit_5
d7a22ac29418bcf9f00346732fe1b985f8e0b9df60273404dabbf4a62027715f,1ea0b4830b5ae7eea7f9dccac6e3ac9ae8cd89cce5be90f1c6d264a0b5bccdf8,6e68df0ae936776eaace9dde222cfa22cae44da964454de4603476a6f1f1535a,ff1fcba32d6954917850d3701c14bffde8ec229fd41f10a9d9aa40548c665f97,33661d526ac1f20062f9801316f60383cbdcc6418a8df95a111635975eed36c3,0,0,True,4,4,4,sim_common_q16_v1::qftentangled_indep_qiskit_4
d7ecd343052e510bdf5fa0f67f2fdbc3ee5ddccd19f39548c2853114a94dece2,145d29239fe4440c684690319f7cb468af52bc4f3e52030d94f1006e6b641ff4,c41f90cb22ab3fd0416c9388941713504c74ae470deca53bbf9b06237305d309,2d2aea72a131f825064a0bdcf9d1aee7de602757338bc33e256f5a74f223e9a3,b3573548b1d3f3fc51ced628983f75708b0c6fd37f0e3f547ef63be38b4afb72,0,0,True,3,3,3,sim_common_q16_v1::random_indep_qiskit_3
db0e077b1674f90860a270d014aa8226822880dbf36c819dad0bea17881b7eb5,073630ce54b92f21380541453833a62c2372bd1d0fc825781df50d47880cf694,8fa7ae9b4c36dc6170b0d6e2001129209924f8084c4a6ab7bd9ec55259147406,3a282d8c48353e413ea2cf50aea3a492ab48cf3aff00cf81cd44806a87421ef8,13038ae140b6d869e9dd8850b9e59e8bd7f401d3c9c6d5745912dda59f4136f9,0,0,True,9,8,8,sim_common_q16_v1::dj_indep_qiskit_9
dbfb4dd8bf80cda30461759a3169ec60ac535a27409cf938f691179c6a121ebd,f5e5ef0dc1ea5fd204b1327120eedba14be703c421fbfeb789c88f7476c44aca,5069f7f046444a35e5122edbcde33cd7dc870d252959fda6f2c0ddf24bb3729d,65204773415838670c566f864e2a798d059347727f0db5b82600fa311d66a51b,1a73ea7eca0fa67f7548401d2411582987e3bffd8ef1e2c6e3912986c3256848,0,0,True,6,6,6,sim_common_q16_v1::wstate_indep_qiskit_6
dc97062e3adcbcaf813cae5e970c8a0357a239b8d4a09e77a4e3e4625532d209,f4564aa6efb2086099ff3f68fd954852c90755adfbcc2f3b574d44f5eb1cf9c3,cc3f8421fae9ed0fb1356709e96d5f5c415cce4893211af3ebd2236722cb9496,4a87c2be569703bd6dec7fb6b802942f985dba51038e6cc7e5f1c2a141cc0169,49dcbb386fbd30eb78a44c2efef07ab8faca0d1ed4334765c3e37d6cab59c3b4,0,0,True,5,5,5,sim_common_q16_v1::wstate_indep_qiskit_5
dd514cba6fbc94c48a3eb8f2ff2210ef74259e76e7f796394066418bfd93ee86,6808ae5a3b2f6f4c4ba6fd124ba7293c72121194647466e1ecf7ff9638294fa9,4cdade6737a855e52cd81a00357b800540dec5b957a98f431f842a8cad6fa64f,c7fe1362a37fe542fa34529d2ed115d2055ead1c8c44c0f17834150792c9b9cf,6db1321961b7932b33c4f1f58c147a5b795b00497e591a134893569bf4175cb3,0,0,True,5,5,5,sim_common_q16_v1::grover-noancilla_indep_qiskit_5
de4639e0b84f220ce7281521fbce5104129cc70befb85198bf93def8d4ba7a65,1acaafd1dc759c5fa0e37ff75960b2345fc5b70b97dbbc95d751b7e69e245102,900fdff3b8379c3d6e68365afa536151ed5507f2c73b885f42971b4b1e476abd,faf6543cecf3c7ceaf4dfc8e3b5dda5f8f4f5a7853b9470e107e24c77533c16c,426996a398d82a15032b809064df6c8ba8ce21934db55c88db6ad68207e4da48,0,0,True,5,5,5,sim_common_q16_v1::ghz_indep_qiskit_5
de56c0798eca25bd1510d4d10f11e996f0bad2a11ce94a265da0635c161cbcae,69f24a3f9bd32a0173b4ffcb2795e96587bb3aeeadb3a71c5d4c73efeb4c9486,bd95328553fb5aa230de46bef9d073e2b48640261106cc9b593c1a3e18711c4a,a2b6628924b724608fb7c250ddc2a6f56bbfca05c1fdc87bb46dcb86a67d0964,2aa22074e88c7f9ad322dad00949b82b3693f955f134dea6f4d92c80137433e6,0,0,True,2,2,2,sim_common_q16_v1::ae_indep_qiskit_2
e0c3acec67c0fb535add575a46e01889b30ec7970005214fd2188b94ae3a55a5,1dab1c274a994e84159e56c6ebe20f22f1a9c6d0b114f7e1e42e7ddf54adb0f7,09b72da716e9b93b57a697fa82439e49f53474ce719fd7aa8288a75118609b54,fef47862d378f0f4a43c9f57772cec6dd3881e01125d53a6efe4f25eb5914e13,d46cf8401c8c4df1a1cada16748e4579958fc12b5ec93c79facd151457731073,0,0,True,9,18,9,sim_common_q16_v1::qft_indep_qiskit_9
e2fba21685e6e7d22d625d8babcc9c51a8911815153e52fc89277e0efe117045,0abfb0949356495478df848d29ce76c02a1fd95d111fc4582af4089599956252,50b1487fd1597463ac2e4e383463195be68bfc4b0951fc1a63ff02410c0fcd6b,e8f93b44268f295dad0a3c8b8cfbcaf626d6032d2183e92a4b43add1a1aedf70,3103097e0ebaf743210e5d3ef40096b190ab839eca4a6f07004a6715e79c35ce,0,0,True,8,8,8,sim_common_q16_v1::wstate_indep_qiskit_8
e4664972befc3ffed396f3842bf910be22c2fbe7f293d3c295b971dfe094d398,20b64aafe008d15ea18d75a71c33d77e7c640cfa8bd2f4991b2093c9b2c98c2b,32d2056b27bca44a7552cac170d11e5f3e34c6c364296a2388561c3ecb7f687f,34ac59b6abcec2bcc2954f0b952adeaa70b87efe5a256e3bf466833fa8e12ae2,7c87e23b84d68f1ef3d899f1d694a9afc2068b3fcc52d9b0b67873a24ecc6bc8,0,0,True,8,16,8,sim_common_q16_v1::qft_indep_qiskit_8
e6b6c32ec088296944dfcde4a1f4ed545b14238274be8a40bb3ee95c1b8e9739,0f2be04c38b778cb1d6e506c95122156b2ee8672cb54c924712b946fed580427,16207b0fac0517411305058d85cc49016ba4c9c4c6162e44c7a5a52e099c9529,298cb6e434955765c92eaeb2ea61b8f19b8f95c76a06ea0ec867ad46bb004a28,3cd14b0a166e26f40e9129d18b926dac05535a705ca02cdf77f20d4716054b7b,0,0,True,14,14,14,sim_common_q16_v1::qaoa_indep_qiskit_14
e8037a4f622df36c65c0e756e11a6c6e3b8b40fbabaffb6cd59ff1cc79f49063,c87ba6f242ff9b3e14d740a54c40e83266da9d3ceb3bd933ec8cf49cd9ff62da,6b86fef6c764f816a964fa65ee19fef5db75dc6cea9a996a677666072163a2a3,2c9951ea3a621573bc36dcf336995c6a23a995276b1c6332f633a8b2bfa1a3ca,f36c74fbd24aed62e08223798f08eb79727803940dc3eb921e22d383dac270e6,0,0,True,9,9,9,sim_common_q16_v1::qwalk-noancilla_indep_qiskit_9
ea84355871fa77560419766f8000de4dcb0eea29468bcb0d89a1c84edff34f61,e2073684986d79153f979ea2679872c7021c0b3cfafd0c84e36694fac952666b,2af5b42ead628eafc0e0443803d96e63e9f06c4220bf6b4ef980a03c3c579f90,3741a67d1c424fda0b29af48a18109b18349c83fe94d6cb357d59296f88c1de7,2908525f6b6ec86c575ba93006c3528e1480e38f1feaf6652b724569a8e8d600,0,0,True,4,8,4,sim_common_q16_v1::qft_indep_qiskit_4
eb43007109ad9707544629854cfc7259b0e6aa70c5a618cedacbb7d26dd746a0,ec67e1be5ff44ee667a9fe1dd4145588d6f8b385706ee354e0d13cdfef9a0ab1,6c1e794f4736c0d53914fd0862eefb06f198bf95832ce310d644f2fbf5583bcf,f098c405ede71edcc04818b336b60bacc24af35a4b8b61190cf653bc2739f30d,6db7602eb2faf70a0c886f60a3e7adc51b60ae81e03043db158fbc47e4f25317,0,0,True,8,8,8,sim_common_q16_v1::portfoliovqe_indep_qiskit_8
eda7902ceff7ec09209e87e8d10b901e2ab4c5a50323ed28b1a675a0c4c743ab,36c9986ebd5e7ed9a59259212702c8d3f9219848f46da0c0c4a61c4600e4ecc2,756f8707cb1b5b50948dce9d85b2b2ad825122fc01cd2e0989147220821bdf1e,70127f79450a244b3031fb3575805578ce0cb716b91332a3d1a7876c12826101,2bc154653afaee58b7e3d04d5c0c629f93de96a77c37f9abcf51208c73d063b0,0,0,True,11,11,11,sim_common_q16_v1::qaoa_indep_qiskit_11
edc62038c489069da135981ccefd5c5a2f3cc0a991fa6da4defa393abdb0d2a4,92f88e9d9c5af83963e8a3f6c06ba49057602e25c75dd4cf27397ad168218688,6eea640b69b6471a38ea4b721a1066e865947e3561029f2f1a8d88b4dae006a6,60dd53388e66c54402601085fe2fd32f29f8e0dad64be1e87041d57591e9f037,bff430f16fe24815ab4beb25cde3cc0dbda4b728d7cdecee26b600f6c47f0829,0,0,True,4,4,4,sim_common_q16_v1::grover-noancilla_indep_qiskit_4
f0e0170b510412a7e964e82f14793115a9e53a1b250283a74abd893a45b5f20e,c683c19f51873563d035d8bac06a4ae222af2b586bb02367eeed0c402f209695,856ca5bc1e81bdfb8c62ce3994bb7b4a75185313f6184bc45b7a3d2bed861a71,a6d05b913b47eb8b6c8777c3ae50e8b96cf0b6cf3a212c9126a0856f222c8290,9e680138eb48d44e7848ea22e657de4648b9e9224252a4e0cbeaaf6136220e35,0,0,True,7,7,7,sim_common_q16_v1::qftentangled_indep_qiskit_7
f12c9439f3dfce19e2f161aed74fdafb33146528cdb8524425608579de8b6741,799ba8430a121bff761f30032ad4322250f04b6fb02ffe9f1ef31398b2b0860b,be5c7dc33b2b75566dfea2c664c97ce07a138e2ad0763753e36be7e060469d50,9deb18f04f41f58efa1fcc47ff02b19c530b44cb6a639f60676193659590f1d0,ec80873bb4e5c5bb0ed69d8672271b1648c0b4d081d6e17d424a1e9dc5b612de,0,0,True,5,4,4,sim_common_q16_v1::dj_indep_qiskit_5
f2ce48d725be79c1ea5cbfeb36811261c4e74460588e911c3b2916a9303c1cf5,e8b2eb408526835fa378ce5ba9d021497baeacd65169621203c63fb143a3cac0,0fca4fac69312864474fa45a1272f72f38ccd2d97c4496ea031f0b2fca2b00fc,fe0d7ca4911c3d199ead37463832fce810818943b1a649a1030e62fcbb757f86,80c66b670b323831eb1810fddeaccc13ff0ca7e5d7845876cea16f123886f5d2,0,0,True,5,5,5,sim_common_q16_v1::qaoa_indep_qiskit_5
f3149b8e9cbf74f39dc892695e3631a98f3db5a659846e1259e0586ccfbb7b13,4ede26ea3cfecc3cd1a84d85cdb4fd7a5193450ab4dc935af8dbc1597bb7ba60,583b70f6e45c4d96343d99e34a1e449eee4f9769cb27ca52617711eefa83e030,26acb10352e294eb464d6f91699b76b9624e3842732e584a362cea46bc9e1ba1,50f09057c3f472acb562034c8447850206c516bafa53a06fd6a76939a2b80b15,0,0,True,10,10,10,sim_common_q16_v1::qnn_indep_qiskit_10
f37f599f25c5024b4069e866a31563a6daf0b1495d17d25343f7b3cfac1169ee,99b4aa197c926e8d69b7eb9ff0dc9f8d44d4881004c3be3e9ce288e3b7fdc79b,f4976fdaf2b793bb732e5c740cf25477967ecf52eb4043140b9d1e8f0c4ca694,0ca0859e54d37fb2ec2f90d9aa273b8a0c91842e10e47b2efe5f0ea49289d98b,1e8669a6a937daeca720d383c32cbfc401a9282595c02339f24c7df0d9441756,0,0,True,5,4,4,sim_common_q16_v1::qpeinexact_indep_qiskit_5
f3f0ee04f4d67e49bb9653cc5247fb39082b4246a4fdc124c70113093f368d79,b47c1ac2128e3fc4ef4352d67635a6520c04ad47b77b97aa901d1939d443bd42,b94dd844d7ed51e096f68b1c2f71d2e7adfa9bae399f25c820ce8e82cb035a69,d33ef3c85cb95b7b09d33597001a4fabee0cb51e1c09c97de3cd12e7504055e8,a986b49463066f939e284d25a746cd29049ef9469c0fecd88b2389372c4ab586,0,0,True,10,10,10,sim_common_q16_v1::ghz_indep_qiskit_10
f76953672a13f3e92397fe3586ff6557882560261e995147a67b931d701c7fcf,8c9609dce81ce67177d6fed7783a1a2fe669aacbfc704de13f92ceb411d229e3,542e38cfc47f4523dfe513a7daddfbedc37e9554ac6c28d331b3a733a7a512ac,cc569cf33719ebc57a9e69d81ec56eaa86c154e756043a7c11aa3da1b5ad7550,c56a2b41f0893639e7d2e1e2561360978b87615a7ed4d0552976fd59a5535976,0,0,True,8,8,8,sim_common_q16_v1::qnn_indep_qiskit_8
f8d88243c9d36e41e0eedeff4898e325d59ba4d8ceb4b81c7b48757ade1e94b4,dfd2c41e4428a2a61ce4d2cdaff041d86fb0813e526c0fd5da70f7c20bad1c66,a51d709ce91da583f9edd01a35b65b48ac7373e2042834b2ed1192f7f527f6aa,19a36e231f82e50b6cb1a7567e28204d4858654299a1f856d1d68b3064ca4436,e428c6af37d020fd2e6ba908b9125a35dc1a3bd1924f2eea1b18d45adf3cb757,0,0,True,7,14,14,sim_common_q16_v1::portfolioqaoa_indep_qiskit_7
fa595f88d0ab98542a799af4492f53b2a5e2e88ebc442a9b508abac209d0afcc,d662fac2a0a5f03625cc7bbf19a6a463404cdcac2dd2c09711b3f2fe33fcf88d,ceee221fd342170a70e7bf44154464de16975b79142a9c2953479f7dc795683d,652ad5ee85e824ea9a556009dc80317cb16dbe2551171d17307926c0a6b3520d,b3f79152b6d2847e08b423684212ead24551490d7683f4b4556756d04db4f0ff,0,0,True,8,8,8,sim_common_q16_v1::random_indep_qiskit_8
fcd9497c7764bb185a96cc8b6d1c7878851e9b87e64de7ebf47aa1d16eb3ee0a,d40ac834620f97a77ee92ac9a3c62f3753962f6e0a7d19ab8cb237f35a829c48,9a9849c2076cbe8b06d8e2f5e6ac7e7a02fb12d9346dc048594c31757a027ffa,8fff0711aaf6b36c1c986eb9d35910bf62fdd4b62c5853acd914bc35ee19d986,de3acff3dd892fd5a02c255127fb4ebccf7fdcc2b353080b462b00c8a40c6872,0,0,True,2,2,2,sim_common_q16_v1::ghz_indep_qiskit_2
fea8eb37e38bc24d3352d9446471b5cf8f6b8af6ae4c0f931d5942564936274c,d9bf1c38e7084c2f422b4b07503e466beb3d379f036a1b83e05834a255d122c3,b9474c680d4f4bd787f79817ff4a14af31eabdb1889d5734678486d7f0a00e1f,74d87444e5b049f148ec598422909b465f7923aed8246ce5aff10b5ba84e14cf,538fdacb363f30683984ef4caf6aea9661d2f215cd485c6d5d1dae7f7b1e122e,0,0,True,9,9,9,sim_common_q16_v1::qftentangled_indep_qiskit_9
