status,source,runtime_semantics,target_name,observation_unit,family,circuit_variant,num_qubits,logical_depth,logical_total_gate_count,logical_two_qubit_gate_count,circuit_seed,candidate_plan,candidate_plan_source,operand_count,memory_limit,precision,path_optimization_s,pre_run_runtime_est_s,pre_run_flop_count,pre_run_largest_intermediate_elements,pre_run_num_slices,first_contract_gpu_s,contract_gpu_median_s,contract_gpu_min_s,contract_gpu_max_s,scalar_real,scalar_imag,gpu_name,gpu_compute_capability
ok,cutensornet,T_sim_contract: local GPU tensor-network scalar contraction,contract_gpu_median_s,one fixed tensor network under one explicit candidate contraction plan,ghz,chain,8,8,8,7,42,native_time_tuned,cuTensorNet TIME_TUNED,24,50%,complex64,0.004549366999526683,0.00023000113425,396.0,8.0,1,0.0016823040246963501,6.960000097751617e-05,6.576000154018402e-05,8.713600039482117e-05,0.7071067690849304,0.0,NVIDIA GeForce RTX 5070 Ti,12.0
ok,cutensornet,T_sim_contract: local GPU tensor-network scalar contraction,contract_gpu_median_s,one fixed tensor network under one explicit candidate contraction plan,ghz,chain,8,8,8,7,42,left_fold,explicit deterministic einsum path,24,50%,complex64,0.015467039000213845,,400288.0,65536.0,1,0.005341279983520508,7.69919976592064e-05,7.427199929952622e-05,8.524800091981888e-05,0.7071067690849304,0.0,NVIDIA GeForce RTX 5070 Ti,12.0
ok,cutensornet,T_sim_contract: local GPU tensor-network scalar contraction,contract_gpu_median_s,one fixed tensor network under one explicit candidate contraction plan,ghz,chain,8,8,8,7,42,right_fold,explicit deterministic einsum path,24,50%,complex64,0.0024457399995299056,,16888.0,256.0,1,0.00020163199305534363,6.511999666690826e-05,6.252799928188324e-05,7.187200337648391e-05,0.7071067690849304,0.0,NVIDIA GeForce RTX 5070 Ti,12.0
ok,cutensornet,T_sim_contract: local GPU tensor-network scalar contraction,contract_gpu_median_s,one fixed tensor network under one explicit candidate contraction plan,ghz,chain,8,8,8,7,42,random_path_0,explicit deterministic einsum path,24,50%,complex64,0.002346637999835366,,1964.0,64.0,1,0.0002104640007019043,6.39360025525093e-05,6.153599917888641e-05,7.331199944019318e-05,0.7071067690849304,0.0,NVIDIA GeForce RTX 5070 Ti,12.0
ok,cutensornet,T_sim_contract: local GPU tensor-network scalar contraction,contract_gpu_median_s,one fixed tensor network under one explicit candidate contraction plan,ghz,chain,8,8,8,7,42,random_path_1,explicit deterministic einsum path,24,50%,complex64,0.0022142930001791683,,724.0,32.0,1,0.00019545599818229675,6.361600011587143e-05,6.23680017888546e-05,7.215999811887741e-05,0.7071067690849304,0.0,NVIDIA GeForce RTX 5070 Ti,12.0
ok,cutensornet,T_sim_contract: local GPU tensor-network scalar contraction,contract_gpu_median_s,one fixed tensor network under one explicit candidate contraction plan,ghz,chain,8,8,8,7,42,random_path_2,explicit deterministic einsum path,24,50%,complex64,0.002241930999844044,,980.0,32.0,1,0.00020348800718784333,6.524799764156342e-05,5.8752000331878665e-05,7.007999718189239e-05,0.7071067690849304,0.0,NVIDIA GeForce RTX 5070 Ti,12.0
ok,cutensornet,T_sim_contract: local GPU tensor-network scalar contraction,contract_gpu_median_s,one fixed tensor network under one explicit candidate contraction plan,ghz,chain,8,8,8,7,42,random_path_3,explicit deterministic einsum path,24,50%,complex64,0.0022818449997430434,,3652.0,256.0,1,0.0001974399983882904,5.9776000678539275e-05,5.801599845290184e-05,6.889600306749344e-05,0.7071067690849304,0.0,NVIDIA GeForce RTX 5070 Ti,12.0
ok,cutensornet,T_sim_contract: local GPU tensor-network scalar contraction,contract_gpu_median_s,one fixed tensor network under one explicit candidate contraction plan,ghz,chain,10,10,10,9,42,native_time_tuned,cuTensorNet TIME_TUNED,30,50%,complex64,0.004789951000020665,0.00029000144625,508.0,8.0,1,0.00021772800385951995,7.264000177383422e-05,6.911999732255936e-05,7.689599692821503e-05,0.7071067690849304,0.0,NVIDIA GeForce RTX 5070 Ti,12.0
ok,cutensornet,T_sim_contract: local GPU tensor-network scalar contraction,contract_gpu_median_s,one fixed tensor network under one explicit candidate contraction plan,ghz,chain,10,10,10,9,42,left_fold,explicit deterministic einsum path,30,50%,complex64,0.004201154999464052,,2148904.0,262144.0,1,0.002518496036529541,0.00010732799768447876,0.00010131199657917023,0.00011190400272607803,0.7071067690849304,0.0,NVIDIA GeForce RTX 5070 Ti,12.0
ok,cutensornet,T_sim_contract: local GPU tensor-network scalar contraction,contract_gpu_median_s,one fixed tensor network under one explicit candidate contraction plan,ghz,chain,10,10,10,9,42,right_fold,explicit deterministic einsum path,30,50%,complex64,0.002954364999823156,,83960.0,1024.0,1,0.011067008018493652,8.393599838018418e-05,8.224000036716462e-05,9.15519967675209e-05,0.7071067690849304,0.0,NVIDIA GeForce RTX 5070 Ti,12.0
ok,cutensornet,T_sim_contract: local GPU tensor-network scalar contraction,contract_gpu_median_s,one fixed tensor network under one explicit candidate contraction plan,ghz,chain,10,10,10,9,42,random_path_0,explicit deterministic einsum path,30,50%,complex64,0.0030003699994267663,,6612.0,512.0,1,0.00027155199646949766,7.552000135183334e-05,7.158400118350983e-05,8.425600081682205e-05,0.7071067690849304,0.0,NVIDIA GeForce RTX 5070 Ti,12.0
ok,cutensornet,T_sim_contract: local GPU tensor-network scalar contraction,contract_gpu_median_s,one fixed tensor network under one explicit candidate contraction plan,ghz,chain,10,10,10,9,42,random_path_1,explicit deterministic einsum path,30,50%,complex64,0.0029003159997955663,,3436.0,256.0,1,0.0002154559940099716,7.142399996519089e-05,6.976000219583512e-05,0.00010883200168609619,0.7071067690849304,0.0,NVIDIA GeForce RTX 5070 Ti,12.0
ok,cutensornet,T_sim_contract: local GPU tensor-network scalar contraction,contract_gpu_median_s,one fixed tensor network under one explicit candidate contraction plan,ghz,chain,10,10,10,9,42,random_path_2,explicit deterministic einsum path,30,50%,complex64,0.003338514999995823,,20796.0,1024.0,1,0.0003237760066986084,8.019199967384338e-05,7.916799932718277e-05,8.476799726486206e-05,0.7071067690849304,0.0,NVIDIA GeForce RTX 5070 Ti,12.0
ok,cutensornet,T_sim_contract: local GPU tensor-network scalar contraction,contract_gpu_median_s,one fixed tensor network under one explicit candidate contraction plan,ghz,chain,10,10,10,9,42,random_path_3,explicit deterministic einsum path,30,50%,complex64,0.002821306999976514,,4356.0,256.0,1,0.0002199680060148239,7.423999905586243e-05,6.97920024394989e-05,7.615999877452851e-05,0.7071067690849304,0.0,NVIDIA GeForce RTX 5070 Ti,12.0
ok,cutensornet,T_sim_contract: local GPU tensor-network scalar contraction,contract_gpu_median_s,one fixed tensor network under one explicit candidate contraction plan,ghz,chain,12,12,12,11,42,native_time_tuned,cuTensorNet TIME_TUNED,36,50%,complex64,0.004991040999811958,0.00035000175825,628.0,8.0,1,0.00022595199942588806,8.214399963617325e-05,7.952000200748444e-05,9.062399715185165e-05,0.7071067690849304,0.0,NVIDIA GeForce RTX 5070 Ti,12.0
ok,cutensornet,T_sim_contract: local GPU tensor-network scalar contraction,contract_gpu_median_s,one fixed tensor network under one explicit candidate contraction plan,ghz,chain,12,12,12,11,42,left_fold,explicit deterministic einsum path,36,50%,complex64,0.006931425999937346,,71322576.0,1048576.0,1,0.0007104960083961487,0.00016892799735069276,0.00016790400445461273,0.00017692799866199493,0.7071067690849304,0.0,NVIDIA GeForce RTX 5070 Ti,12.0
ok,cutensornet,T_sim_contract: local GPU tensor-network scalar contraction,contract_gpu_median_s,one fixed tensor network under one explicit candidate contraction plan,ghz,chain,12,12,12,11,42,right_fold,explicit deterministic einsum path,36,50%,complex64,0.0035775710002781125,,401400.0,4096.0,1,0.00024275200068950653,0.00010035199671983719,9.843199700117111e-05,0.00010537599772214889,0.7071067690849304,0.0,NVIDIA GeForce RTX 5070 Ti,12.0
ok,cutensornet,T_sim_contract: local GPU tensor-network scalar contraction,contract_gpu_median_s,one fixed tensor network under one explicit candidate contraction plan,ghz,chain,12,12,12,11,42,random_path_0,explicit deterministic einsum path,36,50%,complex64,0.0037232450004012208,,10668.0,1024.0,1,0.00023398399353027343,8.767999708652496e-05,8.604799956083297e-05,9.353599697351456e-05,0.7071067690849304,0.0,NVIDIA GeForce RTX 5070 Ti,12.0
ok,cutensornet,T_sim_contract: local GPU tensor-network scalar contraction,contract_gpu_median_s,one fixed tensor network under one explicit candidate contraction plan,ghz,chain,12,12,12,11,42,random_path_1,explicit deterministic einsum path,36,50%,complex64,0.0032219059994531563,,1476.0,64.0,1,0.0002155199944972992,8.150400221347808e-05,8.076799660921096e-05,9.097599983215332e-05,0.7071067690849304,0.0,NVIDIA GeForce RTX 5070 Ti,12.0
ok,cutensornet,T_sim_contract: local GPU tensor-network scalar contraction,contract_gpu_median_s,one fixed tensor network under one explicit candidate contraction plan,ghz,chain,12,12,12,11,42,random_path_2,explicit deterministic einsum path,36,50%,complex64,0.0032433159994980088,,1876.0,64.0,1,0.00021897600591182708,8.240000158548355e-05,7.977599650621414e-05,8.684799820184707e-05,0.7071067690849304,0.0,NVIDIA GeForce RTX 5070 Ti,12.0
ok,cutensornet,T_sim_contract: local GPU tensor-network scalar contraction,contract_gpu_median_s,one fixed tensor network under one explicit candidate contraction plan,ghz,chain,12,12,12,11,42,random_path_3,explicit deterministic einsum path,36,50%,complex64,0.003217699999368051,,1684.0,64.0,1,0.00022844800353050233,8.303999900817871e-05,8.025600016117096e-05,8.726400136947632e-05,0.7071067690849304,0.0,NVIDIA GeForce RTX 5070 Ti,12.0
ok,cutensornet,T_sim_contract: local GPU tensor-network scalar contraction,contract_gpu_median_s,one fixed tensor network under one explicit candidate contraction plan,hea,layers_4,8,12,78,14,42,native_time_tuned,cuTensorNet TIME_TUNED,94,50%,complex64,0.012429483999767399,0.00093000619125,2968.0,16.0,1,0.00036931198835372925,0.0001919039934873581,0.00018812799453735352,0.00019417600333690644,-0.020059658214449883,0.007279788143932819,NVIDIA GeForce RTX 5070 Ti,12.0
ok,cutensornet,T_sim_contract: local GPU tensor-network scalar contraction,contract_gpu_median_s,one fixed tensor network under one explicit candidate contraction plan,hea,layers_4,8,12,78,14,42,left_fold,explicit deterministic einsum path,94,50%,complex64,0.01476297000044724,,45977056.0,65536.0,1,0.0006371840238571168,0.000295199990272522,0.0002943679988384247,0.00030131199955940244,-0.020059596747159958,0.007279803976416588,NVIDIA GeForce RTX 5070 Ti,12.0
ok,cutensornet,T_sim_contract: local GPU tensor-network scalar contraction,contract_gpu_median_s,one fixed tensor network under one explicit candidate contraction plan,hea,layers_4,8,12,78,14,42,right_fold,explicit deterministic einsum path,94,50%,complex64,0.008890024000720587,,95736.0,256.0,1,0.00029465600848197935,0.00020047999918460847,0.00019894400238990785,0.00020556800067424773,-0.020059660077095032,0.007279796991497278,NVIDIA GeForce RTX 5070 Ti,12.0
ok,cutensornet,T_sim_contract: local GPU tensor-network scalar contraction,contract_gpu_median_s,one fixed tensor network under one explicit candidate contraction plan,hea,layers_4,8,12,78,14,42,random_path_0,explicit deterministic einsum path,94,50%,complex64,0.008656848999635258,,74120.0,4096.0,1,0.0005960959792137146,0.00020416000485420227,0.00019542400538921358,0.00021907199919223786,-0.020059695467352867,0.0072797741740942,NVIDIA GeForce RTX 5070 Ti,12.0
ok,cutensornet,T_sim_contract: local GPU tensor-network scalar contraction,contract_gpu_median_s,one fixed tensor network under one explicit candidate contraction plan,hea,layers_4,8,12,78,14,42,random_path_1,explicit deterministic einsum path,94,50%,complex64,0.008605074999650242,,340452.0,16384.0,1,0.00038662400841712953,0.00020713600516319275,0.0002067520022392273,0.00021686400473117827,-0.020059676840901375,0.007279797922819853,NVIDIA GeForce RTX 5070 Ti,12.0
ok,cutensornet,T_sim_contract: local GPU tensor-network scalar contraction,contract_gpu_median_s,one fixed tensor network under one explicit candidate contraction plan,hea,layers_4,8,12,78,14,42,random_path_2,explicit deterministic einsum path,94,50%,complex64,0.00851909099947079,,33140.0,1024.0,1,0.00031113600730895997,0.0001977279931306839,0.00017423999309539796,0.00033926400542259215,-0.02005966193974018,0.0072797732427716255,NVIDIA GeForce RTX 5070 Ti,12.0
ok,cutensornet,T_sim_contract: local GPU tensor-network scalar contraction,contract_gpu_median_s,one fixed tensor network under one explicit candidate contraction plan,hea,layers_4,8,12,78,14,42,random_path_3,explicit deterministic einsum path,94,50%,complex64,0.009127948999775981,,52484.0,2048.0,1,0.0003328959941864014,0.00019791999459266662,0.00019363200664520265,0.00020348800718784333,-0.020059647038578987,0.0072797685861587524,NVIDIA GeForce RTX 5070 Ti,12.0
ok,cutensornet,T_sim_contract: local GPU tensor-network scalar contraction,contract_gpu_median_s,one fixed tensor network under one explicit candidate contraction plan,hea,layers_4,10,12,98,18,42,native_time_tuned,cuTensorNet TIME_TUNED,118,50%,complex64,0.015690465999796288,0.00117000789425,3808.0,16.0,1,0.0003581120073795319,0.00023183999955654145,0.00022892799973487854,0.00023919999599456788,0.03216658532619476,-0.04756398871541023,NVIDIA GeForce RTX 5070 Ti,12.0
ok,cutensornet,T_sim_contract: local GPU tensor-network scalar contraction,contract_gpu_median_s,one fixed tensor network under one explicit candidate contraction plan,hea,layers_4,10,12,98,18,42,left_fold,explicit deterministic einsum path,118,50%,complex64,0.01758830900052999,,8280812952.0,1048576.0,1,0.0022229440212249755,0.001941696047782898,0.001921280026435852,0.0019508479833602905,0.03216660022735596,-0.04756396263837814,NVIDIA GeForce RTX 5070 Ti,12.0
ok,cutensornet,T_sim_contract: local GPU tensor-network scalar contraction,contract_gpu_median_s,one fixed tensor network under one explicit candidate contraction plan,hea,layers_4,10,12,98,18,42,right_fold,explicit deterministic einsum path,118,50%,complex64,0.01150400599999557,,481272.0,1024.0,1,0.00048134401440620423,0.0003675839900970459,0.00036553600430488584,0.00037433600425720214,0.03216657415032387,-0.04756398871541023,NVIDIA GeForce RTX 5070 Ti,12.0
ok,cutensornet,T_sim_contract: local GPU tensor-network scalar contraction,contract_gpu_median_s,one fixed tensor network under one explicit candidate contraction plan,hea,layers_4,10,12,98,18,42,random_path_0,explicit deterministic einsum path,118,50%,complex64,0.010954919000141672,,289876.0,16384.0,1,0.0005213440060615539,0.0002467840015888214,0.00024265600740909577,0.00025279998779296873,0.03216656669974327,-0.047563984990119934,NVIDIA GeForce RTX 5070 Ti,12.0
ok,cutensornet,T_sim_contract: local GPU tensor-network scalar contraction,contract_gpu_median_s,one fixed tensor network under one explicit candidate contraction plan,hea,layers_4,10,12,98,18,42,random_path_1,explicit deterministic einsum path,118,50%,complex64,0.01277392899919505,,2815064.0,262144.0,1,0.001212831974029541,0.00028537601232528684,0.0002825919985771179,0.0002932479977607727,0.032166555523872375,-0.04756397381424904,NVIDIA GeForce RTX 5070 Ti,12.0
ok,cutensornet,T_sim_contract: local GPU tensor-network scalar contraction,contract_gpu_median_s,one fixed tensor network under one explicit candidate contraction plan,hea,layers_4,10,12,98,18,42,random_path_2,explicit deterministic einsum path,118,50%,complex64,0.012037889000566793,,636704.0,65536.0,1,0.0006328960061073303,0.0002471359968185425,0.00024547199904918673,0.00025446400046348573,0.03216656297445297,-0.047563984990119934,NVIDIA GeForce RTX 5070 Ti,12.0
ok,cutensornet,T_sim_contract: local GPU tensor-network scalar contraction,contract_gpu_median_s,one fixed tensor network under one explicit candidate contraction plan,hea,layers_4,10,12,98,18,42,random_path_3,explicit deterministic einsum path,118,50%,complex64,0.011276256000201101,,57816.0,2048.0,1,0.0005700160264968872,0.00024777600169181824,0.0002455359995365143,0.00025148800015449525,0.032166555523872375,-0.04756397008895874,NVIDIA GeForce RTX 5070 Ti,12.0
ok,cutensornet,T_sim_contract: local GPU tensor-network scalar contraction,contract_gpu_median_s,one fixed tensor network under one explicit candidate contraction plan,hea,layers_4,12,12,118,22,42,native_time_tuned,cuTensorNet TIME_TUNED,142,50%,complex64,0.017767100000128266,0.00141001006525,4968.0,32.0,1,0.00039292800426483156,0.00027744001150131227,0.0002741439938545227,0.00028105598688125613,0.013970826752483845,-0.017969749867916107,NVIDIA GeForce RTX 5070 Ti,12.0
ok,cutensornet,T_sim_contract: local GPU tensor-network scalar contraction,contract_gpu_median_s,one fixed tensor network under one explicit candidate contraction plan,hea,layers_4,12,12,118,22,42,left_fold,explicit deterministic einsum path,142,50%,complex64,0.02032123499975569,,320768191584.0,16777216.0,1,0.06760905456542969,0.06752079772949218,0.06601952362060547,0.06938489532470703,0.013970812782645226,-0.01796974614262581,NVIDIA GeForce RTX 5070 Ti,12.0
ok,cutensornet,T_sim_contract: local GPU tensor-network scalar contraction,contract_gpu_median_s,one fixed tensor network under one explicit candidate contraction plan,hea,layers_4,12,12,118,22,42,right_fold,explicit deterministic einsum path,142,50%,complex64,0.01567945900023915,,2318328.0,4096.0,1,0.0006675840020179748,0.00048732799291610715,0.0004830720126628876,0.0004944640100002288,0.013970816507935524,-0.017969751730561256,NVIDIA GeForce RTX 5070 Ti,12.0
ok,cutensornet,T_sim_contract: local GPU tensor-network scalar contraction,contract_gpu_median_s,one fixed tensor network under one explicit candidate contraction plan,hea,layers_4,12,12,118,22,42,random_path_0,explicit deterministic einsum path,142,50%,complex64,0.0152557949995753,,17254608.0,1048576.0,1,0.0009121599793434143,0.00043011200428009035,0.0004264639914035797,0.00043299201130867003,0.013970814645290375,-0.017969749867916107,NVIDIA GeForce RTX 5070 Ti,12.0
ok,cutensornet,T_sim_contract: local GPU tensor-network scalar contraction,contract_gpu_median_s,one fixed tensor network under one explicit candidate contraction plan,hea,layers_4,12,12,118,22,42,random_path_1,explicit deterministic einsum path,142,50%,complex64,0.013586930999736069,,1936244.0,262144.0,1,0.0005633280277252197,0.0002963840067386627,0.0002938239872455597,0.00030368000268936156,0.01397082768380642,-0.01796974614262581,NVIDIA GeForce RTX 5070 Ti,12.0
ok,cutensornet,T_sim_contract: local GPU tensor-network scalar contraction,contract_gpu_median_s,one fixed tensor network under one explicit candidate contraction plan,hea,layers_4,12,12,118,22,42,random_path_2,explicit deterministic einsum path,142,50%,complex64,0.01642374099992594,,275355456.0,33554432.0,1,0.002093183994293213,0.0018197439908981324,0.0018093760013580323,0.001832703948020935,0.013970823027193546,-0.01796974427998066,NVIDIA GeForce RTX 5070 Ti,12.0
ok,cutensornet,T_sim_contract: local GPU tensor-network scalar contraction,contract_gpu_median_s,one fixed tensor network under one explicit candidate contraction plan,hea,layers_4,12,12,118,22,42,random_path_3,explicit deterministic einsum path,142,50%,complex64,0.014220814000509563,,444920.0,16384.0,1,0.0006195520162582398,0.00031564798951148984,0.00031219199299812315,0.0003218879997730255,0.013970811851322651,-0.017969736829400063,NVIDIA GeForce RTX 5070 Ti,12.0
ok,cutensornet,T_sim_contract: local GPU tensor-network scalar contraction,contract_gpu_median_s,one fixed tensor network under one explicit candidate contraction plan,qaoa_cycle,p_3,8,28,56,24,42,native_time_tuned,cuTensorNet TIME_TUNED,72,50%,complex64,0.01637951799966686,0.00071001046825,8920.0,64.0,1,0.0002985599935054779,0.00015036800503730774,0.00014502400159835816,0.00015836800634860994,0.021906323730945587,-0.017002888023853302,NVIDIA GeForce RTX 5070 Ti,12.0
ok,cutensornet,T_sim_contract: local GPU tensor-network scalar contraction,contract_gpu_median_s,one fixed tensor network under one explicit candidate contraction plan,qaoa_cycle,p_3,8,28,56,24,42,left_fold,explicit deterministic einsum path,72,50%,complex64,0.00999071800015372,,169965408.0,65536.0,1,0.0005310400128364563,0.00024348799884319305,0.00023852799832820893,0.00024966399371623995,0.021906256675720215,-0.01700279675424099,NVIDIA GeForce RTX 5070 Ti,12.0
ok,cutensornet,T_sim_contract: local GPU tensor-network scalar contraction,contract_gpu_median_s,one fixed tensor network under one explicit candidate contraction plan,qaoa_cycle,p_3,8,28,56,24,42,right_fold,explicit deterministic einsum path,72,50%,complex64,0.006763721999959671,,83448.0,256.0,1,0.0003033280074596405,0.00015862399339675902,0.00015600000321865082,0.00016124799847602844,0.021906331181526184,-0.017002908512949944,NVIDIA GeForce RTX 5070 Ti,12.0
ok,cutensornet,T_sim_contract: local GPU tensor-network scalar contraction,contract_gpu_median_s,one fixed tensor network under one explicit candidate contraction plan,qaoa_cycle,p_3,8,28,56,24,42,random_path_0,explicit deterministic einsum path,72,50%,complex64,0.009198102000482322,,762892.0,16384.0,1,0.0005489280223846436,0.0001842239946126938,0.00018115200102329255,0.00018758399784564973,0.02190632000565529,-0.017002901062369347,NVIDIA GeForce RTX 5070 Ti,12.0
ok,cutensornet,T_sim_contract: local GPU tensor-network scalar contraction,contract_gpu_median_s,one fixed tensor network under one explicit candidate contraction plan,qaoa_cycle,p_3,8,28,56,24,42,random_path_1,explicit deterministic einsum path,72,50%,complex64,0.008977413000138768,,7791652.0,524288.0,1,0.0005033599734306335,0.00022515200078487396,0.00022313599288463593,0.00023686400055885316,0.021906323730945587,-0.0170028917491436,NVIDIA GeForce RTX 5070 Ti,12.0
ok,cutensornet,T_sim_contract: local GPU tensor-network scalar contraction,contract_gpu_median_s,one fixed tensor network under one explicit candidate contraction plan,qaoa_cycle,p_3,8,28,56,24,42,random_path_2,explicit deterministic einsum path,72,50%,complex64,0.011208888000510342,,1101778620.0,4194304.0,1,0.0038183999061584474,0.0006091200113296509,0.0006054400205612183,0.0006225280165672302,0.021906327456235886,-0.017002899199724197,NVIDIA GeForce RTX 5070 Ti,12.0
ok,cutensornet,T_sim_contract: local GPU tensor-network scalar contraction,contract_gpu_median_s,one fixed tensor network under one explicit candidate contraction plan,qaoa_cycle,p_3,8,28,56,24,42,random_path_3,explicit deterministic einsum path,72,50%,complex64,0.012282689000130631,,49972780.0,1048576.0,1,0.0005730239748954773,0.00024278399348258973,0.0002404160052537918,0.0002454400062561035,0.021906323730945587,-0.017002902925014496,NVIDIA GeForce RTX 5070 Ti,12.0
ok,cutensornet,T_sim_contract: local GPU tensor-network scalar contraction,contract_gpu_median_s,one fixed tensor network under one explicit candidate contraction plan,qaoa_cycle,p_3,10,34,70,30,42,native_time_tuned,cuTensorNet TIME_TUNED,90,50%,complex64,0.019045353999899817,0.00089001384825,12264.0,64.0,1,0.00038150399923324584,0.0001812479943037033,0.0001783359944820404,0.0001865600049495697,-0.006313631776720285,5.219830200076103e-05,NVIDIA GeForce RTX 5070 Ti,12.0
ok,cutensornet,T_sim_contract: local GPU tensor-network scalar contraction,contract_gpu_median_s,one fixed tensor network under one explicit candidate contraction plan,qaoa_cycle,p_3,10,34,70,30,42,left_fold,explicit deterministic einsum path,90,50%,complex64,0.013409537999905297,,3236863272.0,1048576.0,1,0.0012447680234909057,0.0009108480215072632,0.0009013760089874268,0.000918175995349884,-0.006313678342849016,5.215499550104141e-05,NVIDIA GeForce RTX 5070 Ti,12.0
ok,cutensornet,T_sim_contract: local GPU tensor-network scalar contraction,contract_gpu_median_s,one fixed tensor network under one explicit candidate contraction plan,qaoa_cycle,p_3,10,34,70,30,42,right_fold,explicit deterministic einsum path,90,50%,complex64,0.008627735999652941,,415736.0,1024.0,1,0.0004166080057621002,0.0002662079930305481,0.0002631039917469025,0.00026921600103378294,-0.006313628517091274,5.21964393556118e-05,NVIDIA GeForce RTX 5070 Ti,12.0
ok,cutensornet,T_sim_contract: local GPU tensor-network scalar contraction,contract_gpu_median_s,one fixed tensor network under one explicit candidate contraction plan,qaoa_cycle,p_3,10,34,70,30,42,random_path_0,explicit deterministic einsum path,90,50%,complex64,0.01213568999992276,,113498828.0,2097152.0,1,0.0008262079954147338,0.0005255039930343628,0.0005247679948806763,0.0005310080051422119,-0.00631362572312355,5.220028106123209e-05,NVIDIA GeForce RTX 5070 Ti,12.0
ok,cutensornet,T_sim_contract: local GPU tensor-network scalar contraction,contract_gpu_median_s,one fixed tensor network under one explicit candidate contraction plan,qaoa_cycle,p_3,10,34,70,30,42,random_path_1,explicit deterministic einsum path,90,50%,complex64,0.011011106000296422,,68068580.0,4194304.0,1,0.001026911973953247,0.0007211199998855591,0.0007179200053215027,0.0007258880138397216,-0.006313623860478401,5.220063030719757e-05,NVIDIA GeForce RTX 5070 Ti,12.0
ok,cutensornet,T_sim_contract: local GPU tensor-network scalar contraction,contract_gpu_median_s,one fixed tensor network under one explicit candidate contraction plan,qaoa_cycle,p_3,10,34,70,30,42,random_path_2,explicit deterministic einsum path,90,50%,complex64,0.013126795000061975,,1725179564.0,67108864.0,1,0.006168352127075195,0.005827295780181885,0.005816703796386719,0.005839039802551269,-0.006313628517091274,5.219876766204834e-05,NVIDIA GeForce RTX 5070 Ti,12.0
ok,cutensornet,T_sim_contract: local GPU tensor-network scalar contraction,contract_gpu_median_s,one fixed tensor network under one explicit candidate contraction plan,qaoa_cycle,p_3,10,34,70,30,42,random_path_3,explicit deterministic einsum path,90,50%,complex64,0.014751015000001644,,2999182852.0,67108864.0,1,0.006387807846069336,0.0059983677864074705,0.005994592189788818,0.006010047912597656,-0.006313626188784838,5.2203540690243244e-05,NVIDIA GeForce RTX 5070 Ti,12.0
ok,cutensornet,T_sim_contract: local GPU tensor-network scalar contraction,contract_gpu_median_s,one fixed tensor network under one explicit candidate contraction plan,qaoa_cycle,p_3,12,40,84,36,42,native_time_tuned,cuTensorNet TIME_TUNED,108,50%,complex64,0.021521591000237095,0.00107001691625,15160.0,64.0,1,0.0003994559943675995,0.0002128639966249466,0.00020985600352287293,0.00021724799275398254,0.004920051433146,-0.0005591330118477345,NVIDIA GeForce RTX 5070 Ti,12.0
ok,cutensornet,T_sim_contract: local GPU tensor-network scalar contraction,contract_gpu_median_s,one fixed tensor network under one explicit candidate contraction plan,qaoa_cycle,p_3,12,40,84,36,42,left_fold,explicit deterministic einsum path,108,50%,complex64,0.016959491000307025,,416718836240.0,16777216.0,1,0.07957225799560547,0.08158137512207031,0.0807899169921875,0.08199472045898437,0.004919958300888538,-0.00055912253446877,NVIDIA GeForce RTX 5070 Ti,12.0
ok,cutensornet,T_sim_contract: local GPU tensor-network scalar contraction,contract_gpu_median_s,one fixed tensor network under one explicit candidate contraction plan,qaoa_cycle,p_3,12,40,84,36,42,right_fold,explicit deterministic einsum path,108,50%,complex64,0.01084905300012906,,1990648.0,4096.0,1,0.0005369920134544372,0.0003604480028152466,0.00035494399070739745,0.00037094399333000185,0.004920030478388071,-0.0005591484950855374,NVIDIA GeForce RTX 5070 Ti,12.0
ok,cutensornet,T_sim_contract: local GPU tensor-network scalar contraction,contract_gpu_median_s,one fixed tensor network under one explicit candidate contraction plan,qaoa_cycle,p_3,12,40,84,36,42,random_path_0,explicit deterministic einsum path,108,50%,complex64,0.013100828999995429,,46133893580.0,268435456.0,1,0.025431903839111328,0.02488924789428711,0.024865055084228517,0.025209087371826172,0.004920053295791149,-0.0005591411609202623,NVIDIA GeForce RTX 5070 Ti,12.0
ok,cutensornet,T_sim_contract: local GPU tensor-network scalar contraction,contract_gpu_median_s,one fixed tensor network under one explicit candidate contraction plan,qaoa_cycle,p_3,12,40,84,36,42,random_path_1,explicit deterministic einsum path,108,50%,complex64,0.015357580999989295,,153557720.0,1048576.0,1,0.001142240047454834,0.0004488320052623749,0.0004459199905395508,0.0004545919895172119,0.004920052830129862,-0.0005591335357166827,NVIDIA GeForce RTX 5070 Ti,12.0
ok,cutensornet,T_sim_contract: local GPU tensor-network scalar contraction,contract_gpu_median_s,one fixed tensor network under one explicit candidate contraction plan,qaoa_cycle,p_3,12,40,84,36,42,random_path_2,explicit deterministic einsum path,108,50%,complex64,0.01408800599983806,,11493775852.0,134217728.0,1,0.014769887924194336,0.014438528060913086,0.014368639945983887,0.014447487831115723,0.004920048639178276,-0.0005591355729848146,NVIDIA GeForce RTX 5070 Ti,12.0
ok,cutensornet,T_sim_contract: local GPU tensor-network scalar contraction,contract_gpu_median_s,one fixed tensor network under one explicit candidate contraction plan,qaoa_cycle,p_3,12,40,84,36,42,random_path_3,explicit deterministic einsum path,108,50%,complex64,0.015901330999440688,,1356995240.0,134217728.0,1,0.011052288055419923,0.010564672470092773,0.010550911903381349,0.010579296112060547,0.004920046776533127,-0.0005591358058154583,NVIDIA GeForce RTX 5070 Ti,12.0
ok,cutensornet,T_sim_contract: local GPU tensor-network scalar contraction,contract_gpu_median_s,one fixed tensor network under one explicit candidate contraction plan,random_brickwork,layers_8,8,24,156,28,42,native_time_tuned,cuTensorNet TIME_TUNED,172,50%,complex64,0.02636497200001031,0.00171001881425,15592.0,128.0,1,0.0005784639716148376,0.0003310079872608185,0.0003282560110092163,0.00034019199013710024,-0.03365489840507507,0.016231447458267212,NVIDIA GeForce RTX 5070 Ti,12.0
ok,cutensornet,T_sim_contract: local GPU tensor-network scalar contraction,contract_gpu_median_s,one fixed tensor network under one explicit candidate contraction plan,random_brickwork,layers_8,8,24,156,28,42,left_fold,explicit deterministic einsum path,172,50%,complex64,0.02703091500006849,,275747584.0,65536.0,1,0.0012124799489974976,0.0005720639824867248,0.0005666239857673645,0.0005804799795150757,-0.03365491330623627,0.016231438145041466,NVIDIA GeForce RTX 5070 Ti,12.0
ok,cutensornet,T_sim_contract: local GPU tensor-network scalar contraction,contract_gpu_median_s,one fixed tensor network under one explicit candidate contraction plan,random_brickwork,layers_8,8,24,156,28,42,right_fold,explicit deterministic einsum path,172,50%,complex64,0.01685813899985078,,189944.0,256.0,1,0.0005127999782562256,0.0003603520095348358,0.00035839998722076414,0.00036697599291801453,-0.033654920756816864,0.016231423243880272,NVIDIA GeForce RTX 5070 Ti,12.0
ok,cutensornet,T_sim_contract: local GPU tensor-network scalar contraction,contract_gpu_median_s,one fixed tensor network under one explicit candidate contraction plan,random_brickwork,layers_8,8,24,156,28,42,random_path_0,explicit deterministic einsum path,172,50%,complex64,0.025255714999730117,,401911616.0,16777216.0,1,0.0034740800857543945,0.0031008639335632325,0.003085536003112793,0.003122944116592407,-0.03365490585565567,0.016231421381235123,NVIDIA GeForce RTX 5070 Ti,12.0
ok,cutensornet,T_sim_contract: local GPU tensor-network scalar contraction,contract_gpu_median_s,one fixed tensor network under one explicit candidate contraction plan,random_brickwork,layers_8,8,24,156,28,42,random_path_1,explicit deterministic einsum path,172,50%,complex64,0.020943997999893327,,96215696.0,2097152.0,1,0.0008917440176010132,0.0005683839917182922,0.0005632960200309754,0.0005734720230102539,-0.03365490213036537,0.016231434419751167,NVIDIA GeForce RTX 5070 Ti,12.0
ok,cutensornet,T_sim_contract: local GPU tensor-network scalar contraction,contract_gpu_median_s,one fixed tensor network under one explicit candidate contraction plan,random_brickwork,layers_8,8,24,156,28,42,random_path_2,explicit deterministic einsum path,172,50%,complex64,0.017968840000321507,,2199596328.0,134217728.0,1,0.008455743789672851,0.008106687545776366,0.008093664169311524,0.008127455711364745,-0.03365492820739746,0.016231456771492958,NVIDIA GeForce RTX 5070 Ti,12.0
ok,cutensornet,T_sim_contract: local GPU tensor-network scalar contraction,contract_gpu_median_s,one fixed tensor network under one explicit candidate contraction plan,random_brickwork,layers_8,8,24,156,28,42,random_path_3,explicit deterministic einsum path,172,50%,complex64,0.017211950000273646,,1242644592.0,33554432.0,1,0.008723808288574218,0.008130271911621094,0.008087712287902832,0.008420384407043457,-0.03365489840507507,0.01623145118355751,NVIDIA GeForce RTX 5070 Ti,12.0
ok,cutensornet,T_sim_contract: local GPU tensor-network scalar contraction,contract_gpu_median_s,one fixed tensor network under one explicit candidate contraction plan,random_brickwork,layers_8,10,24,196,36,42,native_time_tuned,cuTensorNet TIME_TUNED,216,50%,complex64,0.0319291420000809,0.00215002589925,24144.0,128.0,1,0.0006242240071296692,0.00041200000047683714,0.0004089919924736023,0.000417279988527298,-0.005335611291229725,-0.040535349398851395,NVIDIA GeForce RTX 5070 Ti,12.0
ok,cutensornet,T_sim_contract: local GPU tensor-network scalar contraction,contract_gpu_median_s,one fixed tensor network under one explicit candidate contraction plan,random_brickwork,layers_8,10,24,196,36,42,left_fold,explicit deterministic einsum path,216,50%,complex64,0.03255569600059971,,16471732312.0,1048576.0,1,0.004144095897674561,0.003770143985748291,0.003736095905303955,0.0037898879051208494,-0.005335591267794371,-0.04053530842065811,NVIDIA GeForce RTX 5070 Ti,12.0
ok,cutensornet,T_sim_contract: local GPU tensor-network scalar contraction,contract_gpu_median_s,one fixed tensor network under one explicit candidate contraction plan,random_brickwork,layers_8,10,24,196,36,42,right_fold,explicit deterministic einsum path,216,50%,complex64,0.02167745000042487,,956408.0,1024.0,1,0.0008655359745025635,0.0007238720059394837,0.000722271978855133,0.0007291200160980224,-0.005335609894245863,-0.0405353307723999,NVIDIA GeForce RTX 5070 Ti,12.0
ok,cutensornet,T_sim_contract: local GPU tensor-network scalar contraction,contract_gpu_median_s,one fixed tensor network under one explicit candidate contraction plan,random_brickwork,layers_8,10,24,196,36,42,random_path_1,explicit deterministic einsum path,216,50%,complex64,0.02072570999916934,,32532612.0,1048576.0,1,0.0009169600009918213,0.0005292479991912842,0.0005266879796981812,0.0005465279817581177,-0.005335617810487747,-0.040535327047109604,NVIDIA GeForce RTX 5070 Ti,12.0
ok,cutensornet,T_sim_contract: local GPU tensor-network scalar contraction,contract_gpu_median_s,one fixed tensor network under one explicit candidate contraction plan,random_brickwork,layers_8,10,24,196,36,42,random_path_2,explicit deterministic einsum path,216,50%,complex64,0.021903820999796153,,103871984.0,2097152.0,1,0.0011463359594345093,0.000735584020614624,0.0007342079877853394,0.0007425919771194458,-0.005335601512342691,-0.0405353344976902,NVIDIA GeForce RTX 5070 Ti,12.0
ok,cutensornet,T_sim_contract: local GPU tensor-network scalar contraction,contract_gpu_median_s,one fixed tensor network under one explicit candidate contraction plan,random_brickwork,layers_8,10,24,196,36,42,random_path_3,explicit deterministic einsum path,216,50%,complex64,0.02430771499984985,,443614108.0,16777216.0,1,0.0031668479442596435,0.002790208101272583,0.0027792320251464843,0.002812544107437134,-0.00533562945201993,-0.040535327047109604,NVIDIA GeForce RTX 5070 Ti,12.0
ok,cutensornet,T_sim_contract: local GPU tensor-network scalar contraction,contract_gpu_median_s,one fixed tensor network under one explicit candidate contraction plan,random_brickwork,layers_8,12,24,236,44,42,native_time_tuned,cuTensorNet TIME_TUNED,260,50%,complex64,0.042582620999382925,0.00259003441425,30664.0,128.0,1,0.0006899840235710144,0.0004923839867115021,0.0004900160133838653,0.0005015360116958619,0.01848241500556469,-0.0027926568873226643,NVIDIA GeForce RTX 5070 Ti,12.0
ok,cutensornet,T_sim_contract: local GPU tensor-network scalar contraction,contract_gpu_median_s,one fixed tensor network under one explicit candidate contraction plan,random_brickwork,layers_8,12,24,236,44,42,left_fold,explicit deterministic einsum path,260,50%,complex64,0.04041656899971713,,573929335728.0,16777216.0,1,0.11041302490234375,0.11341487884521484,0.11285628509521485,0.1137518081665039,0.01848239079117775,-0.002792646177113056,NVIDIA GeForce RTX 5070 Ti,12.0
ok,cutensornet,T_sim_contract: local GPU tensor-network scalar contraction,contract_gpu_median_s,one fixed tensor network under one explicit candidate contraction plan,random_brickwork,layers_8,12,24,236,44,42,right_fold,explicit deterministic einsum path,260,50%,complex64,0.03113406299962662,,4612088.0,4096.0,1,0.001123520016670227,0.0009732159972190857,0.0009714239835739136,0.0009844160079956054,0.018482405692338943,-0.0027926587499678135,NVIDIA GeForce RTX 5070 Ti,12.0
ok,cutensornet,T_sim_contract: local GPU tensor-network scalar contraction,contract_gpu_median_s,one fixed tensor network under one explicit candidate contraction plan,random_brickwork,layers_8,12,24,236,44,42,random_path_2,explicit deterministic einsum path,260,50%,complex64,0.02602817899969523,,1285898936.0,33554432.0,1,0.00882265567779541,0.008315135955810547,0.008264991760253906,0.008379167556762695,0.01848241314291954,-0.0027926568873226643,NVIDIA GeForce RTX 5070 Ti,12.0
ok,cutensornet,T_sim_contract: local GPU tensor-network scalar contraction,contract_gpu_median_s,one fixed tensor network under one explicit candidate contraction plan,random_brickwork,layers_8,12,24,236,44,42,random_path_3,explicit deterministic einsum path,260,50%,complex64,0.02708509999956732,,5799547332.0,134217728.0,1,0.0159202241897583,0.015204832077026368,0.015132960319519042,0.015238559722900391,0.018482429906725883,-0.002792670391499996,NVIDIA GeForce RTX 5070 Ti,12.0
ok,cutensornet,T_sim_contract: local GPU tensor-network scalar contraction,contract_gpu_median_s,one fixed tensor network under one explicit candidate contraction plan,qft,full,8,15,36,28,42,native_time_tuned,cuTensorNet TIME_TUNED,52,50%,complex64,0.014081831000112288,0.00051000876525,7744.0,64.0,1,0.0002877120077610016,0.00011382400244474411,0.00011068800091743469,0.00012035199999809265,0.062499988824129105,0.0,NVIDIA GeForce RTX 5070 Ti,12.0
ok,cutensornet,T_sim_contract: local GPU tensor-network scalar contraction,contract_gpu_median_s,one fixed tensor network under one explicit candidate contraction plan,qft,full,8,15,36,28,42,left_fold,explicit deterministic einsum path,52,50%,complex64,0.007701429999542597,,27194208.0,65536.0,1,0.0007008640170097351,0.00018508799374103546,0.00018303999304771423,0.00019513599574565887,0.062499985098838806,0.0,NVIDIA GeForce RTX 5070 Ti,12.0
ok,cutensornet,T_sim_contract: local GPU tensor-network scalar contraction,contract_gpu_median_s,one fixed tensor network under one explicit candidate contraction plan,qft,full,8,15,36,28,42,right_fold,explicit deterministic einsum path,52,50%,complex64,0.005128224000145565,,67064.0,256.0,1,0.00027744001150131227,0.0001218239963054657,0.00011875200271606445,0.00012383999675512315,0.0624999925494194,0.0,NVIDIA GeForce RTX 5070 Ti,12.0
ok,cutensornet,T_sim_contract: local GPU tensor-network scalar contraction,contract_gpu_median_s,one fixed tensor network under one explicit candidate contraction plan,qft,full,8,15,36,28,42,random_path_0,explicit deterministic einsum path,52,50%,complex64,0.0073881139996956335,,4166752.0,262144.0,1,0.00044409599900245664,0.00016550399363040924,0.00016271999478340149,0.00016972799599170686,0.062499988824129105,0.0,NVIDIA GeForce RTX 5070 Ti,12.0
ok,cutensornet,T_sim_contract: local GPU tensor-network scalar contraction,contract_gpu_median_s,one fixed tensor network under one explicit candidate contraction plan,qft,full,8,15,36,28,42,random_path_1,explicit deterministic einsum path,52,50%,complex64,0.008252669000285096,,24481080.0,1048576.0,1,0.0005134720206260681,0.00024038399755954744,0.000238304004073143,0.0002497600018978119,0.06249998137354851,0.0,NVIDIA GeForce RTX 5070 Ti,12.0
ok,cutensornet,T_sim_contract: local GPU tensor-network scalar contraction,contract_gpu_median_s,one fixed tensor network under one explicit candidate contraction plan,qft,full,8,15,36,28,42,random_path_2,explicit deterministic einsum path,52,50%,complex64,0.006622808999964036,,3440572.0,65536.0,1,0.0004599039852619171,0.00015964800119400025,0.0001576640009880066,0.00016713599860668183,0.062499988824129105,0.0,NVIDIA GeForce RTX 5070 Ti,12.0
ok,cutensornet,T_sim_contract: local GPU tensor-network scalar contraction,contract_gpu_median_s,one fixed tensor network under one explicit candidate contraction plan,qft,full,8,15,36,28,42,random_path_3,explicit deterministic einsum path,52,50%,complex64,0.00656109900046431,,117474604.0,4194304.0,1,0.0006558719873428345,0.0004056960046291351,0.0004039359986782074,0.00041366401314735414,0.062499988824129105,0.0,NVIDIA GeForce RTX 5070 Ti,12.0
ok,cutensornet,T_sim_contract: local GPU tensor-network scalar contraction,contract_gpu_median_s,one fixed tensor network under one explicit candidate contraction plan,qft,full,10,19,55,45,42,native_time_tuned,cuTensorNet TIME_TUNED,75,50%,complex64,0.022018750999450276,0.00074002400125,31120.0,256.0,1,0.00043856000900268554,0.00015715199708938598,0.0001536320000886917,0.00016415999829769135,0.031249990686774254,0.0,NVIDIA GeForce RTX 5070 Ti,12.0
ok,cutensornet,T_sim_contract: local GPU tensor-network scalar contraction,contract_gpu_median_s,one fixed tensor network under one explicit candidate contraction plan,qft,full,10,19,55,45,42,left_fold,explicit deterministic einsum path,75,50%,complex64,0.011505666999255482,,261769140.0,262144.0,1,0.0006043840050697326,0.0003081279993057251,0.0003068479895591736,0.0003130559921264648,0.031249990686774254,0.0,NVIDIA GeForce RTX 5070 Ti,12.0
ok,cutensornet,T_sim_contract: local GPU tensor-network scalar contraction,contract_gpu_median_s,one fixed tensor network under one explicit candidate contraction plan,qft,full,10,19,55,45,42,right_fold,explicit deterministic einsum path,75,50%,complex64,0.007481456999812508,,415736.0,1024.0,1,0.00036559998989105225,0.0002149759978055954,0.00021238400042057038,0.00022252799570560456,0.0312499962747097,0.0,NVIDIA GeForce RTX 5070 Ti,12.0
ok,cutensornet,T_sim_contract: local GPU tensor-network scalar contraction,contract_gpu_median_s,one fixed tensor network under one explicit candidate contraction plan,qft,full,10,19,55,45,42,random_path_0,explicit deterministic einsum path,75,50%,complex64,0.012389520999931847,,5038920820.0,67108864.0,1,0.0035088961124420167,0.003170815944671631,0.0031669440269470215,0.00317526388168335,0.031249992549419403,0.0,NVIDIA GeForce RTX 5070 Ti,12.0
ok,cutensornet,T_sim_contract: local GPU tensor-network scalar contraction,contract_gpu_median_s,one fixed tensor network under one explicit candidate contraction plan,qft,full,10,19,55,45,42,random_path_1,explicit deterministic einsum path,75,50%,complex64,0.012059208999744442,,580077268.0,16777216.0,1,0.0013052480220794678,0.0009095680117607117,0.0009055359959602356,0.0009158080220222474,0.031249990686774254,0.0,NVIDIA GeForce RTX 5070 Ti,12.0
ok,cutensornet,T_sim_contract: local GPU tensor-network scalar contraction,contract_gpu_median_s,one fixed tensor network under one explicit candidate contraction plan,qft,full,10,19,55,45,42,random_path_2,explicit deterministic einsum path,75,50%,complex64,0.012083681000149227,,90452812.0,4194304.0,1,0.0008039680123329162,0.0005132480263710022,0.0005123839974403382,0.0005184959769248962,0.031249990686774254,0.0,NVIDIA GeForce RTX 5070 Ti,12.0
ok,cutensornet,T_sim_contract: local GPU tensor-network scalar contraction,contract_gpu_median_s,one fixed tensor network under one explicit candidate contraction plan,qft,full,10,19,55,45,42,random_path_3,explicit deterministic einsum path,75,50%,complex64,0.010027268000158074,,2250557256.0,268435456.0,1,0.012074560165405273,0.011780447959899902,0.011750880241394044,0.01181276798248291,0.031249990686774254,0.0,NVIDIA GeForce RTX 5070 Ti,12.0
ok,cutensornet,T_sim_contract: local GPU tensor-network scalar contraction,contract_gpu_median_s,one fixed tensor network under one explicit candidate contraction plan,qft,full,12,23,78,66,42,native_time_tuned,cuTensorNet TIME_TUNED,102,50%,complex64,0.038101864000054775,0.00101006534125,137792.0,1024.0,1,0.0008250560164451599,0.00021782399713993073,0.0002160000056028366,0.0002231999933719635,0.015624996274709702,0.0,NVIDIA GeForce RTX 5070 Ti,12.0
ok,cutensornet,T_sim_contract: local GPU tensor-network scalar contraction,contract_gpu_median_s,one fixed tensor network under one explicit candidate contraction plan,qft,full,12,23,78,66,42,left_fold,explicit deterministic einsum path,102,50%,complex64,0.014313261000097555,,107434397440.0,16777216.0,1,0.026857376098632812,0.026619007110595703,0.026584287643432618,0.026624832153320312,0.015624993480741978,0.0,NVIDIA GeForce RTX 5070 Ti,12.0
ok,cutensornet,T_sim_contract: local GPU tensor-network scalar contraction,contract_gpu_median_s,one fixed tensor network under one explicit candidate contraction plan,qft,full,12,23,78,66,42,right_fold,explicit deterministic einsum path,102,50%,complex64,0.010892724999393977,,2383864.0,4096.0,1,0.00046636798977851867,0.00029679998755455017,0.00029577600955963133,0.0002991679906845093,0.01562499813735485,0.0,NVIDIA GeForce RTX 5070 Ti,12.0
