configuration_id,engine_id,method_id,reader_label,fidelity_class,claim_boundary,stratum,evaluation_target_clock,method_output_clock,quality_policy_id,attempted_cells,ok_cells,failure_cells,ok_coverage,median_seconds,mean_seconds,min_seconds,comparability,note,source_path,source_sha256
aer_noisy_local_warm,qiskit_aer_noisy,qiskit_aer_noisy_local,Local noisy-Aer warm measurement capsule,local_measurement,"Local engine/configuration measurement, not Azizov predictor coverage and not archived QPU time.",core_q2_q9,warm_execution,warm_execution,exact_noisy_aer_configuration,162,162,0,1,0.672675819002,1.04238389135,0.610743801,engine_configuration_descriptive_only,Local noisy-Aer reduced warm measurement capsule; not QPU time and not Azizov predictor coverage.,artifacts/benchmark_v1/c44_aer_q16_full_panel_evaluation_20260927/aer_q16_reduced_warm.csv,a25e2e740fd3058e487f713cd0fc074dd8761120a5aface275a212693ac05437
aer_noisy_local_warm,qiskit_aer_noisy,qiskit_aer_noisy_local,Local noisy-Aer warm measurement capsule,local_measurement,"Local engine/configuration measurement, not Azizov predictor coverage and not archived QPU time.",frontier_q10_q16,warm_execution,warm_execution,exact_noisy_aer_configuration,42,42,0,1,8.486504447,11.8020558924,1.059288371,engine_configuration_descriptive_only,Local noisy-Aer reduced warm measurement capsule; not QPU time and not Azizov predictor coverage.,artifacts/benchmark_v1/c44_aer_q16_full_panel_evaluation_20260927/aer_q16_reduced_warm.csv,a25e2e740fd3058e487f713cd0fc074dd8761120a5aface275a212693ac05437
cudaq_nvidia_dense_fp32,cudaq_nvidia_dense,cudaq_dense_local,CUDA-Q dense local bridge measurement,local_measurement,"Native local measurement, not a paper runtime-predictor reproduction.",core_q2_q9,first_execution,first_execution,sample_api_fp32_or_fp64,486,468,18,0.962962962963,0.0327605205021,0.0805191948889,0.0219248149951,same_engine_precision_clock_only,Terminal adapter_error cells remain in the denominator; FP32/FP64 and first/warm are never pooled.,artifacts/benchmark_v1/cudaq_dense_common_q16_bridge_full_v1_20260928/cudaq_dense_common_raw.csv,19da3548991404395f05ef57dca4f499426551ab4a7389392df60731dce282ba
cudaq_nvidia_dense_fp32,cudaq_nvidia_dense,cudaq_dense_local,CUDA-Q dense local bridge measurement,local_measurement,"Native local measurement, not a paper runtime-predictor reproduction.",core_q2_q9,warm_execution,warm_execution,sample_api_fp32_or_fp64,486,468,18,0.962962962963,0.000259881991951,0.00172981498703,7.23020057194e-05,same_engine_precision_clock_only,Terminal adapter_error cells remain in the denominator; FP32/FP64 and first/warm are never pooled.,artifacts/benchmark_v1/cudaq_dense_common_q16_bridge_full_v1_20260928/cudaq_dense_common_raw.csv,19da3548991404395f05ef57dca4f499426551ab4a7389392df60731dce282ba
cudaq_nvidia_dense_fp32,cudaq_nvidia_dense,cudaq_dense_local,CUDA-Q dense local bridge measurement,local_measurement,"Native local measurement, not a paper runtime-predictor reproduction.",frontier_q10_q16,first_execution,first_execution,sample_api_fp32_or_fp64,126,126,0,1,0.0403089570027,0.0464437207621,0.027048295,same_engine_precision_clock_only,Terminal adapter_error cells remain in the denominator; FP32/FP64 and first/warm are never pooled.,artifacts/benchmark_v1/cudaq_dense_common_q16_bridge_full_v1_20260928/cudaq_dense_common_raw.csv,19da3548991404395f05ef57dca4f499426551ab4a7389392df60731dce282ba
cudaq_nvidia_dense_fp32,cudaq_nvidia_dense,cudaq_dense_local,CUDA-Q dense local bridge measurement,local_measurement,"Native local measurement, not a paper runtime-predictor reproduction.",frontier_q10_q16,warm_execution,warm_execution,sample_api_fp32_or_fp64,126,126,0,1,0.000565442496736,0.000766914238435,0.000178651011083,same_engine_precision_clock_only,Terminal adapter_error cells remain in the denominator; FP32/FP64 and first/warm are never pooled.,artifacts/benchmark_v1/cudaq_dense_common_q16_bridge_full_v1_20260928/cudaq_dense_common_raw.csv,19da3548991404395f05ef57dca4f499426551ab4a7389392df60731dce282ba
cudaq_nvidia_dense_fp64,cudaq_nvidia_dense,cudaq_dense_local,CUDA-Q dense local bridge measurement,local_measurement,"Native local measurement, not a paper runtime-predictor reproduction.",core_q2_q9,first_execution,first_execution,sample_api_fp32_or_fp64,486,468,18,0.962962962963,0.0317345985022,0.0802149799657,0.0218710079935,same_engine_precision_clock_only,Terminal adapter_error cells remain in the denominator; FP32/FP64 and first/warm are never pooled.,artifacts/benchmark_v1/cudaq_dense_common_q16_bridge_full_v1_20260928/cudaq_dense_common_raw.csv,19da3548991404395f05ef57dca4f499426551ab4a7389392df60731dce282ba
cudaq_nvidia_dense_fp64,cudaq_nvidia_dense,cudaq_dense_local,CUDA-Q dense local bridge measurement,local_measurement,"Native local measurement, not a paper runtime-predictor reproduction.",core_q2_q9,warm_execution,warm_execution,sample_api_fp32_or_fp64,486,468,18,0.962962962963,0.000285667505523,0.00175830571131,7.51350016799e-05,same_engine_precision_clock_only,Terminal adapter_error cells remain in the denominator; FP32/FP64 and first/warm are never pooled.,artifacts/benchmark_v1/cudaq_dense_common_q16_bridge_full_v1_20260928/cudaq_dense_common_raw.csv,19da3548991404395f05ef57dca4f499426551ab4a7389392df60731dce282ba
cudaq_nvidia_dense_fp64,cudaq_nvidia_dense,cudaq_dense_local,CUDA-Q dense local bridge measurement,local_measurement,"Native local measurement, not a paper runtime-predictor reproduction.",frontier_q10_q16,first_execution,first_execution,sample_api_fp32_or_fp64,126,126,0,1,0.0395712290047,0.0454088782144,0.0269532999955,same_engine_precision_clock_only,Terminal adapter_error cells remain in the denominator; FP32/FP64 and first/warm are never pooled.,artifacts/benchmark_v1/cudaq_dense_common_q16_bridge_full_v1_20260928/cudaq_dense_common_raw.csv,19da3548991404395f05ef57dca4f499426551ab4a7389392df60731dce282ba
cudaq_nvidia_dense_fp64,cudaq_nvidia_dense,cudaq_dense_local,CUDA-Q dense local bridge measurement,local_measurement,"Native local measurement, not a paper runtime-predictor reproduction.",frontier_q10_q16,warm_execution,warm_execution,sample_api_fp32_or_fp64,126,126,0,1,0.00060158350243,0.00079495576961,0.000221066991799,same_engine_precision_clock_only,Terminal adapter_error cells remain in the denominator; FP32/FP64 and first/warm are never pooled.,artifacts/benchmark_v1/cudaq_dense_common_q16_bridge_full_v1_20260928/cudaq_dense_common_raw.csv,19da3548991404395f05ef57dca4f499426551ab4a7389392df60731dce282ba
cudaq_nvidia_mps_fp64,cudaq_nvidia_mps,cudaq_mps_quality_constrained,CUDA-Q MPS quality-gated local bridge measurement,local_measurement,Runtime is meaningful only with its paired fidelity/quality condition.,core_q2_q9,first_execution,first_execution,fp64_bond16_cutoff1e-10_gesvdj_fidelity_ge_0.99,486,462,24,0.950617283951,0.225540385996,1.83995278319,0.0353820119926,same_engine_fixed_quality_clock_only,MPS runtime is quality-gated; quality_failed and adapter_error remain in the denominator. Not a dense-equivalence claim.,artifacts/benchmark_v1/cudaq_mps_common_q16_bridge_full_v1_20260928/cudaq_mps_common_raw.csv,41aaffa3977eebb7d045555baa43dec9a5ecd81dff51aa23943f8d00f6ccc495
cudaq_nvidia_mps_fp64,cudaq_nvidia_mps,cudaq_mps_quality_constrained,CUDA-Q MPS quality-gated local bridge measurement,local_measurement,Runtime is meaningful only with its paired fidelity/quality condition.,core_q2_q9,warm_execution,warm_execution,fp64_bond16_cutoff1e-10_gesvdj_fidelity_ge_0.99,486,462,24,0.950617283951,0.0894645265071,1.70198355761,0.0094185170019,same_engine_fixed_quality_clock_only,MPS runtime is quality-gated; quality_failed and adapter_error remain in the denominator. Not a dense-equivalence claim.,artifacts/benchmark_v1/cudaq_mps_common_q16_bridge_full_v1_20260928/cudaq_mps_common_raw.csv,41aaffa3977eebb7d045555baa43dec9a5ecd81dff51aa23943f8d00f6ccc495
cudaq_nvidia_mps_fp64,cudaq_nvidia_mps,cudaq_mps_quality_constrained,CUDA-Q MPS quality-gated local bridge measurement,local_measurement,Runtime is meaningful only with its paired fidelity/quality condition.,frontier_q10_q16,first_execution,first_execution,fp64_bond16_cutoff1e-10_gesvdj_fidelity_ge_0.99,126,111,15,0.880952380952,0.236395485001,1.22798185386,0.145375459993,same_engine_fixed_quality_clock_only,MPS runtime is quality-gated; quality_failed and adapter_error remain in the denominator. Not a dense-equivalence claim.,artifacts/benchmark_v1/cudaq_mps_common_q16_bridge_full_v1_20260928/cudaq_mps_common_raw.csv,41aaffa3977eebb7d045555baa43dec9a5ecd81dff51aa23943f8d00f6ccc495
cudaq_nvidia_mps_fp64,cudaq_nvidia_mps,cudaq_mps_quality_constrained,CUDA-Q MPS quality-gated local bridge measurement,local_measurement,Runtime is meaningful only with its paired fidelity/quality condition.,frontier_q10_q16,warm_execution,warm_execution,fp64_bond16_cutoff1e-10_gesvdj_fidelity_ge_0.99,126,111,15,0.880952380952,0.101237048002,1.06756728083,0.0155065020081,same_engine_fixed_quality_clock_only,MPS runtime is quality-gated; quality_failed and adapter_error remain in the denominator. Not a dense-equivalence claim.,artifacts/benchmark_v1/cudaq_mps_common_q16_bridge_full_v1_20260928/cudaq_mps_common_raw.csv,41aaffa3977eebb7d045555baa43dec9a5ecd81dff51aa23943f8d00f6ccc495
cutensornet_scalar_complex64,cutensornet_scalar_network,cutensornet_runtime_est,cuTensorNet native RUNTIME_EST,native,"Native estimator is compared only to the matching contraction clock, not generic simulator end-to-end time.",core_q2_q9,warm_execution,selected_plan_runtime_estimate,same_selected_plan_workspace_precision,486,477,9,0.981481481481,0.000410046944444,0.00163384565271,5.00008377778e-05,paired_native_estimate_vs_matching_warm_scalar_contraction_only,Same selected plan/workspace/precision/session required. Not a generic end-to-end simulator score.,artifacts/benchmark_v1/cutensornet_common_q16_full_v1_20260928/cutensornet_scalar_common_raw.csv,843a28edae4afc90eec83a491fea21519d67d5f4454093d436200ca65d23535d
cutensornet_scalar_complex64,cutensornet_scalar_network,cutensornet_runtime_est,cuTensorNet native RUNTIME_EST,native,"Native estimator is compared only to the matching contraction clock, not generic simulator end-to-end time.",core_q2_q9,warm_execution,warm_execution,same_selected_plan_workspace_precision,486,477,9,0.981481481481,0.000117055997252,0.000498809088646,3.68320010602e-05,paired_native_estimate_vs_matching_warm_scalar_contraction_only,Same selected plan/workspace/precision/session required. Not a generic end-to-end simulator score.,artifacts/benchmark_v1/cutensornet_common_q16_full_v1_20260928/cutensornet_scalar_common_raw.csv,843a28edae4afc90eec83a491fea21519d67d5f4454093d436200ca65d23535d
cutensornet_scalar_complex64,cutensornet_scalar_network,cutensornet_runtime_est,cuTensorNet native RUNTIME_EST,native,"Native estimator is compared only to the matching contraction clock, not generic simulator end-to-end time.",frontier_q10_q16,warm_execution,selected_plan_runtime_estimate,same_selected_plan_workspace_precision,126,126,0,1,0.000820046655556,0.000985177266455,0.000290012855556,paired_native_estimate_vs_matching_warm_scalar_contraction_only,Same selected plan/workspace/precision/session required. Not a generic end-to-end simulator score.,artifacts/benchmark_v1/cutensornet_common_q16_full_v1_20260928/cutensornet_scalar_common_raw.csv,843a28edae4afc90eec83a491fea21519d67d5f4454093d436200ca65d23535d
cutensornet_scalar_complex64,cutensornet_scalar_network,cutensornet_runtime_est,cuTensorNet native RUNTIME_EST,native,"Native estimator is compared only to the matching contraction clock, not generic simulator end-to-end time.",frontier_q10_q16,warm_execution,warm_execution,same_selected_plan_workspace_precision,126,126,0,1,0.000201872006059,0.000243065396531,8.90239998698e-05,paired_native_estimate_vs_matching_warm_scalar_contraction_only,Same selected plan/workspace/precision/session required. Not a generic end-to-end simulator score.,artifacts/benchmark_v1/cutensornet_common_q16_full_v1_20260928/cutensornet_scalar_common_raw.csv,843a28edae4afc90eec83a491fea21519d67d5f4454093d436200ca65d23535d
