source,runtime_semantics,observation_unit,target_name,family,circuit_variant,family_depth_multiplier,family_depth_parameter,num_qubits,logical_depth,logical_total_gate_count,logical_single_qubit_gate_count,logical_two_qubit_gate_count,precision,optimizer_cost_function,cutensornet_runtime_est_s,cutensornet_effective_flops_est,cutensornet_flop_count,cutensornet_largest_intermediate_elements,cutensornet_num_slices,tensor_network_build_s,path_optimization_s,first_contract_gpu_s,contract_gpu_median_s,contract_gpu_mean_s,contract_gpu_min_s,contract_gpu_max_s,contract_gpu_stdev_s,end_to_end_first_s,warmups,repeats,seed,gpu_name,gpu_compute_capability,gpu_memory_bytes,feasibility_status,cell_timeout_s
cutensornet,T_sim_contract: local GPU tensor-network scalar contraction,one circuit-derived tensor-network contraction plan,contract_gpu_median_s,ghz,chain,1.0,1,16,16,16,1,15,complex64,TIME_TUNED,0.00047000238225,9400047645.0,852.0,8.0,1,0.022127844999886292,0.007056238999211928,0.00202892804145813,0.00011488000303506852,0.00011596160084009172,0.00011078400164842605,0.000122079998254776,4.319014316176646e-06,0.28641718304107056,2,5,42,NVIDIA GeForce RTX 5070 Ti,12.0,16608788480,ok,60.0
cutensornet,T_sim_contract: local GPU tensor-network scalar contraction,one circuit-derived tensor-network contraction plan,contract_gpu_median_s,ghz,chain,1.0,1,20,20,20,1,19,complex64,TIME_TUNED,0.00059000316225,11800063245.0,1172.0,8.0,1,0.02188162300080876,0.00958207600069727,0.002079967975616455,0.00014134399592876434,0.00014033280014991758,0.0001351359933614731,0.00014480000734329223,4.545221039629036e-06,0.28637218597631725,2,5,42,NVIDIA GeForce RTX 5070 Ti,12.0,16608788480,ok,60.0
cutensornet,T_sim_contract: local GPU tensor-network scalar contraction,one circuit-derived tensor-network contraction plan,contract_gpu_median_s,ghz,chain,1.0,1,24,24,24,1,23,complex64,TIME_TUNED,0.00071000386425,14200077285.0,1444.0,8.0,1,0.022169924000081664,0.011610493999796745,0.002155584096908569,0.00016620799899101258,0.00016720640063285828,0.0001610880047082901,0.00017414399981498718,5.025648732103363e-06,0.29441624309693,2,5,42,NVIDIA GeForce RTX 5070 Ti,12.0,16608788480,ok,60.0
cutensornet,T_sim_contract: local GPU tensor-network scalar contraction,one circuit-derived tensor-network contraction plan,contract_gpu_median_s,ghz,chain,1.0,1,28,28,28,1,27,complex64,TIME_TUNED,0.00083000446225,16600089245.0,1652.0,8.0,1,0.022280725999735296,0.013518761000341328,0.0024355199337005615,0.0001879359930753708,0.00018913280069828033,0.00018406400084495543,0.0002011200040578842,7.006781336052657e-06,0.2939683979336987,2,5,42,NVIDIA GeForce RTX 5070 Ti,12.0,16608788480,ok,60.0
cutensornet,T_sim_contract: local GPU tensor-network scalar contraction,one circuit-derived tensor-network contraction plan,contract_gpu_median_s,ghz,chain,1.0,1,30,30,30,1,29,complex64,TIME_TUNED,0.00089000481325,17800096265.0,1788.0,8.0,1,0.022225147999961337,0.014428524999857473,0.0021410560607910156,0.0002098879963159561,0.0002113856017589569,0.0002040960043668747,0.0002181120067834854,6.417834197454192e-06,0.2916076850602258,2,5,42,NVIDIA GeForce RTX 5070 Ti,12.0,16608788480,ok,60.0
cutensornet,T_sim_contract: local GPU tensor-network scalar contraction,one circuit-derived tensor-network contraction plan,contract_gpu_median_s,hea,layers_2,0.5,2,16,6,79,64,15,complex64,TIME_TUNED,0.00110000589225,22000117845.0,2508.0,16.0,1,0.002479961000062758,0.013985202999720059,0.0021509759426116943,0.0002423039972782135,0.000242086398601532,0.00023795199394226074,0.00024617600440979005,3.1434561986071945e-06,0.27463968994194876,2,5,42,NVIDIA GeForce RTX 5070 Ti,12.0,16608788480,ok,60.0
cutensornet,T_sim_contract: local GPU tensor-network scalar contraction,one circuit-derived tensor-network contraction plan,contract_gpu_median_s,hea,layers_4,1.0,4,16,12,158,128,30,complex64,TIME_TUNED,0.00189001357525,37800271505.0,6712.0,32.0,1,0.0036334619999252027,0.02493113299988181,0.0023268160820007324,0.000393887996673584,0.0003854655981063843,0.00036054399609565735,0.0003971840143203735,1.5684790912536084e-05,0.28534592708170387,2,5,42,NVIDIA GeForce RTX 5070 Ti,12.0,16608788480,ok,60.0
cutensornet,T_sim_contract: local GPU tensor-network scalar contraction,one circuit-derived tensor-network contraction plan,contract_gpu_median_s,hea,layers_8,2.0,8,16,24,316,256,60,complex64,TIME_TUNED,0.00347004846725,69400969345.0,46816.0,128.0,1,0.00659533999987616,0.057382941000469145,0.002869760036468506,0.0007308160066604615,0.0007487359881401062,0.0007111039757728576,0.0008062719702720642,4.097533403379941e-05,0.3226992990367071,2,5,42,NVIDIA GeForce RTX 5070 Ti,12.0,16608788480,ok,60.0
cutensornet,T_sim_contract: local GPU tensor-network scalar contraction,one circuit-derived tensor-network contraction plan,contract_gpu_median_s,hea,layers_2,0.5,2,20,6,99,80,19,complex64,TIME_TUNED,0.00138000740025,27600148005.0,3148.0,16.0,1,0.0028704870001092786,0.017427005000172358,0.00218668794631958,0.0002968960106372833,0.00029767680168151856,0.00029475200176239016,0.0003030399978160858,3.352107552667819e-06,0.27981627794660746,2,5,42,NVIDIA GeForce RTX 5070 Ti,12.0,16608788480,ok,60.0
cutensornet,T_sim_contract: local GPU tensor-network scalar contraction,one circuit-derived tensor-network contraction plan,contract_gpu_median_s,hea,layers_4,1.0,4,20,12,198,160,38,complex64,TIME_TUNED,0.00237001742325,47400348465.0,8656.0,32.0,1,0.00451614099983999,0.030783960000007937,0.0025989758968353273,0.0005072640180587768,0.0005023999989032745,0.0004585599899291992,0.0005656960010528565,4.274752031632663e-05,0.29543386489684054,2,5,42,NVIDIA GeForce RTX 5070 Ti,12.0,16608788480,ok,60.0
cutensornet,T_sim_contract: local GPU tensor-network scalar contraction,one circuit-derived tensor-network contraction plan,contract_gpu_median_s,hea,layers_8,2.0,8,20,24,396,320,76,complex64,TIME_TUNED,0.00435006414525,87001282905.0,62960.0,256.0,1,0.007383891999779735,0.07407815999977174,0.003197664022445679,0.0008577600121498108,0.0008598079919815065,0.0008380159735679627,0.0008874239921569825,2.1418729550917085e-05,0.34356315602271936,2,5,42,NVIDIA GeForce RTX 5070 Ti,12.0,16608788480,ok,60.0
cutensornet,T_sim_contract: local GPU tensor-network scalar contraction,one circuit-derived tensor-network contraction plan,contract_gpu_median_s,hea,layers_2,0.5,2,24,6,119,96,23,complex64,TIME_TUNED,0.00166000894725,33200178945.0,3812.0,16.0,1,0.0035063449995504925,0.01975010000023758,0.0022146239280700685,0.0003707520067691803,0.0003881088018417358,0.0003613120019435883,0.0004755200147628784,4.909229716881271e-05,0.28022404592781097,2,5,42,NVIDIA GeForce RTX 5070 Ti,12.0,16608788480,ok,60.0
cutensornet,T_sim_contract: local GPU tensor-network scalar contraction,one circuit-derived tensor-network contraction plan,contract_gpu_median_s,hea,layers_4,1.0,4,24,12,238,192,46,complex64,TIME_TUNED,0.00285002103725,57000420745.0,10464.0,32.0,1,0.0047821930002101,0.03740719800043735,0.0025222721099853514,0.0005657920241355897,0.0005729536056518555,0.0005478079915046691,0.0006204800009727478,2.8682528439741866e-05,0.2982233811102051,2,5,42,NVIDIA GeForce RTX 5070 Ti,12.0,16608788480,ok,60.0
cutensornet,T_sim_contract: local GPU tensor-network scalar contraction,one circuit-derived tensor-network contraction plan,contract_gpu_median_s,hea,layers_8,2.0,8,24,24,476,384,92,complex64,TIME_TUNED,0.00523007691125,104601538225.0,75008.0,128.0,1,0.008471508999718935,0.0974805389996618,0.0031439359188079833,0.0010735679864883423,0.0010870336055755615,0.0009311360120773316,0.0013129279613494874,0.00014167165469663095,0.3660906229185566,2,5,42,NVIDIA GeForce RTX 5070 Ti,12.0,16608788480,ok,60.0
cutensornet,T_sim_contract: local GPU tensor-network scalar contraction,one circuit-derived tensor-network contraction plan,contract_gpu_median_s,hea,layers_2,0.5,2,28,6,139,112,27,complex64,TIME_TUNED,0.00194001045525,38800209105.0,4452.0,16.0,1,0.0032323610003004433,0.023632804999579093,0.0024051520824432374,0.0004095999896526337,0.0003981567978858948,0.0003739840090274811,0.000413567990064621,1.8120087878668697e-05,0.28712740308239154,2,5,42,NVIDIA GeForce RTX 5070 Ti,12.0,16608788480,ok,60.0
cutensornet,T_sim_contract: local GPU tensor-network scalar contraction,one circuit-derived tensor-network contraction plan,contract_gpu_median_s,hea,layers_4,1.0,4,28,12,278,224,54,complex64,TIME_TUNED,0.00333002465125,66600493025.0,12272.0,32.0,1,0.00602049699955387,0.043637622999995074,0.0026607680320739745,0.0006862720251083374,0.0006900480151176453,0.0006589440107345581,0.0007240319848060608,2.349404944791664e-05,0.30974725003223286,2,5,42,NVIDIA GeForce RTX 5070 Ti,12.0,16608788480,ok,60.0
cutensornet,T_sim_contract: local GPU tensor-network scalar contraction,one circuit-derived tensor-network contraction plan,contract_gpu_median_s,hea,layers_8,2.0,8,28,24,556,448,108,complex64,TIME_TUNED,0.00611009154925,122201830985.0,91920.0,128.0,1,0.009951101000297058,0.1303716260008514,0.00362774395942688,0.0011838079690933228,0.0011883327960968018,0.0011771199703216552,0.0012149440050125122,1.5195842094702896e-05,0.4049721629598789,2,5,42,NVIDIA GeForce RTX 5070 Ti,12.0,16608788480,ok,60.0
cutensornet,T_sim_contract: local GPU tensor-network scalar contraction,one circuit-derived tensor-network contraction plan,contract_gpu_median_s,hea,layers_2,0.5,2,30,6,149,120,29,complex64,TIME_TUNED,0.00208001120925,41600224185.0,4772.0,16.0,1,0.0034097560001100646,0.02489784400040662,0.0023811841011047363,0.00044342398643493653,0.00043768320083618163,0.0004059520065784454,0.000473471999168396,2.7430703320495447e-05,0.2854541871011315,2,5,42,NVIDIA GeForce RTX 5070 Ti,12.0,16608788480,ok,60.0
cutensornet,T_sim_contract: local GPU tensor-network scalar contraction,one circuit-derived tensor-network contraction plan,contract_gpu_median_s,hea,layers_4,1.0,4,30,12,298,240,58,complex64,TIME_TUNED,0.00357002645825,71400529165.0,13176.0,32.0,1,0.005950458000370418,0.04671018799945159,0.00275926399230957,0.0006872000098228455,0.0006933504104614258,0.0006812800168991089,0.0007265920042991639,1.876083180109997e-05,0.3110952129924481,2,5,42,NVIDIA GeForce RTX 5070 Ti,12.0,16608788480,ok,60.0
cutensornet,T_sim_contract: local GPU tensor-network scalar contraction,one circuit-derived tensor-network contraction plan,contract_gpu_median_s,hea,layers_8,2.0,8,30,24,596,480,116,complex64,TIME_TUNED,0.00655010136425,131002027285.0,101528.0,256.0,1,0.010316332000002149,0.1358447239999805,0.003514336109161377,0.0013398720026016235,0.0013529664278030397,0.001333888053894043,0.0014047679901123048,2.9634791754777254e-05,0.40891020510929227,2,5,42,NVIDIA GeForce RTX 5070 Ti,12.0,16608788480,ok,60.0
cutensornet,T_sim_contract: local GPU tensor-network scalar contraction,one circuit-derived tensor-network contraction plan,contract_gpu_median_s,qaoa_cycle,p_2,0.5,2,16,35,80,48,32,complex64,TIME_TUNED,0.00111001078025,22200215605.0,6104.0,32.0,1,0.02397555400057172,0.017812672999752976,0.0022044479846954346,0.00024457600712776185,0.00024513280391693114,0.00024214400351047516,0.00024825599789619446,2.9254698780870186e-06,0.29917569098506647,2,5,42,NVIDIA GeForce RTX 5070 Ti,12.0,16608788480,ok,60.0
cutensornet,T_sim_contract: local GPU tensor-network scalar contraction,one circuit-derived tensor-network contraction plan,contract_gpu_median_s,qaoa_cycle,p_3,1.0,3,16,52,112,64,48,complex64,TIME_TUNED,0.00143002305225,28600461045.0,20952.0,64.0,1,0.02669525999954203,0.028566680000039923,0.0023924479484558107,0.00032729598879814147,0.0003438784003257752,0.0003197759985923767,0.00041712000966072084,4.1114398156836345e-05,0.3089135059482724,2,5,42,NVIDIA GeForce RTX 5070 Ti,12.0,16608788480,ok,60.0
cutensornet,T_sim_contract: local GPU tensor-network scalar contraction,one circuit-derived tensor-network contraction plan,contract_gpu_median_s,qaoa_cycle,p_6,2.0,6,16,103,208,112,96,complex64,TIME_TUNED,0.00239044487449,47808897489.8,3883912.0,16384.0,1,0.04020460500032641,0.1350816569993185,0.010012639999389648,0.0005282559990882874,0.0005460863947868347,0.0005256320238113403,0.0005814399719238281,2.650983468325322e-05,0.4374655769989331,2,5,42,NVIDIA GeForce RTX 5070 Ti,12.0,16608788480,ok,60.0
cutensornet,T_sim_contract: local GPU tensor-network scalar contraction,one circuit-derived tensor-network contraction plan,contract_gpu_median_s,qaoa_cycle,p_2,0.5,2,20,43,100,60,40,complex64,TIME_TUNED,0.00139001353625,27800270725.0,7672.0,32.0,1,0.029114515000401298,0.022443564000241167,0.0021453120708465577,0.0003116480112075806,0.0003110080003738404,0.0003079679906368256,0.0003124159872531891,1.8414624651764789e-06,0.3064094310712826,2,5,42,NVIDIA GeForce RTX 5070 Ti,12.0,16608788480,ok,60.0
cutensornet,T_sim_contract: local GPU tensor-network scalar contraction,one circuit-derived tensor-network contraction plan,contract_gpu_median_s,qaoa_cycle,p_3,1.0,3,20,64,140,80,60,complex64,TIME_TUNED,0.00179002950025,35800590005.0,27192.0,64.0,1,0.02612075199976971,0.034654375999707554,0.0022234880924224855,0.0003715200126171112,0.00038153600096702575,0.00032175999879837037,0.0004819520115852356,6.155793901151498e-05,0.3137235970924303,2,5,42,NVIDIA GeForce RTX 5070 Ti,12.0,16608788480,ok,60.0
cutensornet,T_sim_contract: local GPU tensor-network scalar contraction,one circuit-derived tensor-network contraction plan,contract_gpu_median_s,qaoa_cycle,p_6,2.0,6,20,127,260,140,120,complex64,TIME_TUNED,0.00299047618025,59809523605.0,3399176.0,8192.0,1,0.029224480999801017,0.1845209769999201,0.02254198455810547,0.0006790720224380493,0.0006907200098037719,0.0006745280027389526,0.0007333760261535644,2.4441316619976055e-05,0.4940472275582433,2,5,42,NVIDIA GeForce RTX 5070 Ti,12.0,16608788480,ok,60.0
cutensornet,T_sim_contract: local GPU tensor-network scalar contraction,one circuit-derived tensor-network contraction plan,contract_gpu_median_s,qaoa_cycle,p_2,0.5,2,24,51,120,72,48,complex64,TIME_TUNED,0.00167001634425,33400326885.0,9256.0,32.0,1,0.02506142699985503,0.024256777000118745,0.0022465600967407225,0.0003629440069198608,0.0003567552030086517,0.00033606401085853576,0.00036604800820350645,1.2444266564584223e-05,0.30587885509691115,2,5,42,NVIDIA GeForce RTX 5070 Ti,12.0,16608788480,ok,60.0
cutensornet,T_sim_contract: local GPU tensor-network scalar contraction,one circuit-derived tensor-network contraction plan,contract_gpu_median_s,qaoa_cycle,p_3,1.0,3,24,76,168,96,72,complex64,TIME_TUNED,0.00215003594825,43000718965.0,33432.0,64.0,1,0.02687144600076863,0.0482626139992135,0.002303904056549072,0.0004737919867038727,0.0005095936059951782,0.0004308800101280212,0.0006561599969863892,8.839099841229117e-05,0.3326767940565842,2,5,42,NVIDIA GeForce RTX 5070 Ti,12.0,16608788480,ok,60.0
cutensornet,T_sim_contract: local GPU tensor-network scalar contraction,one circuit-derived tensor-network contraction plan,contract_gpu_median_s,qaoa_cycle,p_6,2.0,6,24,151,312,168,144,complex64,TIME_TUNED,0.00359058387225,71811677445.0,4528104.0,8192.0,1,0.030522431000463257,0.1998542080000334,0.021432640075683594,0.0008383359909057617,0.0008449983954429627,0.0008284479975700378,0.000864031970500946,1.538412559723754e-05,0.5106252260758556,2,5,42,NVIDIA GeForce RTX 5070 Ti,12.0,16608788480,ok,60.0
cutensornet,T_sim_contract: local GPU tensor-network scalar contraction,one circuit-derived tensor-network contraction plan,contract_gpu_median_s,qaoa_cycle,p_2,0.5,2,28,59,140,84,56,complex64,TIME_TUNED,0.00195001904825,39000380965.0,10808.0,32.0,1,0.026740367999991577,0.029612794000058784,0.0023142399787902833,0.00042793598771095274,0.0004190400004386902,0.00039004799723625183,0.00043833601474761963,2.1894605812413432e-05,0.31044022097843843,2,5,42,NVIDIA GeForce RTX 5070 Ti,12.0,16608788480,ok,60.0
cutensornet,T_sim_contract: local GPU tensor-network scalar contraction,one circuit-derived tensor-network contraction plan,contract_gpu_median_s,qaoa_cycle,p_3,1.0,3,28,88,196,112,84,complex64,TIME_TUNED,0.00251004177225,50200835445.0,38776.0,64.0,1,0.027580902999943646,0.06014434800090385,0.002487168073654175,0.0004947200119495392,0.0005054463922977447,0.0004868159890174866,0.0005296319723129272,1.989189608418843e-05,0.3463159650738962,2,5,42,NVIDIA GeForce RTX 5070 Ti,12.0,16608788480,ok,60.0
cutensornet,T_sim_contract: local GPU tensor-network scalar contraction,one circuit-derived tensor-network contraction plan,contract_gpu_median_s,qaoa_cycle,p_6,2.0,6,28,175,364,196,168,complex64,TIME_TUNED,0.00419065875225,83813175045.0,4939000.0,8192.0,1,0.03168817999994644,0.316642387999309,0.01780099105834961,0.0009299200177192687,0.0009446592092514038,0.0009222080111503601,0.0010037440061569213,3.399431902295689e-05,0.6226625430577697,2,5,42,NVIDIA GeForce RTX 5070 Ti,12.0,16608788480,ok,60.0
cutensornet,T_sim_contract: local GPU tensor-network scalar contraction,one circuit-derived tensor-network contraction plan,contract_gpu_median_s,qaoa_cycle,p_2,0.5,2,30,63,150,90,60,complex64,TIME_TUNED,0.00209002047825,41800409565.0,11608.0,32.0,1,0.02656502699937846,0.029825135000464797,0.0023471999168396,0.0004399040043354034,0.0004393664062023163,0.00039958399534225465,0.0005102720260620117,4.37734351577946e-05,0.31380882791680054,2,5,42,NVIDIA GeForce RTX 5070 Ti,12.0,16608788480,ok,60.0
cutensornet,T_sim_contract: local GPU tensor-network scalar contraction,one circuit-derived tensor-network contraction plan,contract_gpu_median_s,qaoa_cycle,p_3,1.0,3,30,94,210,120,90,complex64,TIME_TUNED,0.00269004452825,53800890565.0,41224.0,64.0,1,0.02738596899962431,0.06279973799973959,0.002465183973312378,0.0005345280170440674,0.0005589504003524781,0.0005072000026702881,0.0006890239715576172,7.559861030858548e-05,0.34514582497310037,2,5,42,NVIDIA GeForce RTX 5070 Ti,12.0,16608788480,ok,60.0
cutensornet,T_sim_contract: local GPU tensor-network scalar contraction,one circuit-derived tensor-network contraction plan,contract_gpu_median_s,qaoa_cycle,p_6,2.0,6,30,187,390,210,180,complex64,TIME_TUNED,0.00449065165425,89813033085.0,5168728.0,8192.0,1,0.032908735999626515,0.30307944499963924,0.01678227233886719,0.0009676160216331482,0.000999718415737152,0.0009593920111656189,0.0010922880172729492,5.613353201051805e-05,0.6064919323381109,2,5,42,NVIDIA GeForce RTX 5070 Ti,12.0,16608788480,ok,60.0
cutensornet,T_sim_contract: local GPU tensor-network scalar contraction,one circuit-derived tensor-network contraction plan,contract_gpu_median_s,random_brickwork,layers_4,0.5,4,16,12,158,128,30,complex64,TIME_TUNED,0.00189001348425,37800269685.0,6656.0,32.0,1,0.003610978000324394,0.025169607999487198,0.0022783360481262206,0.000407584011554718,0.00039410560131073,0.0003618240058422089,0.0004112319946289063,2.2047343589352313e-05,0.2853736310479653,2,5,42,NVIDIA GeForce RTX 5070 Ti,12.0,16608788480,ok,60.0
cutensornet,T_sim_contract: local GPU tensor-network scalar contraction,one circuit-derived tensor-network contraction plan,contract_gpu_median_s,random_brickwork,layers_8,1.0,8,16,24,316,256,60,complex64,TIME_TUNED,0.00347004931225,69400986245.0,47848.0,128.0,1,0.00625336699977197,0.05661735800003953,0.0026503040790557863,0.0007140480279922485,0.0007611135959625243,0.0006109439730644226,0.000927839994430542,0.00013674901057576759,0.320397397078581,2,5,42,NVIDIA GeForce RTX 5070 Ti,12.0,16608788480,ok,60.0
cutensornet,T_sim_contract: local GPU tensor-network scalar contraction,one circuit-derived tensor-network contraction plan,contract_gpu_median_s,random_brickwork,layers_16,2.0,16,16,48,632,512,120,complex64,TIME_TUNED,0.00663297490673,132659498134.6,19293016.0,131072.0,1,0.01084586499928264,0.23979800899996917,0.022954496383666992,0.0013863680362701416,0.001477344012260437,0.0013167359828948975,0.0019040000438690185,0.0002409623205581802,0.5309683203837121,2,5,42,NVIDIA GeForce RTX 5070 Ti,12.0,16608788480,ok,60.0
cutensornet,T_sim_contract: local GPU tensor-network scalar contraction,one circuit-derived tensor-network contraction plan,contract_gpu_median_s,random_brickwork,layers_4,0.5,4,20,12,198,160,38,complex64,TIME_TUNED,0.00237001738425,47400347685.0,8632.0,32.0,1,0.004156144999797107,0.03049198400003661,0.0023903679847717286,0.0004771519899368286,0.00048617600798606873,0.0004544320106506348,0.0005261440277099609,2.8256722902491772e-05,0.293659231984675,2,5,42,NVIDIA GeForce RTX 5070 Ti,12.0,16608788480,ok,60.0
cutensornet,T_sim_contract: local GPU tensor-network scalar contraction,one circuit-derived tensor-network contraction plan,contract_gpu_median_s,random_brickwork,layers_8,1.0,8,20,24,396,320,76,complex64,TIME_TUNED,0.00435006415825,87001283165.0,63480.0,128.0,1,0.0077058490005583735,0.07053797699973074,0.0032994880676269532,0.0009108480215072632,0.0009100224018096924,0.0008961600065231323,0.000925055980682373,1.2337694791995742e-05,0.3362678560679924,2,5,42,NVIDIA GeForce RTX 5070 Ti,12.0,16608788480,ok,60.0
cutensornet,T_sim_contract: local GPU tensor-network scalar contraction,one circuit-derived tensor-network contraction plan,contract_gpu_median_s,random_brickwork,layers_16,2.0,16,20,48,792,640,152,complex64,TIME_TUNED,0.008313360004650001,166267200093.00003,29771704.0,32768.0,1,0.013220195000030799,0.3498730080000314,0.022970848083496094,0.001703552007675171,0.0017806464195251465,0.001675104022026062,0.0020904960632324218,0.00017517400681639055,0.6462342060837546,2,5,42,NVIDIA GeForce RTX 5070 Ti,12.0,16608788480,ok,60.0
cutensornet,T_sim_contract: local GPU tensor-network scalar contraction,one circuit-derived tensor-network contraction plan,contract_gpu_median_s,random_brickwork,layers_4,0.5,4,24,12,238,192,46,complex64,TIME_TUNED,0.00285002099825,57000419965.0,10440.0,32.0,1,0.005163445000107458,0.036854728999969666,0.002480576038360596,0.0005416640043258667,0.0005392768144607544,0.000510528028011322,0.0005630720257759095,1.8812468871986178e-05,0.3017225870387483,2,5,42,NVIDIA GeForce RTX 5070 Ti,12.0,16608788480,ok,60.0
cutensornet,T_sim_contract: local GPU tensor-network scalar contraction,one circuit-derived tensor-network contraction plan,contract_gpu_median_s,random_brickwork,layers_8,1.0,8,24,24,476,384,92,complex64,TIME_TUNED,0.00523007650825,104601530165.0,76040.0,128.0,1,0.008535678000043845,0.10609265899984166,0.0031304640769958497,0.0010124160051345826,0.0010328511953353883,0.0009943360090255737,0.0011427839994430542,6.225651654546197e-05,0.373588633076899,2,5,42,NVIDIA GeForce RTX 5070 Ti,12.0,16608788480,ok,60.0
cutensornet,T_sim_contract: local GPU tensor-network scalar contraction,one circuit-derived tensor-network contraction plan,contract_gpu_median_s,random_brickwork,layers_16,2.0,16,24,48,952,768,184,complex64,TIME_TUNED,0.009994675672090001,199893513441.80002,45600840.0,65536.0,1,0.015982738999809953,0.32819542800007184,0.024931488037109376,0.0022718400955200196,0.0022664832115173337,0.0020635519027709963,0.002428352117538452,0.00013892173452992134,0.6334693020367559,2,5,42,NVIDIA GeForce RTX 5070 Ti,12.0,16608788480,ok,60.0
cutensornet,T_sim_contract: local GPU tensor-network scalar contraction,one circuit-derived tensor-network contraction plan,contract_gpu_median_s,random_brickwork,layers_4,0.5,4,28,12,278,224,54,complex64,TIME_TUNED,0.00333002461225,66600492245.0,12248.0,32.0,1,0.005532619999939925,0.04341942400060361,0.002722559928894043,0.0007264639735221863,0.0007936895847320557,0.0007048959732055664,0.0009574080109596252,0.00011473172915296581,0.3085602339289253,2,5,42,NVIDIA GeForce RTX 5070 Ti,12.0,16608788480,ok,60.0
cutensornet,T_sim_contract: local GPU tensor-network scalar contraction,one circuit-derived tensor-network contraction plan,contract_gpu_median_s,random_brickwork,layers_8,1.0,8,28,24,556,448,108,complex64,TIME_TUNED,0.00611009114625,122201822925.0,92952.0,128.0,1,0.009774672000276041,0.11894246999963798,0.00340502405166626,0.0011809279918670655,0.0012179520130157471,0.0011666879653930665,0.001381152033805847,9.174806165978645e-05,0.3882741450512767,2,5,42,NVIDIA GeForce RTX 5070 Ti,12.0,16608788480,ok,60.0
cutensornet,T_sim_contract: local GPU tensor-network scalar contraction,one circuit-derived tensor-network contraction plan,contract_gpu_median_s,random_brickwork,layers_16,2.0,16,28,48,1112,896,216,complex64,TIME_TUNED,0.01167879522977,233575904595.40002,70728280.0,65536.0,1,0.0182364559996131,0.4323581369999374,0.025519392013549805,0.0025409920215606688,0.0025501631736755373,0.002325311899185181,0.002766752004623413,0.00018792752209363894,0.7347761960133284,2,5,42,NVIDIA GeForce RTX 5070 Ti,12.0,16608788480,ok,60.0
cutensornet,T_sim_contract: local GPU tensor-network scalar contraction,one circuit-derived tensor-network contraction plan,contract_gpu_median_s,random_brickwork,layers_4,0.5,4,30,12,298,240,58,complex64,TIME_TUNED,0.00357002641925,71400528385.0,13152.0,32.0,1,0.005903771999328455,0.04667416900065291,0.002794559955596924,0.0006775680184364319,0.0006808767914772034,0.0006660479903221131,0.0007041919827461242,1.4232076356785017e-05,0.314502364955566,2,5,42,NVIDIA GeForce RTX 5070 Ti,12.0,16608788480,ok,60.0
cutensornet,T_sim_contract: local GPU tensor-network scalar contraction,one circuit-derived tensor-network contraction plan,contract_gpu_median_s,random_brickwork,layers_8,1.0,8,30,24,596,480,116,complex64,TIME_TUNED,0.00655009950525,131001990105.0,99232.0,128.0,1,0.010454823000145552,0.1366173139995226,0.003993887901306153,0.001255295991897583,0.0012876479864120482,0.0012352639436721802,0.0014229120016098023,7.706430997496715e-05,0.41158525790116984,2,5,42,NVIDIA GeForce RTX 5070 Ti,12.0,16608788480,ok,60.0
cutensornet,T_sim_contract: local GPU tensor-network scalar contraction,one circuit-derived tensor-network contraction plan,contract_gpu_median_s,random_brickwork,layers_16,2.0,16,30,48,1192,960,232,complex64,TIME_TUNED,0.012518293526050004,250365870521.00006,63236320.0,32768.0,1,0.019975819000137562,0.4507340860000113,0.02560246467590332,0.0025785279273986814,0.0026183167934417722,0.0025362560749053954,0.002745919942855835,9.587007833878667e-05,0.7562319186762397,2,5,42,NVIDIA GeForce RTX 5070 Ti,12.0,16608788480,ok,60.0
cutensornet,T_sim_contract: local GPU tensor-network scalar contraction,one circuit-derived tensor-network contraction plan,contract_gpu_median_s,qft,full,1.0,1,16,31,136,16,120,complex64,TIME_TUNED,0.00167050510525,33410102105.0,1766032.0,8192.0,1,0.02715488000012556,0.1690647360001094,0.017667104721069336,0.0004354560077190399,0.0004374336004257202,0.0004308800101280212,0.00044950398802757265,7.5508864496468285e-06,0.4673417827206795,2,5,42,NVIDIA GeForce RTX 5070 Ti,12.0,16608788480,ok,60.0
cutensornet,T_sim_contract: local GPU tensor-network scalar contraction,one circuit-derived tensor-network contraction plan,contract_gpu_median_s,qft,full,1.0,1,20,39,210,20,190,complex64,TIME_TUNED,0.00249515626205,49903125241.0,56768432.0,65536.0,1,0.030010896000021603,0.28577807700003177,0.02187868881225586,0.0006956160068511963,0.0006997568011283874,0.0006917120218276978,0.0007115839719772338,9.020671626708274e-06,0.5900084848122497,2,5,42,NVIDIA GeForce RTX 5070 Ti,12.0,16608788480,ok,60.0
cutensornet,T_sim_contract: local GPU tensor-network scalar contraction,one circuit-derived tensor-network contraction plan,contract_gpu_median_s,qft,full,1.0,1,24,47,300,24,276,complex64,TIME_TUNED,0.003527929242850001,70558584857.00002,764527600.0,524288.0,1,0.0338112050003474,0.3238583070005916,0.023733535766601564,0.0011281919479370116,0.0011175296068191528,0.0010970560312271117,0.0011334079504013062,1.8190687982316353e-05,0.638000795767417,2,5,42,NVIDIA GeForce RTX 5070 Ti,12.0,16608788480,ok,60.0
cutensornet,T_sim_contract: local GPU tensor-network scalar contraction,one circuit-derived tensor-network contraction plan,contract_gpu_median_s,qft,full,1.0,1,28,55,406,28,378,complex64,TIME_TUNED,0.005616734425250001,112334688505.00002,15268041392.0,4194304.0,1,0.03861172200049623,0.46764164799969876,0.025405183792114257,0.005590591907501221,0.005423980712890625,0.005066815853118896,0.00570908784866333,0.0003015155161101422,0.7915926417919908,2,5,42,NVIDIA GeForce RTX 5070 Ti,12.0,16608788480,ok,60.0
cutensornet,T_sim_contract: local GPU tensor-network scalar contraction,one circuit-derived tensor-network contraction plan,contract_gpu_median_s,qft,full,1.0,1,30,59,465,30,435,complex64,TIME_TUNED,0.00638521258941,127704251788.20001,11287968496.0,8388608.0,1,0.03940673800025252,0.46834216699971876,0.0266060791015625,0.00607916784286499,0.006095219135284424,0.005877151966094971,0.006319647789001465,0.00016980222409734085,0.7890858071011244,2,5,42,NVIDIA GeForce RTX 5070 Ti,12.0,16608788480,ok,60.0
