view,method_id,paired_method_id,implementation_class,reader_label,fidelity_class,claim_boundary,mapping_status,evaluation_target_clock,method_output_clock,population,source_id,evaluation_panel_id,assigned_n,predicted_n,unavailable_n,n_metric,mae_seconds,r2_seconds,coverage_fraction,row_set_declaration,row_set_ids,metric_status,blocked_reason,source_path,source_sha256,notes,ranking_eligibility,equivalence_group
C_source_stratified,mali_graph_architecture_v3,,,Ma--Li-style hybrid graph + metadata adaptation (V3),adaptation,Seven common global features and harmonized DAGs replace the source feature/context contract.,mapped_fidelity_registry,archived_observed_service_execution_time,archived_observed_service_execution_time,unified_adaptation_source_slice,mali_real_qpu,,340,340,,340,0.59481816922917086,0.71580105291218188,1,published_v4r2_per_source_own_successful,,published,,artifacts/benchmark_v3/real_qpu/unified_learned_methods_oof_v4r2/report.json,44379c070d25de588e39b5e5bd78e0ab77a9dc2ba64107aabe542b409c342c22,Unified adaptation scored on one source slice of the 8767 envelope; not a source-native 340/4482 leaderboard and not a cross-source winner.,primary_same_clock,
C_source_stratified,unified_polynomial_v3,,,Qonductor-style unified polynomial adaptation,adaptation,"Not source-local qonductor_regression (4,482). Feature contract is log1p(active_width, structural_depth, two_qubit_count, swap_like_count, shots) with circuit_count=1 asserted then dropped as a zero-variance constant; grouped OOF split. Not a paper-exact Qonductor reproduction.",mapped_fidelity_registry,archived_observed_service_execution_time,archived_observed_service_execution_time,unified_adaptation_source_slice,mali_real_qpu,,340,340,,340,0.64679114282615768,0.75690144419752481,1,published_v4r2_per_source_own_successful,,published,,artifacts/benchmark_v3/real_qpu/unified_learned_methods_oof_v4r2/report.json,44379c070d25de588e39b5e5bd78e0ab77a9dc2ba64107aabe542b409c342c22,Unified adaptation scored on one source slice of the 8767 envelope; not a source-native 340/4482 leaderboard and not a cross-source winner.,primary_same_clock,
C_source_stratified,mali_graph_architecture_v3_large,,,Ma--Li-style hybrid graph + metadata adaptation (V3-large),adaptation,"Resource extension of unified V3, not Ma--Li original.",mapped_fidelity_registry,archived_observed_service_execution_time,archived_observed_service_execution_time,unified_adaptation_source_slice,mali_real_qpu,,340,,,,,,,,,blocked,unified_graph_v3_large_oof_20260930/report.json does not publish per-source MAE. Do not reuse V3 source slices or recompute from predictions.,artifacts/benchmark_v3/real_qpu/unified_graph_v3_large_oof_20260930/report.json,ce051494437f6c79ab8a32f16afce2a88eb814d20ab3764980242219d711d0c1,,not_rankable,
C_source_stratified,mali_graph_architecture_v3,,,Ma--Li-style hybrid graph + metadata adaptation (V3),adaptation,Seven common global features and harmonized DAGs replace the source feature/context contract.,mapped_fidelity_registry,archived_observed_service_execution_time,archived_observed_service_execution_time,unified_adaptation_source_slice,qonductor_single_circuit_ibm,,4482,4478,,4478,0.94038507018892192,0.81538632608908168,0.99910754127621593,published_v4r2_per_source_own_successful,,published,,artifacts/benchmark_v3/real_qpu/unified_learned_methods_oof_v4r2/report.json,44379c070d25de588e39b5e5bd78e0ab77a9dc2ba64107aabe542b409c342c22,Unified adaptation scored on one source slice of the 8767 envelope; not a source-native 340/4482 leaderboard and not a cross-source winner.,primary_same_clock,
C_source_stratified,unified_polynomial_v3,,,Qonductor-style unified polynomial adaptation,adaptation,"Not source-local qonductor_regression (4,482). Feature contract is log1p(active_width, structural_depth, two_qubit_count, swap_like_count, shots) with circuit_count=1 asserted then dropped as a zero-variance constant; grouped OOF split. Not a paper-exact Qonductor reproduction.",mapped_fidelity_registry,archived_observed_service_execution_time,archived_observed_service_execution_time,unified_adaptation_source_slice,qonductor_single_circuit_ibm,,4482,4482,,4482,1.3945722244890539,0.40214239942149443,1,published_v4r2_per_source_own_successful,,published,,artifacts/benchmark_v3/real_qpu/unified_learned_methods_oof_v4r2/report.json,44379c070d25de588e39b5e5bd78e0ab77a9dc2ba64107aabe542b409c342c22,Unified adaptation scored on one source slice of the 8767 envelope; not a source-native 340/4482 leaderboard and not a cross-source winner.,primary_same_clock,
C_source_stratified,unified_polynomial_v3,mali_graph_architecture_v3,,Qonductor-style unified polynomial adaptation,adaptation,"Not source-local qonductor_regression (4,482). Feature contract is log1p(active_width, structural_depth, two_qubit_count, swap_like_count, shots) with circuit_count=1 asserted then dropped as a zero-variance constant; grouped OOF split. Not a paper-exact Qonductor reproduction.",mapped_fidelity_registry,archived_observed_service_execution_time,archived_observed_service_execution_time,unified_adaptation_source_slice_shared_with_v3,qonductor_single_circuit_ibm,,4482,4478,,4478,1.3344587241562642,0.56058597522631071,0.99910754127621593,published_v4r2_per_source_shared_predicted,,published,,artifacts/benchmark_v3/real_qpu/unified_learned_methods_oof_v4r2/report.json,44379c070d25de588e39b5e5bd78e0ab77a9dc2ba64107aabe542b409c342c22,Shared-predicted source slice; use beside V3 on the same n.,primary_same_clock,
C_source_stratified,mali_graph_architecture_v3_large,,,Ma--Li-style hybrid graph + metadata adaptation (V3-large),adaptation,"Resource extension of unified V3, not Ma--Li original.",mapped_fidelity_registry,archived_observed_service_execution_time,archived_observed_service_execution_time,unified_adaptation_source_slice,qonductor_single_circuit_ibm,,4482,,,,,,,,,blocked,unified_graph_v3_large_oof_20260930/report.json does not publish per-source MAE. Do not reuse V3 source slices or recompute from predictions.,artifacts/benchmark_v3/real_qpu/unified_graph_v3_large_oof_20260930/report.json,ce051494437f6c79ab8a32f16afce2a88eb814d20ab3764980242219d711d0c1,,not_rankable,
C_source_stratified,mali_graph_architecture_v3,,,Ma--Li-style hybrid graph + metadata adaptation (V3),adaptation,Seven common global features and harmonized DAGs replace the source feature/context contract.,mapped_fidelity_registry,archived_observed_service_execution_time,archived_observed_service_execution_time,unified_adaptation_source_slice,qpack_mcp,,3945,3945,,3945,0.96040079101108022,-0.11682276948136838,1,published_v4r2_per_source_own_successful,,published,,artifacts/benchmark_v3/real_qpu/unified_learned_methods_oof_v4r2/report.json,44379c070d25de588e39b5e5bd78e0ab77a9dc2ba64107aabe542b409c342c22,Unified adaptation scored on one source slice of the 8767 envelope; not a source-native 340/4482 leaderboard and not a cross-source winner.,primary_same_clock,
C_source_stratified,unified_polynomial_v3,,,Qonductor-style unified polynomial adaptation,adaptation,"Not source-local qonductor_regression (4,482). Feature contract is log1p(active_width, structural_depth, two_qubit_count, swap_like_count, shots) with circuit_count=1 asserted then dropped as a zero-variance constant; grouped OOF split. Not a paper-exact Qonductor reproduction.",mapped_fidelity_registry,archived_observed_service_execution_time,archived_observed_service_execution_time,unified_adaptation_source_slice,qpack_mcp,,3945,3945,,3945,1.2212893800521523,-0.63162891304732938,1,published_v4r2_per_source_own_successful,,published,,artifacts/benchmark_v3/real_qpu/unified_learned_methods_oof_v4r2/report.json,44379c070d25de588e39b5e5bd78e0ab77a9dc2ba64107aabe542b409c342c22,Unified adaptation scored on one source slice of the 8767 envelope; not a source-native 340/4482 leaderboard and not a cross-source winner.,primary_same_clock,
C_source_stratified,mali_graph_architecture_v3_large,,,Ma--Li-style hybrid graph + metadata adaptation (V3-large),adaptation,"Resource extension of unified V3, not Ma--Li original.",mapped_fidelity_registry,archived_observed_service_execution_time,archived_observed_service_execution_time,unified_adaptation_source_slice,qpack_mcp,,3945,,,,,,,,,blocked,unified_graph_v3_large_oof_20260930/report.json does not publish per-source MAE. Do not reuse V3 source slices or recompute from predictions.,artifacts/benchmark_v3/real_qpu/unified_graph_v3_large_oof_20260930/report.json,ce051494437f6c79ab8a32f16afce2a88eb814d20ab3764980242219d711d0c1,,not_rankable,
C_source_stratified,mali_graph_architecture_v3,,,Ma--Li-style hybrid graph + metadata adaptation (V3),adaptation,Seven common global features and harmonized DAGs replace the source feature/context contract.,mapped_fidelity_registry,archived_observed_service_execution_time,archived_observed_service_execution_time,v4r2_equal_weight_mean_of_three_source_maes_diagnostic,,,,,,,0.83186801014305767,,,,,published,,artifacts/benchmark_v3/real_qpu/unified_learned_methods_oof_v4r2/report.json,44379c070d25de588e39b5e5bd78e0ab77a9dc2ba64107aabe542b409c342c22,"equal-weight mean of the three source MAEs; diagnostic, not the primary micro metric Not a primary micro metric and not a new macro invented here.",primary_same_clock,
C_source_stratified,unified_polynomial_v3,,,Qonductor-style unified polynomial adaptation,adaptation,"Not source-local qonductor_regression (4,482). Feature contract is log1p(active_width, structural_depth, two_qubit_count, swap_like_count, shots) with circuit_count=1 asserted then dropped as a zero-variance constant; grouped OOF split. Not a paper-exact Qonductor reproduction.",mapped_fidelity_registry,archived_observed_service_execution_time,archived_observed_service_execution_time,v4r2_equal_weight_mean_of_three_source_maes_diagnostic,,,,,,,1.0875509157891212,,,,,published,,artifacts/benchmark_v3/real_qpu/unified_learned_methods_oof_v4r2/report.json,44379c070d25de588e39b5e5bd78e0ab77a9dc2ba64107aabe542b409c342c22,"equal-weight mean of the three source MAEs; diagnostic, not the primary micro metric Not a primary micro metric and not a new macro invented here.",primary_same_clock,
C_source_stratified,common_tabular_baseline,,common_tabular_ridge,Common width + shots tabular baseline,baseline,Internal comparator; no paper-replication claim.,mapped,archived_observed_service_execution_time,archived_observed_service_execution_time,source_local_scorecard_row,mali_real_qpu,rqpu_common_tabular_v2,340,340,,340,1.200476183487989,,,overlay_test_row_set_hash,ba39759c0ba9b3e909f6e6385e8ec08bd398f92b4b1ef1a2a7d363fd92b1b883,published,,artifacts/benchmark_v1/results/benchmark_summary/fidelity_overlay_v1/enriched_scorecard.csv,909bb3e5fab3aea9864b194aadf113fae22b140c55788a2e900d2baa410dc4b0,scorecard_status=source_primary; split_id=within_source_oof; source-local unless n=8767. Do not treat Ma--Li 340 or Qonductor 4482 as unified 8767.,same_clock_diagnostic,
C_source_stratified,common_tabular_baseline,,common_tabular_ridge,Common width + shots tabular baseline,baseline,Internal comparator; no paper-replication claim.,mapped,archived_observed_service_execution_time,archived_observed_service_execution_time,source_local_scorecard_row,qonductor_single_circuit_ibm,rqpu_common_tabular_v2,4482,4482,,4482,1.5505753916046154,,,overlay_test_row_set_hash,cc18780f81a423d8a915148e3adfcbbeaacc77d3b13c08e98a70e005cbd24ff5,published,,artifacts/benchmark_v1/results/benchmark_summary/fidelity_overlay_v1/enriched_scorecard.csv,909bb3e5fab3aea9864b194aadf113fae22b140c55788a2e900d2baa410dc4b0,scorecard_status=source_primary; split_id=within_source_oof; source-local unless n=8767. Do not treat Ma--Li 340 or Qonductor 4482 as unified 8767.,same_clock_diagnostic,
C_source_stratified,common_tabular_baseline,,common_tabular_ridge,Common width + shots tabular baseline,baseline,Internal comparator; no paper-replication claim.,mapped,archived_observed_service_execution_time,archived_observed_service_execution_time,source_local_scorecard_row,qpack_mcp,rqpu_common_tabular_v2,3945,3945,,3945,0.9185336764144328,,,overlay_test_row_set_hash,71ef4fb95353c95e2e02c4e16a436490cd3c3aa6d2fe90a164fa30499cae998e,published,,artifacts/benchmark_v1/results/benchmark_summary/fidelity_overlay_v1/enriched_scorecard.csv,909bb3e5fab3aea9864b194aadf113fae22b140c55788a2e900d2baa410dc4b0,scorecard_status=source_primary; split_id=within_source_oof; source-local unless n=8767. Do not treat Ma--Li 340 or Qonductor 4482 as unified 8767.,same_clock_diagnostic,
C_source_stratified,common_tabular_baseline,,median_log,Common width + shots tabular baseline,baseline,Internal comparator; no paper-replication claim.,mapped,archived_observed_service_execution_time,archived_observed_service_execution_time,source_local_scorecard_row,mali_real_qpu,rqpu_common_tabular_v2,340,340,,340,1.4407528220359669,,,overlay_test_row_set_hash,ba39759c0ba9b3e909f6e6385e8ec08bd398f92b4b1ef1a2a7d363fd92b1b883,published,,artifacts/benchmark_v1/results/benchmark_summary/fidelity_overlay_v1/enriched_scorecard.csv,909bb3e5fab3aea9864b194aadf113fae22b140c55788a2e900d2baa410dc4b0,scorecard_status=source_primary; split_id=within_source_oof; source-local unless n=8767. Do not treat Ma--Li 340 or Qonductor 4482 as unified 8767.,same_clock_diagnostic,
C_source_stratified,common_tabular_baseline,,median_log,Common width + shots tabular baseline,baseline,Internal comparator; no paper-replication claim.,mapped,archived_observed_service_execution_time,archived_observed_service_execution_time,source_local_scorecard_row,qonductor_single_circuit_ibm,rqpu_common_tabular_v2,4482,4482,,4482,2.16887465742814,,,overlay_test_row_set_hash,cc18780f81a423d8a915148e3adfcbbeaacc77d3b13c08e98a70e005cbd24ff5,published,,artifacts/benchmark_v1/results/benchmark_summary/fidelity_overlay_v1/enriched_scorecard.csv,909bb3e5fab3aea9864b194aadf113fae22b140c55788a2e900d2baa410dc4b0,scorecard_status=source_primary; split_id=within_source_oof; source-local unless n=8767. Do not treat Ma--Li 340 or Qonductor 4482 as unified 8767.,same_clock_diagnostic,
C_source_stratified,common_tabular_baseline,,median_log,Common width + shots tabular baseline,baseline,Internal comparator; no paper-replication claim.,mapped,archived_observed_service_execution_time,archived_observed_service_execution_time,source_local_scorecard_row,qpack_mcp,rqpu_common_tabular_v2,3945,3945,,3945,0.9551398648920076,,,overlay_test_row_set_hash,71ef4fb95353c95e2e02c4e16a436490cd3c3aa6d2fe90a164fa30499cae998e,published,,artifacts/benchmark_v1/results/benchmark_summary/fidelity_overlay_v1/enriched_scorecard.csv,909bb3e5fab3aea9864b194aadf113fae22b140c55788a2e900d2baa410dc4b0,scorecard_status=source_primary; split_id=within_source_oof; source-local unless n=8767. Do not treat Ma--Li 340 or Qonductor 4482 as unified 8767.,same_clock_diagnostic,
C_source_stratified,mali_graph_estimator,,mali_gnn_foldlocal_zero_variance_v2,Ma--Li source-native graph + metadata reimplementation (340),source_native_reimplementation,Public code/data and source representation; grouped benchmark split and non-historical FakeBackend context prevent a paper-exact claim.,mapped,archived_observed_service_execution_time,archived_observed_service_execution_time,source_local_scorecard_row,mali_real_qpu,rqpu_mali_ood_v2,44,44,,44,0.5764817161993545,,,overlay_test_row_set_hash,8022dc2e9982adc90e7a76cf6cb7f319d9eb7f1fa54f6e1f8939bc535584a89a,published,,artifacts/benchmark_v1/results/benchmark_summary/fidelity_overlay_v1/enriched_scorecard.csv,909bb3e5fab3aea9864b194aadf113fae22b140c55788a2e900d2baa410dc4b0,scorecard_status=diagnostic; split_id=backend_held_out; source-local unless n=8767. Do not treat Ma--Li 340 or Qonductor 4482 as unified 8767.,same_clock_diagnostic,
C_source_stratified,mali_graph_estimator,,mali_gnn_foldlocal_zero_variance_v2,Ma--Li source-native graph + metadata reimplementation (340),source_native_reimplementation,Public code/data and source representation; grouped benchmark split and non-historical FakeBackend context prevent a paper-exact claim.,mapped,archived_observed_service_execution_time,archived_observed_service_execution_time,source_local_scorecard_row,mali_real_qpu,rqpu_mali_ood_v2,46,46,,46,0.5075604086336886,,,overlay_test_row_set_hash,091d36e18b4bb654b5e0a2f7bc794da110029fbf7cb831033c8f2aa42adda9f7,published,,artifacts/benchmark_v1/results/benchmark_summary/fidelity_overlay_v1/enriched_scorecard.csv,909bb3e5fab3aea9864b194aadf113fae22b140c55788a2e900d2baa410dc4b0,scorecard_status=diagnostic; split_id=family_component_held_out; source-local unless n=8767. Do not treat Ma--Li 340 or Qonductor 4482 as unified 8767.,same_clock_diagnostic,
C_source_stratified,mali_graph_estimator,,mali_gnn_foldlocal_zero_variance_v2,Ma--Li source-native graph + metadata reimplementation (340),source_native_reimplementation,Public code/data and source representation; grouped benchmark split and non-historical FakeBackend context prevent a paper-exact claim.,mapped,archived_observed_service_execution_time,archived_observed_service_execution_time,source_local_scorecard_row,mali_real_qpu,rqpu_mali_ood_v2,47,47,,47,0.55338247786177,,,overlay_test_row_set_hash,c99d6ec8f0aeded6cb11920d01e33275eacac64b4015d2aa321370fa40234663,published,,artifacts/benchmark_v1/results/benchmark_summary/fidelity_overlay_v1/enriched_scorecard.csv,909bb3e5fab3aea9864b194aadf113fae22b140c55788a2e900d2baa410dc4b0,scorecard_status=diagnostic; split_id=family_component_held_out; source-local unless n=8767. Do not treat Ma--Li 340 or Qonductor 4482 as unified 8767.,same_clock_diagnostic,
C_source_stratified,mali_graph_estimator,,mali_gnn_foldlocal_zero_variance_v2,Ma--Li source-native graph + metadata reimplementation (340),source_native_reimplementation,Public code/data and source representation; grouped benchmark split and non-historical FakeBackend context prevent a paper-exact claim.,mapped,archived_observed_service_execution_time,archived_observed_service_execution_time,source_local_scorecard_row,mali_real_qpu,rqpu_mali_ood_v2,26,26,,26,23.25917558486645,,,overlay_test_row_set_hash,07019075864357e38d806c74387dfcea6260a03733479b074be8a8b6e198b240,published,,artifacts/benchmark_v1/results/benchmark_summary/fidelity_overlay_v1/enriched_scorecard.csv,909bb3e5fab3aea9864b194aadf113fae22b140c55788a2e900d2baa410dc4b0,scorecard_status=diagnostic; split_id=family_component_held_out; source-local unless n=8767. Do not treat Ma--Li 340 or Qonductor 4482 as unified 8767.,same_clock_diagnostic,
C_source_stratified,mali_graph_estimator,,mali_gnn_foldlocal_zero_variance_v2,Ma--Li source-native graph + metadata reimplementation (340),source_native_reimplementation,Public code/data and source representation; grouped benchmark split and non-historical FakeBackend context prevent a paper-exact claim.,mapped,archived_observed_service_execution_time,archived_observed_service_execution_time,source_local_scorecard_row,mali_real_qpu,rqpu_mali_ood_v2,35,35,,35,0.442549841744559,,,overlay_test_row_set_hash,e25b43876c9e867af8df191aaadfc7125bc361de39cf4081808a389921a336eb,published,,artifacts/benchmark_v1/results/benchmark_summary/fidelity_overlay_v1/enriched_scorecard.csv,909bb3e5fab3aea9864b194aadf113fae22b140c55788a2e900d2baa410dc4b0,scorecard_status=diagnostic; split_id=family_component_held_out; source-local unless n=8767. Do not treat Ma--Li 340 or Qonductor 4482 as unified 8767.,same_clock_diagnostic,
C_source_stratified,mali_graph_estimator,,mali_gnn_foldlocal_zero_variance_v2,Ma--Li source-native graph + metadata reimplementation (340),source_native_reimplementation,Public code/data and source representation; grouped benchmark split and non-historical FakeBackend context prevent a paper-exact claim.,mapped,archived_observed_service_execution_time,archived_observed_service_execution_time,source_local_scorecard_row,mali_real_qpu,rqpu_mali_ood_v2,36,36,,36,0.3907430966695152,,,overlay_test_row_set_hash,8b1d8f167899213039057e4c7add5387458c1058892633028f31f65899d59ae1,published,,artifacts/benchmark_v1/results/benchmark_summary/fidelity_overlay_v1/enriched_scorecard.csv,909bb3e5fab3aea9864b194aadf113fae22b140c55788a2e900d2baa410dc4b0,scorecard_status=diagnostic; split_id=family_component_held_out; source-local unless n=8767. Do not treat Ma--Li 340 or Qonductor 4482 as unified 8767.,same_clock_diagnostic,
C_source_stratified,mali_graph_estimator,,mali_gnn_foldlocal_zero_variance_v2,Ma--Li source-native graph + metadata reimplementation (340),source_native_reimplementation,Public code/data and source representation; grouped benchmark split and non-historical FakeBackend context prevent a paper-exact claim.,mapped,archived_observed_service_execution_time,archived_observed_service_execution_time,source_local_scorecard_row,mali_real_qpu,rqpu_mali_ood_v2,2,2,,2,5.963535785675049,,,overlay_test_row_set_hash,a10f659ca5bca4e1ae604ea8a5abd1fb1b16a3f8707afc2977c6d233c3726ac4,published,,artifacts/benchmark_v1/results/benchmark_summary/fidelity_overlay_v1/enriched_scorecard.csv,909bb3e5fab3aea9864b194aadf113fae22b140c55788a2e900d2baa410dc4b0,scorecard_status=diagnostic; split_id=family_component_held_out; source-local unless n=8767. Do not treat Ma--Li 340 or Qonductor 4482 as unified 8767.,same_clock_diagnostic,
C_source_stratified,mali_graph_estimator,,mali_gnn_foldlocal_zero_variance_v2,Ma--Li source-native graph + metadata reimplementation (340),source_native_reimplementation,Public code/data and source representation; grouped benchmark split and non-historical FakeBackend context prevent a paper-exact claim.,mapped,archived_observed_service_execution_time,archived_observed_service_execution_time,source_local_scorecard_row,mali_real_qpu,rqpu_mali_ood_v2,30,30,,30,64.7935860157013,,,overlay_test_row_set_hash,9930033920102706f92e88fd2ad071ef71429b57abd9d7011b9891f328a05ba4,published,,artifacts/benchmark_v1/results/benchmark_summary/fidelity_overlay_v1/enriched_scorecard.csv,909bb3e5fab3aea9864b194aadf113fae22b140c55788a2e900d2baa410dc4b0,scorecard_status=diagnostic; split_id=family_component_held_out; source-local unless n=8767. Do not treat Ma--Li 340 or Qonductor 4482 as unified 8767.,same_clock_diagnostic,
C_source_stratified,mali_graph_estimator,,mali_gnn_foldlocal_zero_variance_v2,Ma--Li source-native graph + metadata reimplementation (340),source_native_reimplementation,Public code/data and source representation; grouped benchmark split and non-historical FakeBackend context prevent a paper-exact claim.,mapped,archived_observed_service_execution_time,archived_observed_service_execution_time,source_local_scorecard_row,mali_real_qpu,rqpu_mali_ood_v2,80,80,,80,0.5234327197074891,,,overlay_test_row_set_hash,e511ee1b9536adfe0691eafebc92c67a3c8917016dd4aeb4cdf304ce0f014bda,published,,artifacts/benchmark_v1/results/benchmark_summary/fidelity_overlay_v1/enriched_scorecard.csv,909bb3e5fab3aea9864b194aadf113fae22b140c55788a2e900d2baa410dc4b0,scorecard_status=diagnostic; split_id=family_component_held_out; source-local unless n=8767. Do not treat Ma--Li 340 or Qonductor 4482 as unified 8767.,same_clock_diagnostic,
C_source_stratified,mali_graph_estimator,,mali_gnn_foldlocal_zero_variance_v2,Ma--Li source-native graph + metadata reimplementation (340),source_native_reimplementation,Public code/data and source representation; grouped benchmark split and non-historical FakeBackend context prevent a paper-exact claim.,mapped,archived_observed_service_execution_time,archived_observed_service_execution_time,source_local_scorecard_row,mali_real_qpu,rqpu_mali_ood_v2,38,38,,38,0.4505641962352552,,,overlay_test_row_set_hash,481ef09722ec8a585e3f51bc56d2bbecef68e0ca31f38bbf3efb45063dfef8e0,published,,artifacts/benchmark_v1/results/benchmark_summary/fidelity_overlay_v1/enriched_scorecard.csv,909bb3e5fab3aea9864b194aadf113fae22b140c55788a2e900d2baa410dc4b0,scorecard_status=diagnostic; split_id=family_component_held_out; source-local unless n=8767. Do not treat Ma--Li 340 or Qonductor 4482 as unified 8767.,same_clock_diagnostic,
C_source_stratified,mali_structural_dag_v3,,named_angle_insensitive_structural_dag_gpu,Ma--Li-style structural-DAG adaptation,adaptation,Distinct from exact logical Ma--Li reproduction.,mapped,archived_observed_service_execution_time,archived_observed_service_execution_time,source_local_scorecard_row,qonductor_structural_recipe,rqpu_logical_structural_v1,230,230,,230,0.9389531043186737,,,overlay_test_row_set_hash,833b52816ae3b0fa62a4751497cc3730712d116fc1bd3108e7fe287f062c16c6,published,,artifacts/benchmark_v1/results/benchmark_summary/fidelity_overlay_v1/enriched_scorecard.csv,909bb3e5fab3aea9864b194aadf113fae22b140c55788a2e900d2baa410dc4b0,scorecard_status=diagnostic; split_id=exact_qasm_grouped_5fold; source-local unless n=8767. Do not treat Ma--Li 340 or Qonductor 4482 as unified 8767.,same_clock_diagnostic,
C_source_stratified,mali_structural_dag_v3,,named_angle_insensitive_structural_dag_gpu,Ma--Li-style structural-DAG adaptation,adaptation,Distinct from exact logical Ma--Li reproduction.,mapped,archived_observed_service_execution_time,archived_observed_service_execution_time,source_local_scorecard_row,qpack_mcp,rqpu_logical_structural_v1,3945,3945,,3945,0.19476739686402683,,,overlay_test_row_set_hash,26f9d0190ed77abfa4dd6e1495c5f5612b35e9bd1bdbe12d66f648ee2c481310,published,,artifacts/benchmark_v1/results/benchmark_summary/fidelity_overlay_v1/enriched_scorecard.csv,909bb3e5fab3aea9864b194aadf113fae22b140c55788a2e900d2baa410dc4b0,scorecard_status=diagnostic; split_id=workflow_grouped_5fold; source-local unless n=8767. Do not treat Ma--Li 340 or Qonductor 4482 as unified 8767.,same_clock_diagnostic,
C_source_stratified,mali_structural_dag_v3,,named_angle_insensitive_structural_dag_gpu,Ma--Li-style structural-DAG adaptation,adaptation,Distinct from exact logical Ma--Li reproduction.,mapped,archived_observed_service_execution_time,archived_observed_service_execution_time,source_local_scorecard_row,qonductor_structural_recipe,rqpu_logical_structural_v1,33,33,,33,1.411654657558124,,,overlay_test_row_set_hash,08aa96d4269ab7eba127e528cade5d95fc7471d0b96d7a72e775f7818072c669,published,,artifacts/benchmark_v1/results/benchmark_summary/fidelity_overlay_v1/enriched_scorecard.csv,909bb3e5fab3aea9864b194aadf113fae22b140c55788a2e900d2baa410dc4b0,scorecard_status=diagnostic; split_id=backend_held_out; source-local unless n=8767. Do not treat Ma--Li 340 or Qonductor 4482 as unified 8767.,same_clock_diagnostic,
C_source_stratified,mali_structural_dag_v3,,named_angle_insensitive_structural_dag_gpu,Ma--Li-style structural-DAG adaptation,adaptation,Distinct from exact logical Ma--Li reproduction.,mapped,archived_observed_service_execution_time,archived_observed_service_execution_time,source_local_scorecard_row,qonductor_structural_recipe,rqpu_logical_structural_v1,48,48,,48,1.0389030616374966,,,overlay_test_row_set_hash,206cfd36d6b5d89c6d368de2569401cc7b684c289e5b68c09fee79dbbeaadc50,published,,artifacts/benchmark_v1/results/benchmark_summary/fidelity_overlay_v1/enriched_scorecard.csv,909bb3e5fab3aea9864b194aadf113fae22b140c55788a2e900d2baa410dc4b0,scorecard_status=diagnostic; split_id=family_held_out; source-local unless n=8767. Do not treat Ma--Li 340 or Qonductor 4482 as unified 8767.,same_clock_diagnostic,
C_source_stratified,mali_structural_dag_v3,,named_angle_insensitive_structural_dag_gpu,Ma--Li-style structural-DAG adaptation,adaptation,Distinct from exact logical Ma--Li reproduction.,mapped,archived_observed_service_execution_time,archived_observed_service_execution_time,source_local_scorecard_row,qonductor_structural_recipe,rqpu_logical_structural_v1,113,113,,113,1.0062634255486067,,,overlay_test_row_set_hash,4f59698c44602793b27b2823d8061607b282f0a02c23ead4d4725622af97447e,published,,artifacts/benchmark_v1/results/benchmark_summary/fidelity_overlay_v1/enriched_scorecard.csv,909bb3e5fab3aea9864b194aadf113fae22b140c55788a2e900d2baa410dc4b0,scorecard_status=diagnostic; split_id=family_held_out; source-local unless n=8767. Do not treat Ma--Li 340 or Qonductor 4482 as unified 8767.,same_clock_diagnostic,
C_source_stratified,common_tabular_baseline,,common_tabular_ridge,Common width + shots tabular baseline,baseline,Internal comparator; no paper-replication claim.,mapped,archived_observed_service_execution_time,archived_observed_service_execution_time,source_local_scorecard_row,qpack_mcp,rqpu_common_tabular_v2_workflow_balanced,46,46,,46,0.9259061753789679,,,overlay_test_row_set_hash,26f9d0190ed77abfa4dd6e1495c5f5612b35e9bd1bdbe12d66f648ee2c481310,published,,artifacts/benchmark_v1/results/benchmark_summary/fidelity_overlay_v1/enriched_scorecard.csv,909bb3e5fab3aea9864b194aadf113fae22b140c55788a2e900d2baa410dc4b0,scorecard_status=source_primary; split_id=within_source_oof_workflow_balanced; source-local unless n=8767. Do not treat Ma--Li 340 or Qonductor 4482 as unified 8767.,same_clock_diagnostic,
C_source_stratified,common_tabular_baseline,,median_log,Common width + shots tabular baseline,baseline,Internal comparator; no paper-replication claim.,mapped,archived_observed_service_execution_time,archived_observed_service_execution_time,source_local_scorecard_row,qpack_mcp,rqpu_common_tabular_v2_workflow_balanced,46,46,,46,0.9683584810992032,,,overlay_test_row_set_hash,26f9d0190ed77abfa4dd6e1495c5f5612b35e9bd1bdbe12d66f648ee2c481310,published,,artifacts/benchmark_v1/results/benchmark_summary/fidelity_overlay_v1/enriched_scorecard.csv,909bb3e5fab3aea9864b194aadf113fae22b140c55788a2e900d2baa410dc4b0,scorecard_status=source_primary; split_id=within_source_oof_workflow_balanced; source-local unless n=8767. Do not treat Ma--Li 340 or Qonductor 4482 as unified 8767.,same_clock_diagnostic,
C_source_stratified,mali_compiled_feature_adaptation,,compiled_ridge,Compiled-feature real-QPU adaptation,adaptation,Not the Ma--Li graph estimator.,mapped,archived_observed_service_execution_time,archived_observed_service_execution_time,source_local_scorecard_row,mali_real_qpu,rqpu_mali_compiled_v1,340,340,,340,0.5182911254604406,,,overlay_test_row_set_hash,4d4648e4215b8d909fb6f8a30c374c034c8ff4e26e3b181e8cb3ed77238a370a,published,,artifacts/benchmark_v1/results/benchmark_summary/fidelity_overlay_v1/enriched_scorecard.csv,909bb3e5fab3aea9864b194aadf113fae22b140c55788a2e900d2baa410dc4b0,scorecard_status=diagnostic; split_id=exact_qasm_grouped_5fold; source-local unless n=8767. Do not treat Ma--Li 340 or Qonductor 4482 as unified 8767.,same_clock_diagnostic,
C_source_stratified,mali_compiled_feature_adaptation,,compiled_ridge,Compiled-feature real-QPU adaptation,adaptation,Not the Ma--Li graph estimator.,mapped,archived_observed_service_execution_time,archived_observed_service_execution_time,source_local_scorecard_row,mali_real_qpu,rqpu_mali_compiled_v1,340,340,,340,0.6869315180736706,,,overlay_test_row_set_hash,4d4648e4215b8d909fb6f8a30c374c034c8ff4e26e3b181e8cb3ed77238a370a,published,,artifacts/benchmark_v1/results/benchmark_summary/fidelity_overlay_v1/enriched_scorecard.csv,909bb3e5fab3aea9864b194aadf113fae22b140c55788a2e900d2baa410dc4b0,scorecard_status=diagnostic; split_id=family_component_held_out; source-local unless n=8767. Do not treat Ma--Li 340 or Qonductor 4482 as unified 8767.,same_clock_diagnostic,
C_source_stratified,mali_compiled_feature_adaptation,,compiled_ridge,Compiled-feature real-QPU adaptation,adaptation,Not the Ma--Li graph estimator.,mapped,archived_observed_service_execution_time,archived_observed_service_execution_time,source_local_scorecard_row,mali_real_qpu,rqpu_mali_compiled_v1,44,44,,44,0.4870984921905078,,,overlay_test_row_set_hash,5be62873dcaec775ed5e54cf54800270bfe5428bcea29b7fa0ed1ef038844cda,published,,artifacts/benchmark_v1/results/benchmark_summary/fidelity_overlay_v1/enriched_scorecard.csv,909bb3e5fab3aea9864b194aadf113fae22b140c55788a2e900d2baa410dc4b0,scorecard_status=diagnostic; split_id=backend_held_out; source-local unless n=8767. Do not treat Ma--Li 340 or Qonductor 4482 as unified 8767.,same_clock_diagnostic,
C_source_stratified,qonductor_regression,,qonductor_public_model,Qonductor grouped regression adaptation,adaptation,The public fitted artifact is in-sample on the archive; grouped OOF retraining changes the paper split to remove leakage.,mapped,archived_observed_service_execution_time,archived_observed_service_execution_time,source_local_scorecard_row,qonductor_single_circuit_ibm,rqpu_qonductor_regression_v1,4482,4482,,4482,1.3736933504374773,,,overlay_test_row_set_hash,f718ae00ba717fb0f4661acec84200fb067ac8f7f8377f1436d79468735fc071,published,,artifacts/benchmark_v1/results/benchmark_summary/fidelity_overlay_v1/enriched_scorecard.csv,909bb3e5fab3aea9864b194aadf113fae22b140c55788a2e900d2baa410dc4b0,scorecard_status=diagnostic; split_id=exact_qasm_grouped_5fold; source-local unless n=8767. Do not treat Ma--Li 340 or Qonductor 4482 as unified 8767.,same_clock_diagnostic,
C_source_stratified,qonductor_regression,,qonductor_local_poly_adaptation,Qonductor grouped regression adaptation,adaptation,The public fitted artifact is in-sample on the archive; grouped OOF retraining changes the paper split to remove leakage.,mapped,archived_observed_service_execution_time,archived_observed_service_execution_time,source_local_scorecard_row,qonductor_single_circuit_ibm,rqpu_qonductor_regression_v1,4482,4482,,4482,1.1193435578969047,,,overlay_test_row_set_hash,f718ae00ba717fb0f4661acec84200fb067ac8f7f8377f1436d79468735fc071,published,,artifacts/benchmark_v1/results/benchmark_summary/fidelity_overlay_v1/enriched_scorecard.csv,909bb3e5fab3aea9864b194aadf113fae22b140c55788a2e900d2baa410dc4b0,scorecard_status=diagnostic; split_id=exact_qasm_grouped_5fold; source-local unless n=8767. Do not treat Ma--Li 340 or Qonductor 4482 as unified 8767.,same_clock_diagnostic,
C_source_stratified,azizov_to_qpu_transfer,,aer_initialized_scratch,Azizov-style simulator-to-QPU transfer adaptation,adaptation,Not an Azizov paper replication and not a QPU-time simulation.,mapped,archived_observed_service_execution_time,archived_observed_service_execution_time,source_local_scorecard_row,qonductor_single_circuit_ibm,rqpu_qonductor_azizov_transfer_v1,4482,4482,,4482,0.9702984994076002,,,overlay_test_row_set_hash,7520e6c6b3466c1d4abde80ca6950fe87a48bcae5c8e9bc82515e94fedc44563,published,,artifacts/benchmark_v1/results/benchmark_summary/fidelity_overlay_v1/enriched_scorecard.csv,909bb3e5fab3aea9864b194aadf113fae22b140c55788a2e900d2baa410dc4b0,scorecard_status=diagnostic; split_id=exact_qasm_grouped_5fold; source-local unless n=8767. Do not treat Ma--Li 340 or Qonductor 4482 as unified 8767.,same_clock_diagnostic,
C_source_stratified,azizov_to_qpu_transfer,,aer_initialized_frozen,Azizov-style simulator-to-QPU transfer adaptation,adaptation,Not an Azizov paper replication and not a QPU-time simulation.,mapped,archived_observed_service_execution_time,archived_observed_service_execution_time,source_local_scorecard_row,qonductor_single_circuit_ibm,rqpu_qonductor_azizov_transfer_v1,4482,4482,,4482,1.035119677518597,,,overlay_test_row_set_hash,d1dbd298c16736786dfb566f88831396c228da56be27a719f8670734ee78e2b5,published,,artifacts/benchmark_v1/results/benchmark_summary/fidelity_overlay_v1/enriched_scorecard.csv,909bb3e5fab3aea9864b194aadf113fae22b140c55788a2e900d2baa410dc4b0,scorecard_status=diagnostic; split_id=exact_qasm_grouped_5fold; source-local unless n=8767. Do not treat Ma--Li 340 or Qonductor 4482 as unified 8767.,same_clock_diagnostic,
C_source_stratified,azizov_to_qpu_transfer,,aer_initialized_finetune,Azizov-style simulator-to-QPU transfer adaptation,adaptation,Not an Azizov paper replication and not a QPU-time simulation.,mapped,archived_observed_service_execution_time,archived_observed_service_execution_time,source_local_scorecard_row,qonductor_single_circuit_ibm,rqpu_qonductor_azizov_transfer_v1,4482,4482,,4482,0.9687989710358756,,,overlay_test_row_set_hash,5f01c46e31307e766a2f88da656e49280ac3c2a49ce3ca58b4aa19b614ab81a3,published,,artifacts/benchmark_v1/results/benchmark_summary/fidelity_overlay_v1/enriched_scorecard.csv,909bb3e5fab3aea9864b194aadf113fae22b140c55788a2e900d2baa410dc4b0,scorecard_status=diagnostic; split_id=exact_qasm_grouped_5fold; source-local unless n=8767. Do not treat Ma--Li 340 or Qonductor 4482 as unified 8767.,same_clock_diagnostic,
C_source_stratified,hyb_hanas_one_circuit_effective_cost_adaptation,,,Hyb-HANAS one-circuit effective-cost adaptation,analytical_proxy,Preserves the raw effective-cost clock T_eff; not the paper HQNN training-cost target and not archived observed service time. Distinct from the historical method_id hyb_hanas. Do not alias hyb_hanas_circuit_time_component onto this id.,mapped_fidelity_registry,archived_observed_service_execution_time,one_circuit_effective_cost_seconds,analytical_wave_v3_source_slice,mali_real_qpu,,340,0,340,0,,,0,analytical_wave_v3_source_predicted_row_set_hash,,published,,artifacts/benchmark_v3/real_qpu/archived_analytical_wave_v3_20260930/source_stratified_metrics.csv,32409f680425466023f8cc454eaedfd0dfebe99b4ee0a3d346a87a989c1f6c4f,Source slice of the analytical wave. Not a global winner. reconstruction_qualified=false.,raw_cross_clock_diagnostic,
C_source_stratified,hyb_hanas_one_circuit_effective_cost_adaptation,,,Hyb-HANAS one-circuit effective-cost adaptation,analytical_proxy,Preserves the raw effective-cost clock T_eff; not the paper HQNN training-cost target and not archived observed service time. Distinct from the historical method_id hyb_hanas. Do not alias hyb_hanas_circuit_time_component onto this id.,mapped_fidelity_registry,archived_observed_service_execution_time,one_circuit_effective_cost_seconds,analytical_wave_v3_source_slice,qonductor_single_circuit_ibm,,4482,4191,291,4191,726329351.93532205,-3.4247808754463601e+19,0.93507362784471215,analytical_wave_v3_source_predicted_row_set_hash,f1217003adfd2507477d3d977c13979e55b8a56c7434f4171c5c84cc063b3e88,published,,artifacts/benchmark_v3/real_qpu/archived_analytical_wave_v3_20260930/source_stratified_metrics.csv,32409f680425466023f8cc454eaedfd0dfebe99b4ee0a3d346a87a989c1f6c4f,Source slice of the analytical wave. Not a global winner. reconstruction_qualified=false.,raw_cross_clock_diagnostic,
C_source_stratified,hyb_hanas_one_circuit_effective_cost_adaptation,,,Hyb-HANAS one-circuit effective-cost adaptation,analytical_proxy,Preserves the raw effective-cost clock T_eff; not the paper HQNN training-cost target and not archived observed service time. Distinct from the historical method_id hyb_hanas. Do not alias hyb_hanas_circuit_time_component onto this id.,mapped_fidelity_registry,archived_observed_service_execution_time,one_circuit_effective_cost_seconds,analytical_wave_v3_source_slice,qpack_mcp,,3945,3945,0,3945,5.4690512416832995,-27.37601282411104,1,analytical_wave_v3_source_predicted_row_set_hash,d8f5438afbc5179bc99a96672022627411c6d6ead8597fcee6b9abbe383a36d7,published,,artifacts/benchmark_v3/real_qpu/archived_analytical_wave_v3_20260930/source_stratified_metrics.csv,32409f680425466023f8cc454eaedfd0dfebe99b4ee0a3d346a87a989c1f6c4f,Source slice of the analytical wave. Not a global winner. QPack rows are reconstruction_qualified. reconstruction_qualified=true.,raw_cross_clock_diagnostic,
C_source_stratified,hyb_hanas_one_circuit_effective_cost_adaptation_outer_train_affine_seconds,,,Hyb-HANAS one-circuit effective-cost adaptation,analytical_proxy,Preserves the raw effective-cost clock T_eff; not the paper HQNN training-cost target and not archived observed service time. Distinct from the historical method_id hyb_hanas. Do not alias hyb_hanas_circuit_time_component onto this id.,mapped_fidelity_registry,archived_observed_service_execution_time,calibrated_observed_service_seconds,analytical_wave_v3_source_slice,mali_real_qpu,,340,0,340,0,,,0,analytical_wave_v3_source_predicted_row_set_hash,,published,,artifacts/benchmark_v3/real_qpu/archived_analytical_wave_v3_20260930/source_stratified_metrics.csv,32409f680425466023f8cc454eaedfd0dfebe99b4ee0a3d346a87a989c1f6c4f,Source slice of the analytical wave. Not a global winner. reconstruction_qualified=false.,fold_safe_calibrated_diagnostic,
C_source_stratified,hyb_hanas_one_circuit_effective_cost_adaptation_outer_train_affine_seconds,,,Hyb-HANAS one-circuit effective-cost adaptation,analytical_proxy,Preserves the raw effective-cost clock T_eff; not the paper HQNN training-cost target and not archived observed service time. Distinct from the historical method_id hyb_hanas. Do not alias hyb_hanas_circuit_time_component onto this id.,mapped_fidelity_registry,archived_observed_service_execution_time,calibrated_observed_service_seconds,analytical_wave_v3_source_slice,qonductor_single_circuit_ibm,,4482,4191,291,4191,2.1254019959916959,-0.11476063651751578,0.93507362784471215,analytical_wave_v3_source_predicted_row_set_hash,f1217003adfd2507477d3d977c13979e55b8a56c7434f4171c5c84cc063b3e88,published,,artifacts/benchmark_v3/real_qpu/archived_analytical_wave_v3_20260930/source_stratified_metrics.csv,32409f680425466023f8cc454eaedfd0dfebe99b4ee0a3d346a87a989c1f6c4f,Source slice of the analytical wave. Not a global winner. reconstruction_qualified=false.,fold_safe_calibrated_diagnostic,
C_source_stratified,hyb_hanas_one_circuit_effective_cost_adaptation_outer_train_affine_seconds,,,Hyb-HANAS one-circuit effective-cost adaptation,analytical_proxy,Preserves the raw effective-cost clock T_eff; not the paper HQNN training-cost target and not archived observed service time. Distinct from the historical method_id hyb_hanas. Do not alias hyb_hanas_circuit_time_component onto this id.,mapped_fidelity_registry,archived_observed_service_execution_time,calibrated_observed_service_seconds,analytical_wave_v3_source_slice,qpack_mcp,,3945,3945,0,3945,1.223262852041286,-0.65728354405970979,1,analytical_wave_v3_source_predicted_row_set_hash,d8f5438afbc5179bc99a96672022627411c6d6ead8597fcee6b9abbe383a36d7,published,,artifacts/benchmark_v3/real_qpu/archived_analytical_wave_v3_20260930/source_stratified_metrics.csv,32409f680425466023f8cc454eaedfd0dfebe99b4ee0a3d346a87a989c1f6c4f,Source slice of the analytical wave. Not a global winner. QPack rows are reconstruction_qualified. reconstruction_qualified=true.,fold_safe_calibrated_diagnostic,
C_source_stratified,hyb_hanas_one_circuit_effective_cost_adaptation_outer_train_log_affine_seconds,,,Hyb-HANAS one-circuit effective-cost adaptation,analytical_proxy,Preserves the raw effective-cost clock T_eff; not the paper HQNN training-cost target and not archived observed service time. Distinct from the historical method_id hyb_hanas. Do not alias hyb_hanas_circuit_time_component onto this id.,mapped_fidelity_registry,archived_observed_service_execution_time,calibrated_observed_service_seconds,analytical_wave_v3_source_slice,mali_real_qpu,,340,0,340,0,,,0,analytical_wave_v3_source_predicted_row_set_hash,,published,,artifacts/benchmark_v3/real_qpu/archived_analytical_wave_v3_20260930/source_stratified_metrics.csv,32409f680425466023f8cc454eaedfd0dfebe99b4ee0a3d346a87a989c1f6c4f,Source slice of the analytical wave. Not a global winner. reconstruction_qualified=false.,fold_safe_calibrated_diagnostic,
C_source_stratified,hyb_hanas_one_circuit_effective_cost_adaptation_outer_train_log_affine_seconds,,,Hyb-HANAS one-circuit effective-cost adaptation,analytical_proxy,Preserves the raw effective-cost clock T_eff; not the paper HQNN training-cost target and not archived observed service time. Distinct from the historical method_id hyb_hanas. Do not alias hyb_hanas_circuit_time_component onto this id.,mapped_fidelity_registry,archived_observed_service_execution_time,calibrated_observed_service_seconds,analytical_wave_v3_source_slice,qonductor_single_circuit_ibm,,4482,4191,291,4191,1.9967079206225291,-0.0362039347003551,0.93507362784471215,analytical_wave_v3_source_predicted_row_set_hash,f1217003adfd2507477d3d977c13979e55b8a56c7434f4171c5c84cc063b3e88,published,,artifacts/benchmark_v3/real_qpu/archived_analytical_wave_v3_20260930/source_stratified_metrics.csv,32409f680425466023f8cc454eaedfd0dfebe99b4ee0a3d346a87a989c1f6c4f,Source slice of the analytical wave. Not a global winner. reconstruction_qualified=false.,fold_safe_calibrated_diagnostic,
C_source_stratified,hyb_hanas_one_circuit_effective_cost_adaptation_outer_train_log_affine_seconds,,,Hyb-HANAS one-circuit effective-cost adaptation,analytical_proxy,Preserves the raw effective-cost clock T_eff; not the paper HQNN training-cost target and not archived observed service time. Distinct from the historical method_id hyb_hanas. Do not alias hyb_hanas_circuit_time_component onto this id.,mapped_fidelity_registry,archived_observed_service_execution_time,calibrated_observed_service_seconds,analytical_wave_v3_source_slice,qpack_mcp,,3945,3945,0,3945,1.4036287338351285,-1.2765023088505294,1,analytical_wave_v3_source_predicted_row_set_hash,d8f5438afbc5179bc99a96672022627411c6d6ead8597fcee6b9abbe383a36d7,published,,artifacts/benchmark_v3/real_qpu/archived_analytical_wave_v3_20260930/source_stratified_metrics.csv,32409f680425466023f8cc454eaedfd0dfebe99b4ee0a3d346a87a989c1f6c4f,Source slice of the analytical wave. Not a global winner. QPack rows are reconstruction_qualified. reconstruction_qualified=true.,fold_safe_calibrated_diagnostic,
C_source_stratified,hyb_hanas_shot_linear_effective_seconds,,,,,Not present in method_fidelity_registry_v1.json; label copied from the cited published artifact. Do not invent a fidelity class.,published_artifact_not_in_fidelity_registry,archived_observed_service_execution_time,shot_linear_effective_cost_seconds,analytical_wave_v3_source_slice,mali_real_qpu,,340,0,340,0,,,0,analytical_wave_v3_source_predicted_row_set_hash,,published,,artifacts/benchmark_v3/real_qpu/archived_analytical_wave_v3_20260930/source_stratified_metrics.csv,32409f680425466023f8cc454eaedfd0dfebe99b4ee0a3d346a87a989c1f6c4f,Source slice of the analytical wave. Not a global winner. reconstruction_qualified=false.,raw_cross_clock_diagnostic,
C_source_stratified,hyb_hanas_shot_linear_effective_seconds,,,,,Not present in method_fidelity_registry_v1.json; label copied from the cited published artifact. Do not invent a fidelity class.,published_artifact_not_in_fidelity_registry,archived_observed_service_execution_time,shot_linear_effective_cost_seconds,analytical_wave_v3_source_slice,qonductor_single_circuit_ibm,,4482,4191,291,4191,726961798851.16846,-3.4247847236625704e+25,0.93507362784471215,analytical_wave_v3_source_predicted_row_set_hash,f1217003adfd2507477d3d977c13979e55b8a56c7434f4171c5c84cc063b3e88,published,,artifacts/benchmark_v3/real_qpu/archived_analytical_wave_v3_20260930/source_stratified_metrics.csv,32409f680425466023f8cc454eaedfd0dfebe99b4ee0a3d346a87a989c1f6c4f,Source slice of the analytical wave. Not a global winner. reconstruction_qualified=false.,raw_cross_clock_diagnostic,
C_source_stratified,hyb_hanas_shot_linear_effective_seconds,,,,,Not present in method_fidelity_registry_v1.json; label copied from the cited published artifact. Do not invent a fidelity class.,published_artifact_not_in_fidelity_registry,archived_observed_service_execution_time,shot_linear_effective_cost_seconds,analytical_wave_v3_source_slice,qpack_mcp,,3945,3945,0,3945,2751.9819780681746,-57454748.715766743,1,analytical_wave_v3_source_predicted_row_set_hash,d8f5438afbc5179bc99a96672022627411c6d6ead8597fcee6b9abbe383a36d7,published,,artifacts/benchmark_v3/real_qpu/archived_analytical_wave_v3_20260930/source_stratified_metrics.csv,32409f680425466023f8cc454eaedfd0dfebe99b4ee0a3d346a87a989c1f6c4f,Source slice of the analytical wave. Not a global winner. QPack rows are reconstruction_qualified. reconstruction_qualified=true.,raw_cross_clock_diagnostic,
C_source_stratified,hyb_hanas_shot_linear_effective_seconds_outer_train_affine_seconds,,,,,Not present in method_fidelity_registry_v1.json; label copied from the cited published artifact. Do not invent a fidelity class.,published_artifact_not_in_fidelity_registry,archived_observed_service_execution_time,calibrated_observed_service_seconds,analytical_wave_v3_source_slice,mali_real_qpu,,340,0,340,0,,,0,analytical_wave_v3_source_predicted_row_set_hash,,published,,artifacts/benchmark_v3/real_qpu/archived_analytical_wave_v3_20260930/source_stratified_metrics.csv,32409f680425466023f8cc454eaedfd0dfebe99b4ee0a3d346a87a989c1f6c4f,Source slice of the analytical wave. Not a global winner. reconstruction_qualified=false.,fold_safe_calibrated_diagnostic,
C_source_stratified,hyb_hanas_shot_linear_effective_seconds_outer_train_affine_seconds,,,,,Not present in method_fidelity_registry_v1.json; label copied from the cited published artifact. Do not invent a fidelity class.,published_artifact_not_in_fidelity_registry,archived_observed_service_execution_time,calibrated_observed_service_seconds,analytical_wave_v3_source_slice,qonductor_single_circuit_ibm,,4482,4191,291,4191,4.4344804169054637,-3.5480802168191721,0.93507362784471215,analytical_wave_v3_source_predicted_row_set_hash,f1217003adfd2507477d3d977c13979e55b8a56c7434f4171c5c84cc063b3e88,published,,artifacts/benchmark_v3/real_qpu/archived_analytical_wave_v3_20260930/source_stratified_metrics.csv,32409f680425466023f8cc454eaedfd0dfebe99b4ee0a3d346a87a989c1f6c4f,Source slice of the analytical wave. Not a global winner. reconstruction_qualified=false.,fold_safe_calibrated_diagnostic,
C_source_stratified,hyb_hanas_shot_linear_effective_seconds_outer_train_affine_seconds,,,,,Not present in method_fidelity_registry_v1.json; label copied from the cited published artifact. Do not invent a fidelity class.,published_artifact_not_in_fidelity_registry,archived_observed_service_execution_time,calibrated_observed_service_seconds,analytical_wave_v3_source_slice,qpack_mcp,,3945,3945,0,3945,6.0665229783552928,-32.111166482794189,1,analytical_wave_v3_source_predicted_row_set_hash,d8f5438afbc5179bc99a96672022627411c6d6ead8597fcee6b9abbe383a36d7,published,,artifacts/benchmark_v3/real_qpu/archived_analytical_wave_v3_20260930/source_stratified_metrics.csv,32409f680425466023f8cc454eaedfd0dfebe99b4ee0a3d346a87a989c1f6c4f,Source slice of the analytical wave. Not a global winner. QPack rows are reconstruction_qualified. reconstruction_qualified=true.,fold_safe_calibrated_diagnostic,
C_source_stratified,hyb_hanas_shot_linear_effective_seconds_outer_train_log_affine_seconds,,,,,Not present in method_fidelity_registry_v1.json; label copied from the cited published artifact. Do not invent a fidelity class.,published_artifact_not_in_fidelity_registry,archived_observed_service_execution_time,calibrated_observed_service_seconds,analytical_wave_v3_source_slice,mali_real_qpu,,340,0,340,0,,,0,analytical_wave_v3_source_predicted_row_set_hash,,published,,artifacts/benchmark_v3/real_qpu/archived_analytical_wave_v3_20260930/source_stratified_metrics.csv,32409f680425466023f8cc454eaedfd0dfebe99b4ee0a3d346a87a989c1f6c4f,Source slice of the analytical wave. Not a global winner. reconstruction_qualified=false.,fold_safe_calibrated_diagnostic,
C_source_stratified,hyb_hanas_shot_linear_effective_seconds_outer_train_log_affine_seconds,,,,,Not present in method_fidelity_registry_v1.json; label copied from the cited published artifact. Do not invent a fidelity class.,published_artifact_not_in_fidelity_registry,archived_observed_service_execution_time,calibrated_observed_service_seconds,analytical_wave_v3_source_slice,qonductor_single_circuit_ibm,,4482,4191,291,4191,1.9493043137734003,0.003249816763669755,0.93507362784471215,analytical_wave_v3_source_predicted_row_set_hash,f1217003adfd2507477d3d977c13979e55b8a56c7434f4171c5c84cc063b3e88,published,,artifacts/benchmark_v3/real_qpu/archived_analytical_wave_v3_20260930/source_stratified_metrics.csv,32409f680425466023f8cc454eaedfd0dfebe99b4ee0a3d346a87a989c1f6c4f,Source slice of the analytical wave. Not a global winner. reconstruction_qualified=false.,fold_safe_calibrated_diagnostic,
C_source_stratified,hyb_hanas_shot_linear_effective_seconds_outer_train_log_affine_seconds,,,,,Not present in method_fidelity_registry_v1.json; label copied from the cited published artifact. Do not invent a fidelity class.,published_artifact_not_in_fidelity_registry,archived_observed_service_execution_time,calibrated_observed_service_seconds,analytical_wave_v3_source_slice,qpack_mcp,,3945,3945,0,3945,1.3857656240611109,-1.2426315946749331,1,analytical_wave_v3_source_predicted_row_set_hash,d8f5438afbc5179bc99a96672022627411c6d6ead8597fcee6b9abbe383a36d7,published,,artifacts/benchmark_v3/real_qpu/archived_analytical_wave_v3_20260930/source_stratified_metrics.csv,32409f680425466023f8cc454eaedfd0dfebe99b4ee0a3d346a87a989c1f6c4f,Source slice of the analytical wave. Not a global winner. QPack rows are reconstruction_qualified. reconstruction_qualified=true.,fold_safe_calibrated_diagnostic,
C_source_stratified,qcre_shot_scaled_schedule_seconds,,,,,Not present in method_fidelity_registry_v1.json; label copied from the cited published artifact. Do not invent a fidelity class.,published_artifact_not_in_fidelity_registry,archived_observed_service_execution_time,shot_scaled_scheduled_seconds,analytical_wave_v3_source_slice,mali_real_qpu,,340,340,0,340,3.6005691771705881,-2.874153166751293,1,analytical_wave_v3_source_predicted_row_set_hash,3ad175f3b2cf88f52f9f0dedd404684fbff696b2d776f8d55538083dcdeac8e7,published,,artifacts/benchmark_v3/real_qpu/archived_analytical_wave_v3_20260930/source_stratified_metrics.csv,32409f680425466023f8cc454eaedfd0dfebe99b4ee0a3d346a87a989c1f6c4f,Source slice of the analytical wave. Not a global winner. reconstruction_qualified=false.,raw_cross_clock_diagnostic,
C_source_stratified,qcre_shot_scaled_schedule_seconds,,,,,Not present in method_fidelity_registry_v1.json; label copied from the cited published artifact. Do not invent a fidelity class.,published_artifact_not_in_fidelity_registry,archived_observed_service_execution_time,shot_scaled_scheduled_seconds,analytical_wave_v3_source_slice,qonductor_single_circuit_ibm,,4482,4481,1,4481,4.3113975194639726,-0.38245841776107592,0.99977688531905395,analytical_wave_v3_source_predicted_row_set_hash,a785df4abc98e96ad899bdf4f53837806715232d440bc620de74b88639c74655,published,,artifacts/benchmark_v3/real_qpu/archived_analytical_wave_v3_20260930/source_stratified_metrics.csv,32409f680425466023f8cc454eaedfd0dfebe99b4ee0a3d346a87a989c1f6c4f,Source slice of the analytical wave. Not a global winner. reconstruction_qualified=false.,raw_cross_clock_diagnostic,
C_source_stratified,qcre_shot_scaled_schedule_seconds,,,,,Not present in method_fidelity_registry_v1.json; label copied from the cited published artifact. Do not invent a fidelity class.,published_artifact_not_in_fidelity_registry,archived_observed_service_execution_time,shot_scaled_scheduled_seconds,analytical_wave_v3_source_slice,qpack_mcp,,3945,3945,0,3945,5.9577508534143213,-30.916216809630189,1,analytical_wave_v3_source_predicted_row_set_hash,d8f5438afbc5179bc99a96672022627411c6d6ead8597fcee6b9abbe383a36d7,published,,artifacts/benchmark_v3/real_qpu/archived_analytical_wave_v3_20260930/source_stratified_metrics.csv,32409f680425466023f8cc454eaedfd0dfebe99b4ee0a3d346a87a989c1f6c4f,Source slice of the analytical wave. Not a global winner. QPack rows are reconstruction_qualified. reconstruction_qualified=true.,raw_cross_clock_diagnostic,
C_source_stratified,qcre_shot_scaled_schedule_seconds_outer_train_affine_seconds,,,,,Not present in method_fidelity_registry_v1.json; label copied from the cited published artifact. Do not invent a fidelity class.,published_artifact_not_in_fidelity_registry,archived_observed_service_execution_time,calibrated_observed_service_seconds,analytical_wave_v3_source_slice,mali_real_qpu,,340,340,0,340,1.5311062001361164,0.1168923404941653,1,analytical_wave_v3_source_predicted_row_set_hash,3ad175f3b2cf88f52f9f0dedd404684fbff696b2d776f8d55538083dcdeac8e7,published,,artifacts/benchmark_v3/real_qpu/archived_analytical_wave_v3_20260930/source_stratified_metrics.csv,32409f680425466023f8cc454eaedfd0dfebe99b4ee0a3d346a87a989c1f6c4f,Source slice of the analytical wave. Not a global winner. reconstruction_qualified=false.,fold_safe_calibrated_diagnostic,
C_source_stratified,qcre_shot_scaled_schedule_seconds_outer_train_affine_seconds,,,,,Not present in method_fidelity_registry_v1.json; label copied from the cited published artifact. Do not invent a fidelity class.,published_artifact_not_in_fidelity_registry,archived_observed_service_execution_time,calibrated_observed_service_seconds,analytical_wave_v3_source_slice,qonductor_single_circuit_ibm,,4482,4481,1,4481,1.9889790957500739,0.67717067118209784,0.99977688531905395,analytical_wave_v3_source_predicted_row_set_hash,a785df4abc98e96ad899bdf4f53837806715232d440bc620de74b88639c74655,published,,artifacts/benchmark_v3/real_qpu/archived_analytical_wave_v3_20260930/source_stratified_metrics.csv,32409f680425466023f8cc454eaedfd0dfebe99b4ee0a3d346a87a989c1f6c4f,Source slice of the analytical wave. Not a global winner. reconstruction_qualified=false.,fold_safe_calibrated_diagnostic,
C_source_stratified,qcre_shot_scaled_schedule_seconds_outer_train_affine_seconds,,,,,Not present in method_fidelity_registry_v1.json; label copied from the cited published artifact. Do not invent a fidelity class.,published_artifact_not_in_fidelity_registry,archived_observed_service_execution_time,calibrated_observed_service_seconds,analytical_wave_v3_source_slice,qpack_mcp,,3945,3945,0,3945,1.2443466836276458,-0.74528960089726715,1,analytical_wave_v3_source_predicted_row_set_hash,d8f5438afbc5179bc99a96672022627411c6d6ead8597fcee6b9abbe383a36d7,published,,artifacts/benchmark_v3/real_qpu/archived_analytical_wave_v3_20260930/source_stratified_metrics.csv,32409f680425466023f8cc454eaedfd0dfebe99b4ee0a3d346a87a989c1f6c4f,Source slice of the analytical wave. Not a global winner. QPack rows are reconstruction_qualified. reconstruction_qualified=true.,fold_safe_calibrated_diagnostic,
C_source_stratified,qcre_shot_scaled_schedule_seconds_outer_train_log_affine_seconds,,,,,Not present in method_fidelity_registry_v1.json; label copied from the cited published artifact. Do not invent a fidelity class.,published_artifact_not_in_fidelity_registry,archived_observed_service_execution_time,calibrated_observed_service_seconds,analytical_wave_v3_source_slice,mali_real_qpu,,340,340,0,340,2.1440611416702309,-0.54941923033496209,1,analytical_wave_v3_source_predicted_row_set_hash,3ad175f3b2cf88f52f9f0dedd404684fbff696b2d776f8d55538083dcdeac8e7,published,,artifacts/benchmark_v3/real_qpu/archived_analytical_wave_v3_20260930/source_stratified_metrics.csv,32409f680425466023f8cc454eaedfd0dfebe99b4ee0a3d346a87a989c1f6c4f,Source slice of the analytical wave. Not a global winner. reconstruction_qualified=false.,fold_safe_calibrated_diagnostic,
C_source_stratified,qcre_shot_scaled_schedule_seconds_outer_train_log_affine_seconds,,,,,Not present in method_fidelity_registry_v1.json; label copied from the cited published artifact. Do not invent a fidelity class.,published_artifact_not_in_fidelity_registry,archived_observed_service_execution_time,calibrated_observed_service_seconds,analytical_wave_v3_source_slice,qonductor_single_circuit_ibm,,4482,4481,1,4481,1.8923048263340461,0.51924532377918875,0.99977688531905395,analytical_wave_v3_source_predicted_row_set_hash,a785df4abc98e96ad899bdf4f53837806715232d440bc620de74b88639c74655,published,,artifacts/benchmark_v3/real_qpu/archived_analytical_wave_v3_20260930/source_stratified_metrics.csv,32409f680425466023f8cc454eaedfd0dfebe99b4ee0a3d346a87a989c1f6c4f,Source slice of the analytical wave. Not a global winner. reconstruction_qualified=false.,fold_safe_calibrated_diagnostic,
C_source_stratified,qcre_shot_scaled_schedule_seconds_outer_train_log_affine_seconds,,,,,Not present in method_fidelity_registry_v1.json; label copied from the cited published artifact. Do not invent a fidelity class.,published_artifact_not_in_fidelity_registry,archived_observed_service_execution_time,calibrated_observed_service_seconds,analytical_wave_v3_source_slice,qpack_mcp,,3945,3945,0,3945,1.4436781983668068,-1.3912577078100377,1,analytical_wave_v3_source_predicted_row_set_hash,d8f5438afbc5179bc99a96672022627411c6d6ead8597fcee6b9abbe383a36d7,published,,artifacts/benchmark_v3/real_qpu/archived_analytical_wave_v3_20260930/source_stratified_metrics.csv,32409f680425466023f8cc454eaedfd0dfebe99b4ee0a3d346a87a989c1f6c4f,Source slice of the analytical wave. Not a global winner. QPack rows are reconstruction_qualified. reconstruction_qualified=true.,fold_safe_calibrated_diagnostic,
C_source_stratified,qcre_snapshot_critical_path,,,QCRE snapshot critical-path scheduled-duration proxy,analytical_proxy,"Raw output is a scheduled critical-path duration (single-shot and shot-scaled retained separately), not archived observed service time. Distinct from qcre_gate_duration and from dimensionless gate-aware depth.",mapped_fidelity_registry,archived_observed_service_execution_time,scheduled_critical_path_seconds,analytical_wave_v3_source_slice,mali_real_qpu,,340,340,0,340,8.450182276464707,-19.607809214118323,1,analytical_wave_v3_source_predicted_row_set_hash,3ad175f3b2cf88f52f9f0dedd404684fbff696b2d776f8d55538083dcdeac8e7,published,,artifacts/benchmark_v3/real_qpu/archived_analytical_wave_v3_20260930/source_stratified_metrics.csv,32409f680425466023f8cc454eaedfd0dfebe99b4ee0a3d346a87a989c1f6c4f,Source slice of the analytical wave. Not a global winner. reconstruction_qualified=false.,raw_cross_clock_diagnostic,frozen_target_scheduled_critical_path_equivalent
C_source_stratified,qcre_snapshot_critical_path,,,QCRE snapshot critical-path scheduled-duration proxy,analytical_proxy,"Raw output is a scheduled critical-path duration (single-shot and shot-scaled retained separately), not archived observed service time. Distinct from qcre_gate_duration and from dimensionless gate-aware depth.",mapped_fidelity_registry,archived_observed_service_execution_time,scheduled_critical_path_seconds,analytical_wave_v3_source_slice,qonductor_single_circuit_ibm,,4482,4481,1,4481,4.8793528408688172,-1.3975945226157993,0.99977688531905395,analytical_wave_v3_source_predicted_row_set_hash,a785df4abc98e96ad899bdf4f53837806715232d440bc620de74b88639c74655,published,,artifacts/benchmark_v3/real_qpu/archived_analytical_wave_v3_20260930/source_stratified_metrics.csv,32409f680425466023f8cc454eaedfd0dfebe99b4ee0a3d346a87a989c1f6c4f,Source slice of the analytical wave. Not a global winner. reconstruction_qualified=false.,raw_cross_clock_diagnostic,frozen_target_scheduled_critical_path_equivalent
C_source_stratified,qcre_snapshot_critical_path,,,QCRE snapshot critical-path scheduled-duration proxy,analytical_proxy,"Raw output is a scheduled critical-path duration (single-shot and shot-scaled retained separately), not archived observed service time. Distinct from qcre_gate_duration and from dimensionless gate-aware depth.",mapped_fidelity_registry,archived_observed_service_execution_time,scheduled_critical_path_seconds,analytical_wave_v3_source_slice,qpack_mcp,,3945,3945,0,3945,6.0664964227121665,-32.110870956510858,1,analytical_wave_v3_source_predicted_row_set_hash,d8f5438afbc5179bc99a96672022627411c6d6ead8597fcee6b9abbe383a36d7,published,,artifacts/benchmark_v3/real_qpu/archived_analytical_wave_v3_20260930/source_stratified_metrics.csv,32409f680425466023f8cc454eaedfd0dfebe99b4ee0a3d346a87a989c1f6c4f,Source slice of the analytical wave. Not a global winner. QPack rows are reconstruction_qualified. reconstruction_qualified=true.,raw_cross_clock_diagnostic,frozen_target_scheduled_critical_path_equivalent
C_source_stratified,qcre_snapshot_critical_path_outer_train_affine_seconds,,,QCRE snapshot critical-path scheduled-duration proxy,analytical_proxy,"Raw output is a scheduled critical-path duration (single-shot and shot-scaled retained separately), not archived observed service time. Distinct from qcre_gate_duration and from dimensionless gate-aware depth.",mapped_fidelity_registry,archived_observed_service_execution_time,calibrated_observed_service_seconds,analytical_wave_v3_source_slice,mali_real_qpu,,340,340,0,340,3.3878089389731199,-2.9419069312187225,1,analytical_wave_v3_source_predicted_row_set_hash,3ad175f3b2cf88f52f9f0dedd404684fbff696b2d776f8d55538083dcdeac8e7,published,,artifacts/benchmark_v3/real_qpu/archived_analytical_wave_v3_20260930/source_stratified_metrics.csv,32409f680425466023f8cc454eaedfd0dfebe99b4ee0a3d346a87a989c1f6c4f,Source slice of the analytical wave. Not a global winner. reconstruction_qualified=false.,fold_safe_calibrated_diagnostic,
C_source_stratified,qcre_snapshot_critical_path_outer_train_affine_seconds,,,QCRE snapshot critical-path scheduled-duration proxy,analytical_proxy,"Raw output is a scheduled critical-path duration (single-shot and shot-scaled retained separately), not archived observed service time. Distinct from qcre_gate_duration and from dimensionless gate-aware depth.",mapped_fidelity_registry,archived_observed_service_execution_time,calibrated_observed_service_seconds,analytical_wave_v3_source_slice,qonductor_single_circuit_ibm,,4482,4481,1,4481,2.3862288118053572,0.1810086788708607,0.99977688531905395,analytical_wave_v3_source_predicted_row_set_hash,a785df4abc98e96ad899bdf4f53837806715232d440bc620de74b88639c74655,published,,artifacts/benchmark_v3/real_qpu/archived_analytical_wave_v3_20260930/source_stratified_metrics.csv,32409f680425466023f8cc454eaedfd0dfebe99b4ee0a3d346a87a989c1f6c4f,Source slice of the analytical wave. Not a global winner. reconstruction_qualified=false.,fold_safe_calibrated_diagnostic,
C_source_stratified,qcre_snapshot_critical_path_outer_train_affine_seconds,,,QCRE snapshot critical-path scheduled-duration proxy,analytical_proxy,"Raw output is a scheduled critical-path duration (single-shot and shot-scaled retained separately), not archived observed service time. Distinct from qcre_gate_duration and from dimensionless gate-aware depth.",mapped_fidelity_registry,archived_observed_service_execution_time,calibrated_observed_service_seconds,analytical_wave_v3_source_slice,qpack_mcp,,3945,3945,0,3945,1.2032558916427569,-0.59441504213056628,1,analytical_wave_v3_source_predicted_row_set_hash,d8f5438afbc5179bc99a96672022627411c6d6ead8597fcee6b9abbe383a36d7,published,,artifacts/benchmark_v3/real_qpu/archived_analytical_wave_v3_20260930/source_stratified_metrics.csv,32409f680425466023f8cc454eaedfd0dfebe99b4ee0a3d346a87a989c1f6c4f,Source slice of the analytical wave. Not a global winner. QPack rows are reconstruction_qualified. reconstruction_qualified=true.,fold_safe_calibrated_diagnostic,
C_source_stratified,qcre_snapshot_critical_path_outer_train_log_affine_seconds,,,QCRE snapshot critical-path scheduled-duration proxy,analytical_proxy,"Raw output is a scheduled critical-path duration (single-shot and shot-scaled retained separately), not archived observed service time. Distinct from qcre_gate_duration and from dimensionless gate-aware depth.",mapped_fidelity_registry,archived_observed_service_execution_time,calibrated_observed_service_seconds,analytical_wave_v3_source_slice,mali_real_qpu,,340,340,0,340,1.1039409341668962,0.44610909236162932,1,analytical_wave_v3_source_predicted_row_set_hash,3ad175f3b2cf88f52f9f0dedd404684fbff696b2d776f8d55538083dcdeac8e7,published,,artifacts/benchmark_v3/real_qpu/archived_analytical_wave_v3_20260930/source_stratified_metrics.csv,32409f680425466023f8cc454eaedfd0dfebe99b4ee0a3d346a87a989c1f6c4f,Source slice of the analytical wave. Not a global winner. reconstruction_qualified=false.,fold_safe_calibrated_diagnostic,
C_source_stratified,qcre_snapshot_critical_path_outer_train_log_affine_seconds,,,QCRE snapshot critical-path scheduled-duration proxy,analytical_proxy,"Raw output is a scheduled critical-path duration (single-shot and shot-scaled retained separately), not archived observed service time. Distinct from qcre_gate_duration and from dimensionless gate-aware depth.",mapped_fidelity_registry,archived_observed_service_execution_time,calibrated_observed_service_seconds,analytical_wave_v3_source_slice,qonductor_single_circuit_ibm,,4482,4481,1,4481,2.2592340821184749,0.39017793353431951,0.99977688531905395,analytical_wave_v3_source_predicted_row_set_hash,a785df4abc98e96ad899bdf4f53837806715232d440bc620de74b88639c74655,published,,artifacts/benchmark_v3/real_qpu/archived_analytical_wave_v3_20260930/source_stratified_metrics.csv,32409f680425466023f8cc454eaedfd0dfebe99b4ee0a3d346a87a989c1f6c4f,Source slice of the analytical wave. Not a global winner. reconstruction_qualified=false.,fold_safe_calibrated_diagnostic,
C_source_stratified,qcre_snapshot_critical_path_outer_train_log_affine_seconds,,,QCRE snapshot critical-path scheduled-duration proxy,analytical_proxy,"Raw output is a scheduled critical-path duration (single-shot and shot-scaled retained separately), not archived observed service time. Distinct from qcre_gate_duration and from dimensionless gate-aware depth.",mapped_fidelity_registry,archived_observed_service_execution_time,calibrated_observed_service_seconds,analytical_wave_v3_source_slice,qpack_mcp,,3945,3945,0,3945,1.3689558116794556,-1.1652165170968614,1,analytical_wave_v3_source_predicted_row_set_hash,d8f5438afbc5179bc99a96672022627411c6d6ead8597fcee6b9abbe383a36d7,published,,artifacts/benchmark_v3/real_qpu/archived_analytical_wave_v3_20260930/source_stratified_metrics.csv,32409f680425466023f8cc454eaedfd0dfebe99b4ee0a3d346a87a989c1f6c4f,Source slice of the analytical wave. Not a global winner. QPack rows are reconstruction_qualified. reconstruction_qualified=true.,fold_safe_calibrated_diagnostic,
C_source_stratified,qiskit_estimate_duration_snapshot,,,Qiskit estimate_duration scheduled-duration estimator (frozen snapshot),native,"Native QuantumCircuit.estimate_duration output is scheduled duration, not an observed-QPU-time oracle. Distinct from the historical method_id qiskit_estimate_duration. API/Target incompatibility is terminal unavailable.",mapped_fidelity_registry,archived_observed_service_execution_time,scheduled_single_shot_seconds,analytical_wave_v3_source_slice,mali_real_qpu,,340,340,0,340,8.4501822764647052,-19.607809214118323,1,analytical_wave_v3_source_predicted_row_set_hash,3ad175f3b2cf88f52f9f0dedd404684fbff696b2d776f8d55538083dcdeac8e7,published,,artifacts/benchmark_v3/real_qpu/archived_analytical_wave_v3_20260930/source_stratified_metrics.csv,32409f680425466023f8cc454eaedfd0dfebe99b4ee0a3d346a87a989c1f6c4f,Source slice of the analytical wave. Not a global winner. reconstruction_qualified=false.,raw_cross_clock_diagnostic,frozen_target_scheduled_critical_path_equivalent
C_source_stratified,qiskit_estimate_duration_snapshot,,,Qiskit estimate_duration scheduled-duration estimator (frozen snapshot),native,"Native QuantumCircuit.estimate_duration output is scheduled duration, not an observed-QPU-time oracle. Distinct from the historical method_id qiskit_estimate_duration. API/Target incompatibility is terminal unavailable.",mapped_fidelity_registry,archived_observed_service_execution_time,scheduled_single_shot_seconds,analytical_wave_v3_source_slice,qonductor_single_circuit_ibm,,4482,4481,1,4481,4.8793528408688172,-1.3975945226158002,0.99977688531905395,analytical_wave_v3_source_predicted_row_set_hash,a785df4abc98e96ad899bdf4f53837806715232d440bc620de74b88639c74655,published,,artifacts/benchmark_v3/real_qpu/archived_analytical_wave_v3_20260930/source_stratified_metrics.csv,32409f680425466023f8cc454eaedfd0dfebe99b4ee0a3d346a87a989c1f6c4f,Source slice of the analytical wave. Not a global winner. reconstruction_qualified=false.,raw_cross_clock_diagnostic,frozen_target_scheduled_critical_path_equivalent
C_source_stratified,qiskit_estimate_duration_snapshot,,,Qiskit estimate_duration scheduled-duration estimator (frozen snapshot),native,"Native QuantumCircuit.estimate_duration output is scheduled duration, not an observed-QPU-time oracle. Distinct from the historical method_id qiskit_estimate_duration. API/Target incompatibility is terminal unavailable.",mapped_fidelity_registry,archived_observed_service_execution_time,scheduled_single_shot_seconds,analytical_wave_v3_source_slice,qpack_mcp,,3945,3945,0,3945,6.0664964227121665,-32.110870956510858,1,analytical_wave_v3_source_predicted_row_set_hash,d8f5438afbc5179bc99a96672022627411c6d6ead8597fcee6b9abbe383a36d7,published,,artifacts/benchmark_v3/real_qpu/archived_analytical_wave_v3_20260930/source_stratified_metrics.csv,32409f680425466023f8cc454eaedfd0dfebe99b4ee0a3d346a87a989c1f6c4f,Source slice of the analytical wave. Not a global winner. QPack rows are reconstruction_qualified. reconstruction_qualified=true.,raw_cross_clock_diagnostic,frozen_target_scheduled_critical_path_equivalent
C_source_stratified,qiskit_estimate_duration_snapshot_outer_train_affine_seconds,,,Qiskit estimate_duration scheduled-duration estimator (frozen snapshot),native,"Native QuantumCircuit.estimate_duration output is scheduled duration, not an observed-QPU-time oracle. Distinct from the historical method_id qiskit_estimate_duration. API/Target incompatibility is terminal unavailable.",mapped_fidelity_registry,archived_observed_service_execution_time,calibrated_observed_service_seconds,analytical_wave_v3_source_slice,mali_real_qpu,,340,340,0,340,3.3878089389724124,-2.9419069312169936,1,analytical_wave_v3_source_predicted_row_set_hash,3ad175f3b2cf88f52f9f0dedd404684fbff696b2d776f8d55538083dcdeac8e7,published,,artifacts/benchmark_v3/real_qpu/archived_analytical_wave_v3_20260930/source_stratified_metrics.csv,32409f680425466023f8cc454eaedfd0dfebe99b4ee0a3d346a87a989c1f6c4f,Source slice of the analytical wave. Not a global winner. reconstruction_qualified=false.,fold_safe_calibrated_diagnostic,
C_source_stratified,qiskit_estimate_duration_snapshot_outer_train_affine_seconds,,,Qiskit estimate_duration scheduled-duration estimator (frozen snapshot),native,"Native QuantumCircuit.estimate_duration output is scheduled duration, not an observed-QPU-time oracle. Distinct from the historical method_id qiskit_estimate_duration. API/Target incompatibility is terminal unavailable.",mapped_fidelity_registry,archived_observed_service_execution_time,calibrated_observed_service_seconds,analytical_wave_v3_source_slice,qonductor_single_circuit_ibm,,4482,4481,1,4481,2.3862288118053896,0.18100867887074101,0.99977688531905395,analytical_wave_v3_source_predicted_row_set_hash,a785df4abc98e96ad899bdf4f53837806715232d440bc620de74b88639c74655,published,,artifacts/benchmark_v3/real_qpu/archived_analytical_wave_v3_20260930/source_stratified_metrics.csv,32409f680425466023f8cc454eaedfd0dfebe99b4ee0a3d346a87a989c1f6c4f,Source slice of the analytical wave. Not a global winner. reconstruction_qualified=false.,fold_safe_calibrated_diagnostic,
C_source_stratified,qiskit_estimate_duration_snapshot_outer_train_affine_seconds,,,Qiskit estimate_duration scheduled-duration estimator (frozen snapshot),native,"Native QuantumCircuit.estimate_duration output is scheduled duration, not an observed-QPU-time oracle. Distinct from the historical method_id qiskit_estimate_duration. API/Target incompatibility is terminal unavailable.",mapped_fidelity_registry,archived_observed_service_execution_time,calibrated_observed_service_seconds,analytical_wave_v3_source_slice,qpack_mcp,,3945,3945,0,3945,1.2032558916427429,-0.59441504213051322,1,analytical_wave_v3_source_predicted_row_set_hash,d8f5438afbc5179bc99a96672022627411c6d6ead8597fcee6b9abbe383a36d7,published,,artifacts/benchmark_v3/real_qpu/archived_analytical_wave_v3_20260930/source_stratified_metrics.csv,32409f680425466023f8cc454eaedfd0dfebe99b4ee0a3d346a87a989c1f6c4f,Source slice of the analytical wave. Not a global winner. QPack rows are reconstruction_qualified. reconstruction_qualified=true.,fold_safe_calibrated_diagnostic,
C_source_stratified,qiskit_estimate_duration_snapshot_outer_train_log_affine_seconds,,,Qiskit estimate_duration scheduled-duration estimator (frozen snapshot),native,"Native QuantumCircuit.estimate_duration output is scheduled duration, not an observed-QPU-time oracle. Distinct from the historical method_id qiskit_estimate_duration. API/Target incompatibility is terminal unavailable.",mapped_fidelity_registry,archived_observed_service_execution_time,calibrated_observed_service_seconds,analytical_wave_v3_source_slice,mali_real_qpu,,340,340,0,340,1.1039409341673188,0.44610909236138807,1,analytical_wave_v3_source_predicted_row_set_hash,3ad175f3b2cf88f52f9f0dedd404684fbff696b2d776f8d55538083dcdeac8e7,published,,artifacts/benchmark_v3/real_qpu/archived_analytical_wave_v3_20260930/source_stratified_metrics.csv,32409f680425466023f8cc454eaedfd0dfebe99b4ee0a3d346a87a989c1f6c4f,Source slice of the analytical wave. Not a global winner. reconstruction_qualified=false.,fold_safe_calibrated_diagnostic,
C_source_stratified,qiskit_estimate_duration_snapshot_outer_train_log_affine_seconds,,,Qiskit estimate_duration scheduled-duration estimator (frozen snapshot),native,"Native QuantumCircuit.estimate_duration output is scheduled duration, not an observed-QPU-time oracle. Distinct from the historical method_id qiskit_estimate_duration. API/Target incompatibility is terminal unavailable.",mapped_fidelity_registry,archived_observed_service_execution_time,calibrated_observed_service_seconds,analytical_wave_v3_source_slice,qonductor_single_circuit_ibm,,4482,4481,1,4481,2.2592340821185952,0.39017793353399044,0.99977688531905395,analytical_wave_v3_source_predicted_row_set_hash,a785df4abc98e96ad899bdf4f53837806715232d440bc620de74b88639c74655,published,,artifacts/benchmark_v3/real_qpu/archived_analytical_wave_v3_20260930/source_stratified_metrics.csv,32409f680425466023f8cc454eaedfd0dfebe99b4ee0a3d346a87a989c1f6c4f,Source slice of the analytical wave. Not a global winner. reconstruction_qualified=false.,fold_safe_calibrated_diagnostic,
C_source_stratified,qiskit_estimate_duration_snapshot_outer_train_log_affine_seconds,,,Qiskit estimate_duration scheduled-duration estimator (frozen snapshot),native,"Native QuantumCircuit.estimate_duration output is scheduled duration, not an observed-QPU-time oracle. Distinct from the historical method_id qiskit_estimate_duration. API/Target incompatibility is terminal unavailable.",mapped_fidelity_registry,archived_observed_service_execution_time,calibrated_observed_service_seconds,analytical_wave_v3_source_slice,qpack_mcp,,3945,3945,0,3945,1.3689558116794642,-1.1652165170968862,1,analytical_wave_v3_source_predicted_row_set_hash,d8f5438afbc5179bc99a96672022627411c6d6ead8597fcee6b9abbe383a36d7,published,,artifacts/benchmark_v3/real_qpu/archived_analytical_wave_v3_20260930/source_stratified_metrics.csv,32409f680425466023f8cc454eaedfd0dfebe99b4ee0a3d346a87a989c1f6c4f,Source slice of the analytical wave. Not a global winner. QPack rows are reconstruction_qualified. reconstruction_qualified=true.,fold_safe_calibrated_diagnostic,
C_source_stratified,qiskit_shot_scaled_schedule_seconds,,,,,Not present in method_fidelity_registry_v1.json; label copied from the cited published artifact. Do not invent a fidelity class.,published_artifact_not_in_fidelity_registry,archived_observed_service_execution_time,shot_scaled_scheduled_seconds,analytical_wave_v3_source_slice,mali_real_qpu,,340,340,0,340,3.6005691771703336,-2.8741531667507676,1,analytical_wave_v3_source_predicted_row_set_hash,3ad175f3b2cf88f52f9f0dedd404684fbff696b2d776f8d55538083dcdeac8e7,published,,artifacts/benchmark_v3/real_qpu/archived_analytical_wave_v3_20260930/source_stratified_metrics.csv,32409f680425466023f8cc454eaedfd0dfebe99b4ee0a3d346a87a989c1f6c4f,Source slice of the analytical wave. Not a global winner. reconstruction_qualified=false.,raw_cross_clock_diagnostic,
C_source_stratified,qiskit_shot_scaled_schedule_seconds,,,,,Not present in method_fidelity_registry_v1.json; label copied from the cited published artifact. Do not invent a fidelity class.,published_artifact_not_in_fidelity_registry,archived_observed_service_execution_time,shot_scaled_scheduled_seconds,analytical_wave_v3_source_slice,qonductor_single_circuit_ibm,,4482,4481,1,4481,4.3113975194640251,-0.38245841776112788,0.99977688531905395,analytical_wave_v3_source_predicted_row_set_hash,a785df4abc98e96ad899bdf4f53837806715232d440bc620de74b88639c74655,published,,artifacts/benchmark_v3/real_qpu/archived_analytical_wave_v3_20260930/source_stratified_metrics.csv,32409f680425466023f8cc454eaedfd0dfebe99b4ee0a3d346a87a989c1f6c4f,Source slice of the analytical wave. Not a global winner. reconstruction_qualified=false.,raw_cross_clock_diagnostic,
C_source_stratified,qiskit_shot_scaled_schedule_seconds,,,,,Not present in method_fidelity_registry_v1.json; label copied from the cited published artifact. Do not invent a fidelity class.,published_artifact_not_in_fidelity_registry,archived_observed_service_execution_time,shot_scaled_scheduled_seconds,analytical_wave_v3_source_slice,qpack_mcp,,3945,3945,0,3945,5.9577508534143213,-30.916216809630189,1,analytical_wave_v3_source_predicted_row_set_hash,d8f5438afbc5179bc99a96672022627411c6d6ead8597fcee6b9abbe383a36d7,published,,artifacts/benchmark_v3/real_qpu/archived_analytical_wave_v3_20260930/source_stratified_metrics.csv,32409f680425466023f8cc454eaedfd0dfebe99b4ee0a3d346a87a989c1f6c4f,Source slice of the analytical wave. Not a global winner. QPack rows are reconstruction_qualified. reconstruction_qualified=true.,raw_cross_clock_diagnostic,
C_source_stratified,qiskit_shot_scaled_schedule_seconds_outer_train_affine_seconds,,,,,Not present in method_fidelity_registry_v1.json; label copied from the cited published artifact. Do not invent a fidelity class.,published_artifact_not_in_fidelity_registry,archived_observed_service_execution_time,calibrated_observed_service_seconds,analytical_wave_v3_source_slice,mali_real_qpu,,340,340,0,340,1.5311062001376992,0.11689234049267982,1,analytical_wave_v3_source_predicted_row_set_hash,3ad175f3b2cf88f52f9f0dedd404684fbff696b2d776f8d55538083dcdeac8e7,published,,artifacts/benchmark_v3/real_qpu/archived_analytical_wave_v3_20260930/source_stratified_metrics.csv,32409f680425466023f8cc454eaedfd0dfebe99b4ee0a3d346a87a989c1f6c4f,Source slice of the analytical wave. Not a global winner. reconstruction_qualified=false.,fold_safe_calibrated_diagnostic,
C_source_stratified,qiskit_shot_scaled_schedule_seconds_outer_train_affine_seconds,,,,,Not present in method_fidelity_registry_v1.json; label copied from the cited published artifact. Do not invent a fidelity class.,published_artifact_not_in_fidelity_registry,archived_observed_service_execution_time,calibrated_observed_service_seconds,analytical_wave_v3_source_slice,qonductor_single_circuit_ibm,,4482,4481,1,4481,1.9889790957500795,0.67717067118207663,0.99977688531905395,analytical_wave_v3_source_predicted_row_set_hash,a785df4abc98e96ad899bdf4f53837806715232d440bc620de74b88639c74655,published,,artifacts/benchmark_v3/real_qpu/archived_analytical_wave_v3_20260930/source_stratified_metrics.csv,32409f680425466023f8cc454eaedfd0dfebe99b4ee0a3d346a87a989c1f6c4f,Source slice of the analytical wave. Not a global winner. reconstruction_qualified=false.,fold_safe_calibrated_diagnostic,
C_source_stratified,qiskit_shot_scaled_schedule_seconds_outer_train_affine_seconds,,,,,Not present in method_fidelity_registry_v1.json; label copied from the cited published artifact. Do not invent a fidelity class.,published_artifact_not_in_fidelity_registry,archived_observed_service_execution_time,calibrated_observed_service_seconds,analytical_wave_v3_source_slice,qpack_mcp,,3945,3945,0,3945,1.2443466836276875,-0.74528960089743412,1,analytical_wave_v3_source_predicted_row_set_hash,d8f5438afbc5179bc99a96672022627411c6d6ead8597fcee6b9abbe383a36d7,published,,artifacts/benchmark_v3/real_qpu/archived_analytical_wave_v3_20260930/source_stratified_metrics.csv,32409f680425466023f8cc454eaedfd0dfebe99b4ee0a3d346a87a989c1f6c4f,Source slice of the analytical wave. Not a global winner. QPack rows are reconstruction_qualified. reconstruction_qualified=true.,fold_safe_calibrated_diagnostic,
C_source_stratified,qiskit_shot_scaled_schedule_seconds_outer_train_log_affine_seconds,,,,,Not present in method_fidelity_registry_v1.json; label copied from the cited published artifact. Do not invent a fidelity class.,published_artifact_not_in_fidelity_registry,archived_observed_service_execution_time,calibrated_observed_service_seconds,analytical_wave_v3_source_slice,mali_real_qpu,,340,340,0,340,2.1440611416703352,-0.54941923033508955,1,analytical_wave_v3_source_predicted_row_set_hash,3ad175f3b2cf88f52f9f0dedd404684fbff696b2d776f8d55538083dcdeac8e7,published,,artifacts/benchmark_v3/real_qpu/archived_analytical_wave_v3_20260930/source_stratified_metrics.csv,32409f680425466023f8cc454eaedfd0dfebe99b4ee0a3d346a87a989c1f6c4f,Source slice of the analytical wave. Not a global winner. reconstruction_qualified=false.,fold_safe_calibrated_diagnostic,
C_source_stratified,qiskit_shot_scaled_schedule_seconds_outer_train_log_affine_seconds,,,,,Not present in method_fidelity_registry_v1.json; label copied from the cited published artifact. Do not invent a fidelity class.,published_artifact_not_in_fidelity_registry,archived_observed_service_execution_time,calibrated_observed_service_seconds,analytical_wave_v3_source_slice,qonductor_single_circuit_ibm,,4482,4481,1,4481,1.8923048263340607,0.51924532377911237,0.99977688531905395,analytical_wave_v3_source_predicted_row_set_hash,a785df4abc98e96ad899bdf4f53837806715232d440bc620de74b88639c74655,published,,artifacts/benchmark_v3/real_qpu/archived_analytical_wave_v3_20260930/source_stratified_metrics.csv,32409f680425466023f8cc454eaedfd0dfebe99b4ee0a3d346a87a989c1f6c4f,Source slice of the analytical wave. Not a global winner. reconstruction_qualified=false.,fold_safe_calibrated_diagnostic,
C_source_stratified,qiskit_shot_scaled_schedule_seconds_outer_train_log_affine_seconds,,,,,Not present in method_fidelity_registry_v1.json; label copied from the cited published artifact. Do not invent a fidelity class.,published_artifact_not_in_fidelity_registry,archived_observed_service_execution_time,calibrated_observed_service_seconds,analytical_wave_v3_source_slice,qpack_mcp,,3945,3945,0,3945,1.4436781983668054,-1.3912577078100345,1,analytical_wave_v3_source_predicted_row_set_hash,d8f5438afbc5179bc99a96672022627411c6d6ead8597fcee6b9abbe383a36d7,published,,artifacts/benchmark_v3/real_qpu/archived_analytical_wave_v3_20260930/source_stratified_metrics.csv,32409f680425466023f8cc454eaedfd0dfebe99b4ee0a3d346a87a989c1f6c4f,Source slice of the analytical wave. Not a global winner. QPack rows are reconstruction_qualified. reconstruction_qualified=true.,fold_safe_calibrated_diagnostic,
C_source_stratified,scholten_nominal_single_circuit_adaptation,,,Scholten-style nominal single-circuit CLOPS_v-like adaptation,adaptation,Not Scholten original-style (no historical CLOPS_v plus paper D_eff). Never convert CLOPS_h to CLOPS_v; never fabricate CLOPS_v from T1/T2 or gate durations. Distinct from nominal_clops_v_sensitivity and from v4r2 incomplete id scholten_nominal_sensitivity.,mapped_fidelity_registry,archived_observed_service_execution_time,nominal_clops_v_like_seconds,analytical_wave_v3_source_slice,mali_real_qpu,,340,0,340,0,,,0,analytical_wave_v3_source_predicted_row_set_hash,,published,,artifacts/benchmark_v3/real_qpu/archived_analytical_wave_v3_20260930/source_stratified_metrics.csv,32409f680425466023f8cc454eaedfd0dfebe99b4ee0a3d346a87a989c1f6c4f,Source slice of the analytical wave. Not a global winner. reconstruction_qualified=false.,raw_cross_clock_diagnostic,
C_source_stratified,scholten_nominal_single_circuit_adaptation,,,Scholten-style nominal single-circuit CLOPS_v-like adaptation,adaptation,Not Scholten original-style (no historical CLOPS_v plus paper D_eff). Never convert CLOPS_h to CLOPS_v; never fabricate CLOPS_v from T1/T2 or gate durations. Distinct from nominal_clops_v_sensitivity and from v4r2 incomplete id scholten_nominal_sensitivity.,mapped_fidelity_registry,archived_observed_service_execution_time,nominal_clops_v_like_seconds,analytical_wave_v3_source_slice,qonductor_single_circuit_ibm,,4482,2833,1649,2833,1133.4346229858284,-1448093.0914462206,0.63208389112003571,analytical_wave_v3_source_predicted_row_set_hash,0d7173a98c746a1769695c0fede52aa7dcf756c406f80eedc0915b8f3a0a86a0,published,,artifacts/benchmark_v3/real_qpu/archived_analytical_wave_v3_20260930/source_stratified_metrics.csv,32409f680425466023f8cc454eaedfd0dfebe99b4ee0a3d346a87a989c1f6c4f,Source slice of the analytical wave. Not a global winner. reconstruction_qualified=false.,raw_cross_clock_diagnostic,
C_source_stratified,scholten_nominal_single_circuit_adaptation,,,Scholten-style nominal single-circuit CLOPS_v-like adaptation,adaptation,Not Scholten original-style (no historical CLOPS_v plus paper D_eff). Never convert CLOPS_h to CLOPS_v; never fabricate CLOPS_v from T1/T2 or gate durations. Distinct from nominal_clops_v_sensitivity and from v4r2 incomplete id scholten_nominal_sensitivity.,mapped_fidelity_registry,archived_observed_service_execution_time,nominal_clops_v_like_seconds,analytical_wave_v3_source_slice,qpack_mcp,,3945,2936,1009,2936,162.96193734427246,-57946.240453305072,0.74423320659062109,analytical_wave_v3_source_predicted_row_set_hash,c17156e71777dd7230fed65fcd70b6171d1adb2d89a1025a8c0d17e9444fd28c,published,,artifacts/benchmark_v3/real_qpu/archived_analytical_wave_v3_20260930/source_stratified_metrics.csv,32409f680425466023f8cc454eaedfd0dfebe99b4ee0a3d346a87a989c1f6c4f,Source slice of the analytical wave. Not a global winner. QPack rows are reconstruction_qualified. reconstruction_qualified=true.,raw_cross_clock_diagnostic,
C_source_stratified,scholten_nominal_single_circuit_adaptation_outer_train_affine_seconds,,,Scholten-style nominal single-circuit CLOPS_v-like adaptation,adaptation,Not Scholten original-style (no historical CLOPS_v plus paper D_eff). Never convert CLOPS_h to CLOPS_v; never fabricate CLOPS_v from T1/T2 or gate durations. Distinct from nominal_clops_v_sensitivity and from v4r2 incomplete id scholten_nominal_sensitivity.,mapped_fidelity_registry,archived_observed_service_execution_time,calibrated_observed_service_seconds,analytical_wave_v3_source_slice,mali_real_qpu,,340,0,340,0,,,0,analytical_wave_v3_source_predicted_row_set_hash,,published,,artifacts/benchmark_v3/real_qpu/archived_analytical_wave_v3_20260930/source_stratified_metrics.csv,32409f680425466023f8cc454eaedfd0dfebe99b4ee0a3d346a87a989c1f6c4f,Source slice of the analytical wave. Not a global winner. reconstruction_qualified=false.,fold_safe_calibrated_diagnostic,
C_source_stratified,scholten_nominal_single_circuit_adaptation_outer_train_affine_seconds,,,Scholten-style nominal single-circuit CLOPS_v-like adaptation,adaptation,Not Scholten original-style (no historical CLOPS_v plus paper D_eff). Never convert CLOPS_h to CLOPS_v; never fabricate CLOPS_v from T1/T2 or gate durations. Distinct from nominal_clops_v_sensitivity and from v4r2 incomplete id scholten_nominal_sensitivity.,mapped_fidelity_registry,archived_observed_service_execution_time,calibrated_observed_service_seconds,analytical_wave_v3_source_slice,qonductor_single_circuit_ibm,,4482,2833,1649,2833,1.9694427670358705,0.55139158463578453,0.63208389112003571,analytical_wave_v3_source_predicted_row_set_hash,0d7173a98c746a1769695c0fede52aa7dcf756c406f80eedc0915b8f3a0a86a0,published,,artifacts/benchmark_v3/real_qpu/archived_analytical_wave_v3_20260930/source_stratified_metrics.csv,32409f680425466023f8cc454eaedfd0dfebe99b4ee0a3d346a87a989c1f6c4f,Source slice of the analytical wave. Not a global winner. reconstruction_qualified=false.,fold_safe_calibrated_diagnostic,
C_source_stratified,scholten_nominal_single_circuit_adaptation_outer_train_affine_seconds,,,Scholten-style nominal single-circuit CLOPS_v-like adaptation,adaptation,Not Scholten original-style (no historical CLOPS_v plus paper D_eff). Never convert CLOPS_h to CLOPS_v; never fabricate CLOPS_v from T1/T2 or gate durations. Distinct from nominal_clops_v_sensitivity and from v4r2 incomplete id scholten_nominal_sensitivity.,mapped_fidelity_registry,archived_observed_service_execution_time,calibrated_observed_service_seconds,analytical_wave_v3_source_slice,qpack_mcp,,3945,2936,1009,2936,0.92932666172882583,-0.54826772117616818,0.74423320659062109,analytical_wave_v3_source_predicted_row_set_hash,c17156e71777dd7230fed65fcd70b6171d1adb2d89a1025a8c0d17e9444fd28c,published,,artifacts/benchmark_v3/real_qpu/archived_analytical_wave_v3_20260930/source_stratified_metrics.csv,32409f680425466023f8cc454eaedfd0dfebe99b4ee0a3d346a87a989c1f6c4f,Source slice of the analytical wave. Not a global winner. QPack rows are reconstruction_qualified. reconstruction_qualified=true.,fold_safe_calibrated_diagnostic,
C_source_stratified,scholten_nominal_single_circuit_adaptation_outer_train_log_affine_seconds,,,Scholten-style nominal single-circuit CLOPS_v-like adaptation,adaptation,Not Scholten original-style (no historical CLOPS_v plus paper D_eff). Never convert CLOPS_h to CLOPS_v; never fabricate CLOPS_v from T1/T2 or gate durations. Distinct from nominal_clops_v_sensitivity and from v4r2 incomplete id scholten_nominal_sensitivity.,mapped_fidelity_registry,archived_observed_service_execution_time,calibrated_observed_service_seconds,analytical_wave_v3_source_slice,mali_real_qpu,,340,0,340,0,,,0,analytical_wave_v3_source_predicted_row_set_hash,,published,,artifacts/benchmark_v3/real_qpu/archived_analytical_wave_v3_20260930/source_stratified_metrics.csv,32409f680425466023f8cc454eaedfd0dfebe99b4ee0a3d346a87a989c1f6c4f,Source slice of the analytical wave. Not a global winner. reconstruction_qualified=false.,fold_safe_calibrated_diagnostic,
C_source_stratified,scholten_nominal_single_circuit_adaptation_outer_train_log_affine_seconds,,,Scholten-style nominal single-circuit CLOPS_v-like adaptation,adaptation,Not Scholten original-style (no historical CLOPS_v plus paper D_eff). Never convert CLOPS_h to CLOPS_v; never fabricate CLOPS_v from T1/T2 or gate durations. Distinct from nominal_clops_v_sensitivity and from v4r2 incomplete id scholten_nominal_sensitivity.,mapped_fidelity_registry,archived_observed_service_execution_time,calibrated_observed_service_seconds,analytical_wave_v3_source_slice,qonductor_single_circuit_ibm,,4482,2833,1649,2833,1.823024777831237,0.49225521993612187,0.63208389112003571,analytical_wave_v3_source_predicted_row_set_hash,0d7173a98c746a1769695c0fede52aa7dcf756c406f80eedc0915b8f3a0a86a0,published,,artifacts/benchmark_v3/real_qpu/archived_analytical_wave_v3_20260930/source_stratified_metrics.csv,32409f680425466023f8cc454eaedfd0dfebe99b4ee0a3d346a87a989c1f6c4f,Source slice of the analytical wave. Not a global winner. reconstruction_qualified=false.,fold_safe_calibrated_diagnostic,
C_source_stratified,scholten_nominal_single_circuit_adaptation_outer_train_log_affine_seconds,,,Scholten-style nominal single-circuit CLOPS_v-like adaptation,adaptation,Not Scholten original-style (no historical CLOPS_v plus paper D_eff). Never convert CLOPS_h to CLOPS_v; never fabricate CLOPS_v from T1/T2 or gate durations. Distinct from nominal_clops_v_sensitivity and from v4r2 incomplete id scholten_nominal_sensitivity.,mapped_fidelity_registry,archived_observed_service_execution_time,calibrated_observed_service_seconds,analytical_wave_v3_source_slice,qpack_mcp,,3945,2936,1009,2936,0.98158286768571412,-0.94764950272005466,0.74423320659062109,analytical_wave_v3_source_predicted_row_set_hash,c17156e71777dd7230fed65fcd70b6171d1adb2d89a1025a8c0d17e9444fd28c,published,,artifacts/benchmark_v3/real_qpu/archived_analytical_wave_v3_20260930/source_stratified_metrics.csv,32409f680425466023f8cc454eaedfd0dfebe99b4ee0a3d346a87a989c1f6c4f,Source slice of the analytical wave. Not a global winner. QPack rows are reconstruction_qualified. reconstruction_qualified=true.,fold_safe_calibrated_diagnostic,
